policy,arm,seed,t,n,hit_rate,ttft_p50,ttft_p99,newcomer_share,newcomer_hit,t_add,turnover
longest_prefix,none,0,0.0849914879961137,33,0.38857142857142857,0.6875242901541498,1.396282005262449,0.0,nan,296.28939501833446,11.109821616846135
longest_prefix,none,0,5.084991487996113,37,0.7305009511731135,0.24800000000000022,1.4728712473957772,0.0,nan,296.28939501833446,11.109821616846135
longest_prefix,none,0,10.084991487996113,33,0.6549707602339181,0.2560600933959183,0.7862231875310475,0.0,nan,296.28939501833446,11.109821616846135
longest_prefix,none,0,15.084991487996113,36,0.7325049051667757,0.20445256644016396,0.7282025543599578,0.0,nan,296.28939501833446,11.109821616846135
longest_prefix,none,0,20.084991487996113,53,0.7443642921550947,0.21621034605746914,1.1722566915033328,0.0,nan,296.28939501833446,11.109821616846135
longest_prefix,none,0,25.084991487996113,49,0.7117701575532901,0.29971482817783723,0.7272694359578494,0.0,nan,296.28939501833446,11.109821616846135
longest_prefix,none,0,30.084991487996113,44,0.6776246023329798,0.27166505672283314,0.9882191236122987,0.0,nan,296.28939501833446,11.109821616846135
longest_prefix,none,0,35.08499148799611,38,0.7257566399011736,0.2646656738695796,0.7002651314582616,0.0,nan,296.28939501833446,11.109821616846135
longest_prefix,none,0,40.08499148799611,41,0.6825859056493885,0.22135521104456046,0.8546006027714272,0.0,nan,296.28939501833446,11.109821616846135
longest_prefix,none,0,45.08499148799611,34,0.7118294360385145,0.2552236083765216,0.8174734396246244,0.0,nan,296.28939501833446,11.109821616846135
longest_prefix,none,0,50.08499148799611,50,0.7197750702905342,0.42327747629997603,0.9944619890396795,0.0,nan,296.28939501833446,11.109821616846135
longest_prefix,none,0,55.08499148799611,44,0.6539735099337748,0.27764592589923254,1.3010358571251905,0.0,nan,296.28939501833446,11.109821616846135
longest_prefix,none,0,60.08499148799611,50,0.7262411347517731,0.25743396733339097,1.0011475085042827,0.0,nan,296.28939501833446,11.109821616846135
longest_prefix,none,0,65.08499148799612,33,0.7199710564399421,0.23587472432379286,1.5512883286190355,0.0,nan,296.28939501833446,11.109821616846135
longest_prefix,none,0,70.08499148799612,45,0.732521186440678,0.2410990853047963,0.8883919620325398,0.0,nan,296.28939501833446,11.109821616846135
longest_prefix,none,0,75.08499148799612,38,0.7769968051118211,0.17851958766600262,0.47702696562828256,0.0,nan,296.28939501833446,11.109821616846135
longest_prefix,none,0,80.08499148799612,46,0.7023991832567636,0.359767397658338,1.2115242211895083,0.0,nan,296.28939501833446,11.109821616846135
longest_prefix,none,0,85.08499148799612,36,0.7257745550428477,0.24115700000223939,0.6465430170905093,0.0,nan,296.28939501833446,11.109821616846135
longest_prefix,none,0,90.08499148799612,35,0.7299122214719784,0.27816091433805923,0.7276623520196405,0.0,nan,296.28939501833446,11.109821616846135
longest_prefix,none,0,95.08499148799612,36,0.7287340924313462,0.1963573951553954,0.5897746086009362,0.0,nan,296.28939501833446,11.109821616846135
longest_prefix,none,0,100.08499148799612,43,0.7201309328968903,0.26686975576258476,1.251844092420688,0.0,nan,296.28939501833446,11.109821616846135
longest_prefix,none,0,105.08499148799612,38,0.7190721649484536,0.22986373496680557,0.6462400000000009,0.0,nan,296.28939501833446,11.109821616846135
longest_prefix,none,0,110.08499148799612,31,0.7743950039032006,0.17986008093849648,0.31063686186797385,0.0,nan,296.28939501833446,11.109821616846135
longest_prefix,none,0,115.08499148799612,41,0.6847888953152111,0.2966985933786077,0.9607946589518321,0.0,nan,296.28939501833446,11.109821616846135
longest_prefix,none,0,120.08499148799612,43,0.735632183908046,0.24330503611483323,0.6468849206026256,0.0,nan,296.28939501833446,11.109821616846135
longest_prefix,none,0,125.08499148799612,39,0.74282223579719,0.23581300689569673,0.741731544270639,0.0,nan,296.28939501833446,11.109821616846135
longest_prefix,none,0,130.08499148799612,42,0.7253121452894438,0.25861855210897033,0.9362661034022847,0.0,nan,296.28939501833446,11.109821616846135
longest_prefix,none,0,135.08499148799612,38,0.7267515923566878,0.2407534459997862,0.7716614496724121,0.0,nan,296.28939501833446,11.109821616846135
longest_prefix,none,0,140.08499148799612,33,0.7625468164794007,0.16800000000000637,0.5316953293821438,0.0,nan,296.28939501833446,11.109821616846135
longest_prefix,none,0,145.08499148799612,40,0.750733137829912,0.21797436521092095,0.5704186176015079,0.0,nan,296.28939501833446,11.109821616846135
longest_prefix,none,0,150.08499148799612,33,0.7324749642346209,0.2726789431203258,1.0578661536548144,0.0,nan,296.28939501833446,11.109821616846135
longest_prefix,none,0,155.08499148799612,47,0.7506374298827129,0.20401046105919818,0.7396624043831365,0.0,nan,296.28939501833446,11.109821616846135
longest_prefix,none,0,160.08499148799612,36,0.7101827676240209,0.2420762392655007,0.682182413003619,0.0,nan,296.28939501833446,11.109821616846135
longest_prefix,none,0,165.08499148799612,35,0.7243675099866844,0.23157547662250977,0.5650837593004455,0.0,nan,296.28939501833446,11.109821616846135
longest_prefix,none,0,170.08499148799612,34,0.6917760884588804,0.24225092265277226,0.8884122075031397,0.0,nan,296.28939501833446,11.109821616846135
longest_prefix,none,0,175.08499148799612,34,0.6748802190280629,0.25910571023959506,0.8070488636851184,0.0,nan,296.28939501833446,11.109821616846135
longest_prefix,none,0,180.08499148799612,50,0.7358047864852182,0.2680815286894642,0.854111287888403,0.0,nan,296.28939501833446,11.109821616846135
longest_prefix,none,0,185.08499148799612,31,0.7293934681181959,0.20625407795319006,0.8552881570180431,0.0,nan,296.28939501833446,11.109821616846135
longest_prefix,none,0,190.08499148799612,39,0.7294541091781643,0.25275108575431204,0.810281348852925,0.0,nan,296.28939501833446,11.109821616846135
longest_prefix,none,0,195.08499148799612,44,0.6711301553294055,0.42836452386185897,1.8164919283966434,0.0,nan,296.28939501833446,11.109821616846135
longest_prefix,none,0,200.08499148799612,47,0.72544080604534,0.26400000000001,0.9201643331472159,0.0,nan,296.28939501833446,11.109821616846135
longest_prefix,none,0,205.08499148799612,37,0.7386290839205637,0.22975103081299153,0.7169813191099843,0.0,nan,296.28939501833446,11.109821616846135
longest_prefix,none,0,210.08499148799612,48,0.7229862475442044,0.22413457969990702,1.6071350851424047,0.0,nan,296.28939501833446,11.109821616846135
longest_prefix,none,0,215.08499148799612,39,0.7174969623329283,0.2259267013654096,0.7643589402158727,0.0,nan,296.28939501833446,11.109821616846135
longest_prefix,none,0,220.08499148799612,41,0.7323943661971831,0.23224320504004936,0.7437721556898453,0.0,nan,296.28939501833446,11.109821616846135
longest_prefix,none,0,225.08499148799612,53,0.7529411764705882,0.24171304160842055,2.277812898685143,0.0,nan,296.28939501833446,11.109821616846135
longest_prefix,none,0,230.08499148799612,55,0.6796240922682615,0.5434241215999123,1.5667176072926225,0.0,nan,296.28939501833446,11.109821616846135
longest_prefix,none,0,235.08499148799612,48,0.7360774818401937,0.4087325268189801,1.3520580419133634,0.0,nan,296.28939501833446,11.109821616846135
longest_prefix,none,0,240.08499148799612,34,0.7057201929703653,0.23464480777650465,0.7230399999999928,0.0,nan,296.28939501833446,11.109821616846135
longest_prefix,none,0,245.08499148799612,45,0.76,0.2091089632766625,0.5568332220726169,0.0,nan,296.28939501833446,11.109821616846135
longest_prefix,none,0,250.08499148799612,42,0.7400881057268722,0.23981407475616834,0.5229926614465081,0.0,nan,296.28939501833446,11.109821616846135
longest_prefix,none,0,255.08499148799612,45,0.7044025157232704,0.45416380763307984,2.1824185822713047,0.0,nan,296.28939501833446,11.109821616846135
longest_prefix,none,0,260.08499148799615,56,0.7186036611323967,0.44732384285893545,1.2040732302899473,0.0,nan,296.28939501833446,11.109821616846135
longest_prefix,none,0,265.08499148799615,32,0.7342709104367136,0.2303929323731495,0.6297476944175009,0.0,nan,296.28939501833446,11.109821616846135
longest_prefix,none,0,270.08499148799615,43,0.743078626799557,0.23328668426688637,0.723159126577724,0.0,nan,296.28939501833446,11.109821616846135
longest_prefix,none,0,275.08499148799615,49,0.7298601061263869,0.27592019590662176,0.8719978867598928,0.0,nan,296.28939501833446,11.109821616846135
longest_prefix,none,0,280.08499148799615,38,0.693407960199005,0.21864040261189643,0.7107632989424738,0.0,nan,296.28939501833446,11.109821616846135
longest_prefix,none,0,285.08499148799615,47,0.7501293326435592,0.23200000000002774,0.6969725613809249,0.0,nan,296.28939501833446,11.109821616846135
longest_prefix,none,0,290.08499148799615,35,0.7266576454668471,0.23600368385382353,0.7056136868611195,0.0,nan,296.28939501833446,11.109821616846135
longest_prefix,none,0,295.08499148799615,41,0.7544565842438183,0.2254528360440986,0.6326993403154575,0.0,nan,296.28939501833446,11.109821616846135
longest_prefix,none,0,300.08499148799615,36,0.6936758893280632,0.2687833914262967,0.810537007444185,0.0,nan,296.28939501833446,11.109821616846135
longest_prefix,none,0,305.08499148799615,39,0.6893382352941176,0.24799999999999045,1.3130276929251719,0.0,nan,296.28939501833446,11.109821616846135
longest_prefix,none,0,310.08499148799615,43,0.7380560131795717,0.19999999999998863,0.6051371639200359,0.0,nan,296.28939501833446,11.109821616846135
longest_prefix,none,0,315.08499148799615,34,0.7564469914040115,0.18400000000002592,0.8053708355080337,0.0,nan,296.28939501833446,11.109821616846135
longest_prefix,none,0,320.08499148799615,43,0.7321428571428571,0.20522872806395753,0.9736749555327923,0.0,nan,296.28939501833446,11.109821616846135
longest_prefix,none,0,325.08499148799615,54,0.7462087421944692,0.30538718626706896,0.9127855092810142,0.0,nan,296.28939501833446,11.109821616846135
longest_prefix,none,0,330.08499148799615,33,0.735632183908046,0.22618795484959264,0.7612458415709806,0.0,nan,296.28939501833446,11.109821616846135
longest_prefix,none,0,335.08499148799615,40,0.6916167664670658,0.2710265299496939,0.8501646664912413,0.0,nan,296.28939501833446,11.109821616846135
longest_prefix,none,0,340.08499148799615,44,0.7321331151118385,0.27163248431807574,1.3763296806267722,0.0,nan,296.28939501833446,11.109821616846135
longest_prefix,none,0,345.08499148799615,36,0.7087947882736156,0.24054571441519101,0.7119999999999891,0.0,nan,296.28939501833446,11.109821616846135
longest_prefix,none,0,350.08499148799615,47,0.7335710646968925,0.23200000000002774,1.0832233055223868,0.0,nan,296.28939501833446,11.109821616846135
longest_prefix,none,0,355.08499148799615,40,0.7256425582785415,0.2518113828726882,0.6577600000000018,0.0,nan,296.28939501833446,11.109821616846135
longest_prefix,none,0,360.08499148799615,33,0.7620087336244541,0.2060728105744829,0.3363898974731069,0.0,nan,296.28939501833446,11.109821616846135
longest_prefix,none,0,365.08499148799615,29,0.7542087542087542,0.16800000000000637,0.5407950458318235,0.0,nan,296.28939501833446,11.109821616846135
longest_prefix,none,0,370.08499148799615,41,0.6306884480746792,0.4493225159979488,2.253854811799954,0.0,nan,296.28939501833446,11.109821616846135
longest_prefix,none,0,375.08499148799615,43,0.6747191011235955,0.6407327070917859,1.748718668961269,0.0,nan,296.28939501833446,11.109821616846135
longest_prefix,none,0,380.08499148799615,42,0.6448753462603878,0.5231169834296736,1.9971175928881781,0.0,nan,296.28939501833446,11.109821616846135
longest_prefix,none,0,385.08499148799615,35,0.6391541609822646,0.7070070680849767,1.967692478695171,0.0,nan,296.28939501833446,11.109821616846135
longest_prefix,none,0,390.08499148799615,57,0.6927584763499373,0.726280107439095,2.1390029235725456,0.0,nan,296.28939501833446,11.109821616846135
longest_prefix,none,0,395.08499148799615,39,0.7158948685857321,0.3939916110490458,2.178140960240628,0.0,nan,296.28939501833446,11.109821616846135
longest_prefix,none,0,400.08499148799615,29,0.6885113268608414,0.2394491599502544,0.6588765281589849,0.0,nan,296.28939501833446,11.109821616846135
longest_prefix,none,0,405.08499148799615,39,0.6754926108374384,0.27548958092097564,1.1434217238147208,0.0,nan,296.28939501833446,11.109821616846135
longest_prefix,none,0,410.08499148799615,35,0.6143923964697895,0.48024355476945857,1.1881337711808009,0.0,nan,296.28939501833446,11.109821616846135
longest_prefix,none,0,415.08499148799615,38,0.7515923566878981,0.2216905703444354,1.0639552523029674,0.0,nan,296.28939501833446,11.109821616846135
longest_prefix,none,0,420.08499148799615,36,0.6695768972464742,0.3377626212436553,1.7914316641298398,0.0,nan,296.28939501833446,11.109821616846135
longest_prefix,none,0,425.08499148799615,44,0.678030303030303,0.2635337084561229,1.4158967812159364,0.0,nan,296.28939501833446,11.109821616846135
longest_prefix,none,0,430.08499148799615,37,0.6627831715210356,0.3288257153434415,1.8372771518020705,0.0,nan,296.28939501833446,11.109821616846135
longest_prefix,none,0,435.08499148799615,44,0.685337726523888,0.39525338513118413,1.705611436372301,0.0,nan,296.28939501833446,11.109821616846135
longest_prefix,none,0,440.08499148799615,52,0.6479963570127505,0.9817773183560519,1.9456135694602303,0.0,nan,296.28939501833446,11.109821616846135
longest_prefix,none,0,445.08499148799615,37,0.7195502810743285,1.1211217490121044,2.7069533104465267,0.0,nan,296.28939501833446,11.109821616846135
longest_prefix,none,0,450.08499148799615,37,0.6782273603082851,0.8957439412779991,1.8412567814589536,0.0,nan,296.28939501833446,11.109821616846135
longest_prefix,none,0,455.08499148799615,42,0.6711711711711712,0.7184945424822899,1.5713451644434475,0.0,nan,296.28939501833446,11.109821616846135
longest_prefix,none,0,460.08499148799615,47,0.6490335707019329,0.8310883644173828,1.9968021604068575,0.0,nan,296.28939501833446,11.109821616846135
longest_prefix,none,0,465.08499148799615,38,0.729866835764109,0.3593599890641883,1.7535372819667625,0.0,nan,296.28939501833446,11.109821616846135
longest_prefix,none,0,470.08499148799615,42,0.6992609437180216,0.6823603852091367,1.470052123146966,0.0,nan,296.28939501833446,11.109821616846135
longest_prefix,none,0,475.08499148799615,46,0.5956144824069353,0.8752005067811979,2.4863967110643097,0.0,nan,296.28939501833446,11.109821616846135
longest_prefix,none,0,480.08499148799615,46,0.6714135021097046,0.7916207943250129,2.0770404329723355,0.0,nan,296.28939501833446,11.109821616846135
longest_prefix,none,0,485.08499148799615,39,0.7247014456316782,0.4182872918793237,2.0805670256077358,0.0,nan,296.28939501833446,11.109821616846135
longest_prefix,none,0,490.08499148799615,29,0.6797385620915033,0.22685143817147946,0.7507908464796013,0.0,nan,296.28939501833446,11.109821616846135
longest_prefix,none,0,495.08499148799615,35,0.6900826446280992,0.2808898741450321,0.8568502237174647,0.0,nan,296.28939501833446,11.109821616846135
longest_prefix,none,0,500.08499148799615,33,0.7389732465654375,0.250620773850585,0.6399077395799782,0.0,nan,296.28939501833446,11.109821616846135
longest_prefix,none,0,505.08499148799615,38,0.6257668711656442,0.5311409506964822,1.5180423849947065,0.0,nan,296.28939501833446,11.109821616846135
longest_prefix,none,0,510.08499148799615,38,0.6425505824647455,0.5164673529147308,1.439047684948955,0.0,nan,296.28939501833446,11.109821616846135
longest_prefix,none,0,515.0849914879961,49,0.6725621414913958,0.8021199785814588,2.592368851146011,0.0,nan,296.28939501833446,11.109821616846135
longest_prefix,none,0,520.0849914879961,48,0.694471865745311,0.9353191597971318,2.2766294419769646,0.0,nan,296.28939501833446,11.109821616846135
longest_prefix,none,0,525.0849914879961,42,0.6445714285714286,0.35823904088096015,3.0462530553648546,0.0,nan,296.28939501833446,11.109821616846135
longest_prefix,none,0,530.0849914879961,47,0.6504854368932039,1.4517887893398438,3.745792920797298,0.0,nan,296.28939501833446,11.109821616846135
longest_prefix,none,0,535.0849914879961,46,0.6804014791336503,1.28096618994158,4.207157478962188,0.0,nan,296.28939501833446,11.109821616846135
longest_prefix,none,0,540.0849914879961,29,0.6544546211490425,0.7779569217624385,1.1829499960676275,0.0,nan,296.28939501833446,11.109821616846135
longest_prefix,none,0,545.0849914879961,45,0.7067433350757972,0.29897098333640315,1.035958139500349,0.0,nan,296.28939501833446,11.109821616846135
longest_prefix,none,0,550.0849914879961,45,0.630457933972311,0.848790013606731,3.0144896267486914,0.0,nan,296.28939501833446,11.109821616846135
longest_prefix,none,0,555.0849914879961,34,0.7051820728291317,0.9146409810923615,2.880512897313718,0.0,nan,296.28939501833446,11.109821616846135
longest_prefix,none,0,560.0849914879961,37,0.6552393272962483,0.6140695684501907,1.1985506906879255,0.0,nan,296.28939501833446,11.109821616846135
longest_prefix,none,0,565.0849914879961,38,0.6687154271665642,0.3007868063595538,1.0332993731835376,0.0,nan,296.28939501833446,11.109821616846135
longest_prefix,none,0,570.0849914879961,26,0.6789667896678967,0.26400000000001,0.8647245034283344,0.0,nan,296.28939501833446,11.109821616846135
longest_prefix,none,0,575.0849914879961,40,0.7128358208955224,0.36665251446538605,1.1702966239716444,0.0,nan,296.28939501833446,11.109821616846135
longest_prefix,none,0,580.0849914879961,39,0.6889952153110048,0.2575543966102032,0.8040510779482929,0.0,nan,296.28939501833446,11.109821616846135
longest_prefix,none,0,585.0849914879961,47,0.661907190209077,0.8590628875134598,2.743024404410496,0.0,nan,296.28939501833446,11.109821616846135
longest_prefix,none,0,590.0849914879961,36,0.6474576271186441,0.42351884755925084,1.856745056434084,0.0,nan,296.28939501833446,11.109821616846135
longest_prefix,none,0,595.0849914879961,34,0.705,0.26045206549974864,0.9834627183384761,0.0,nan,296.28939501833446,11.109821616846135
longest_prefix,none,0,600.0849914879961,39,0.7245841035120147,0.2824395823756731,0.9607674485575479,0.0,nan,296.28939501833446,11.109821616846135
longest_prefix,none,0,605.0849914879961,37,0.6228239845261122,0.5695911171884518,2.713261604576924,0.0,nan,296.28939501833446,11.109821616846135
longest_prefix,none,0,610.0849914879961,40,0.6650887573964497,0.7869416937836604,1.7767417010249278,0.0,nan,296.28939501833446,11.109821616846135
longest_prefix,none,0,615.0849914879961,44,0.6343201754385965,1.143809455828034,1.9852260844821785,0.0,nan,296.28939501833446,11.109821616846135
longest_prefix,none,0,620.0849914879961,47,0.6921498204207286,0.951210206936139,2.106560596451045,0.0,nan,296.28939501833446,11.109821616846135
longest_prefix,none,0,625.0849914879961,44,0.6780407264722069,0.779430330656453,2.145459399394,0.0,nan,296.28939501833446,11.109821616846135
longest_prefix,none,0,630.0849914879961,46,0.7426160337552743,0.48496922752275395,1.3099168902262186,0.0,nan,296.28939501833446,11.109821616846135
longest_prefix,none,0,635.0849914879961,38,0.6675094816687737,0.5844952309096243,1.4383056304137598,0.0,nan,296.28939501833446,11.109821616846135
longest_prefix,none,0,640.0849914879961,42,0.6858432036097011,0.3513116150739961,1.5242675554711036,0.0,nan,296.28939501833446,11.109821616846135
longest_prefix,none,0,645.0849914879961,48,0.680177953534355,0.37227898338647947,2.7609320401250264,0.0,nan,296.28939501833446,11.109821616846135
longest_prefix,none,0,650.0849914879961,33,0.6719768283852281,0.4970876658121597,2.391181290072336,0.0,nan,296.28939501833446,11.109821616846135
longest_prefix,none,0,655.0849914879961,41,0.7048808172531215,0.35572819517324206,1.69797959053044,0.0,nan,296.28939501833446,11.109821616846135
longest_prefix,none,0,660.0849914879961,33,0.6470588235294118,0.4655526107262631,1.5990932689879627,0.0,nan,296.28939501833446,11.109821616846135
longest_prefix,none,0,665.0849914879961,39,0.6491442542787286,0.5426319002541504,1.2365323449644983,0.0,nan,296.28939501833446,11.109821616846135
longest_prefix,none,0,670.0849914879961,31,0.7050359712230215,0.5314332048445749,0.8885665851700765,0.0,nan,296.28939501833446,11.109821616846135
longest_prefix,none,0,675.0849914879961,34,0.7081604426002767,0.31137968927811244,0.7552656927804867,0.0,nan,296.28939501833446,11.109821616846135
longest_prefix,none,0,680.0849914879961,43,0.6992773763201778,0.2896166005635905,1.8885608488541423,0.0,nan,296.28939501833446,11.109821616846135
longest_prefix,none,0,685.0849914879961,44,0.6826976229961305,0.9151963743797751,1.847475436464672,0.0,nan,296.28939501833446,11.109821616846135
longest_prefix,none,0,690.0849914879961,45,0.7079502433747972,1.1106059605006067,2.5253221282544387,0.0,nan,296.28939501833446,11.109821616846135
longest_prefix,none,0,695.0849914879961,48,0.6658452439625431,1.0456194915298056,2.0931396598293364,0.0,nan,296.28939501833446,11.109821616846135
longest_prefix,none,0,700.0849914879961,43,0.6937187326292384,0.44906287069068185,1.9969787859679144,0.0,nan,296.28939501833446,11.109821616846135
longest_prefix,none,0,705.0849914879961,46,0.7181913774973712,0.3587797766796257,0.9740327339810446,0.0,nan,296.28939501833446,11.109821616846135
longest_prefix,none,0,710.0849914879961,42,0.6812570145903479,0.2725945981668474,1.025718571915223,0.0,nan,296.28939501833446,11.109821616846135
longest_prefix,none,0,715.0849914879961,37,0.6412903225806451,0.41832702014255574,1.5284832662108512,0.0,nan,296.28939501833446,11.109821616846135
longest_prefix,none,0,720.0849914879961,46,0.7311370882040382,0.2395725831235609,1.346136313351848,0.0,nan,296.28939501833446,11.109821616846135
longest_prefix,none,0,725.0849914879961,33,0.7079646017699115,0.19581756913294157,0.9415315095568485,0.0,nan,296.28939501833446,11.109821616846135
longest_prefix,none,0,730.0849914879961,47,0.6709248850281042,0.39183513710645457,1.1964407909874557,0.0,nan,296.28939501833446,11.109821616846135
longest_prefix,none,0,735.0849914879961,37,0.6867007672634271,0.5201824510368169,2.0006216807644934,0.0,nan,296.28939501833446,11.109821616846135
longest_prefix,none,0,740.0849914879961,5,0.7960199004975125,0.17464714334448672,0.446510739986079,0.0,nan,296.28939501833446,11.109821616846135
longest_prefix,none,1,0.13412862829656735,33,0.43867243867243866,0.744,1.7661667010736755,0.0,nan,301.3564596279388,11.109821616846135
longest_prefix,none,1,5.134128628296567,37,0.7551020408163265,0.1851300823733908,0.670536666967964,0.0,nan,301.3564596279388,11.109821616846135
longest_prefix,none,1,10.134128628296567,46,0.7341902313624679,0.23199246551314,0.9019176902842613,0.0,nan,301.3564596279388,11.109821616846135
longest_prefix,none,1,15.134128628296567,40,0.7468581687612208,0.2351198538081487,0.691282221633685,0.0,nan,301.3564596279388,11.109821616846135
longest_prefix,none,1,20.134128628296565,42,0.6811512415349887,0.22747737957825365,0.8993238053264617,0.0,nan,301.3564596279388,11.109821616846135
longest_prefix,none,1,25.134128628296565,31,0.7067783701447068,0.20974391550634053,0.6896000000000014,0.0,nan,301.3564596279388,11.109821616846135
longest_prefix,none,1,30.134128628296565,32,0.7048458149779736,0.21105525987197282,0.7363200000000035,0.0,nan,301.3564596279388,11.109821616846135
longest_prefix,none,1,35.134128628296565,38,0.7345679012345679,0.2575408249988804,0.6173059539212524,0.0,nan,301.3564596279388,11.109821616846135
longest_prefix,none,1,40.134128628296565,25,0.689784442361762,0.1952114631638011,0.7561599999999984,0.0,nan,301.3564596279388,11.109821616846135
longest_prefix,none,1,45.134128628296565,28,0.7386934673366834,0.22286892666157598,0.4458835418949968,0.0,nan,301.3564596279388,11.109821616846135
longest_prefix,none,1,50.134128628296565,39,0.7454100367197063,0.239027322704068,1.1052017973890964,0.0,nan,301.3564596279388,11.109821616846135
longest_prefix,none,1,55.134128628296565,39,0.7180109157064888,0.24011510408722359,1.0658162292418014,0.0,nan,301.3564596279388,11.109821616846135
longest_prefix,none,1,60.134128628296565,45,0.7425796006475985,0.1891065157877847,0.6627199999999996,0.0,nan,301.3564596279388,11.109821616846135
longest_prefix,none,1,65.13412862829657,40,0.6981689308919079,0.24237307781555018,0.882864784956668,0.0,nan,301.3564596279388,11.109821616846135
longest_prefix,none,1,70.13412862829657,37,0.7373417721518988,0.25602105938095576,0.7664593208111177,0.0,nan,301.3564596279388,11.109821616846135
longest_prefix,none,1,75.13412862829657,49,0.7174435367611726,0.28240934301739173,1.184828123328519,0.0,nan,301.3564596279388,11.109821616846135
longest_prefix,none,1,80.13412862829657,51,0.7209302325581395,0.31088245328660946,0.8490473646764087,0.0,nan,301.3564596279388,11.109821616846135
longest_prefix,none,1,85.13412862829657,38,0.7281921618204804,0.22227461113257618,0.8385731242307404,0.0,nan,301.3564596279388,11.109821616846135
longest_prefix,none,1,90.13412862829657,41,0.7336476134354744,0.23710340500414873,0.866375021618123,0.0,nan,301.3564596279388,11.109821616846135
longest_prefix,none,1,95.13412862829657,44,0.75,0.2538094637701178,0.6714468197379999,0.0,nan,301.3564596279388,11.109821616846135
longest_prefix,none,1,100.13412862829657,39,0.7520098948670377,0.2907118648606115,0.8297862915844045,0.0,nan,301.3564596279388,11.109821616846135
longest_prefix,none,1,105.13412862829657,35,0.7167325428194994,0.23966805519567913,0.7470998921999888,0.0,nan,301.3564596279388,11.109821616846135
longest_prefix,none,1,110.13412862829657,28,0.7260504201680672,0.22399999999999665,0.5681076547987701,0.0,nan,301.3564596279388,11.109821616846135
longest_prefix,none,1,115.13412862829657,40,0.7077997671711292,0.23941690723632547,0.753760000000003,0.0,nan,301.3564596279388,11.109821616846135
longest_prefix,none,1,120.13412862829657,47,0.7016828148903621,0.5579116449596313,1.1654979192965784,0.0,nan,301.3564596279388,11.109821616846135
longest_prefix,none,1,125.13412862829657,52,0.7241693218024579,0.48521733769881337,1.6599243817962648,0.0,nan,301.3564596279388,11.109821616846135
longest_prefix,none,1,130.13412862829657,39,0.7162734422262553,0.29293524004054916,1.2282505107541715,0.0,nan,301.3564596279388,11.109821616846135
longest_prefix,none,1,135.13412862829657,40,0.7158956109134045,0.23193671308740704,0.7900978711502151,0.0,nan,301.3564596279388,11.109821616846135
longest_prefix,none,1,140.13412862829657,43,0.6855870895937674,0.2694047032684068,1.278885466897251,0.0,nan,301.3564596279388,11.109821616846135
longest_prefix,none,1,145.13412862829657,39,0.7451573849878934,0.22947269863186648,0.5843213041472698,0.0,nan,301.3564596279388,11.109821616846135
longest_prefix,none,1,150.13412862829657,44,0.7366720516962844,0.3015062870483973,0.9765319458093032,0.0,nan,301.3564596279388,11.109821616846135
longest_prefix,none,1,155.13412862829657,43,0.7422447828539199,0.22253793384021492,1.1857662324556102,0.0,nan,301.3564596279388,11.109821616846135
longest_prefix,none,1,160.13412862829657,36,0.7272139625080801,0.28357630183158733,0.8083115347247299,0.0,nan,301.3564596279388,11.109821616846135
longest_prefix,none,1,165.13412862829657,36,0.7402511566424322,0.2524733785133151,0.8515562553084645,0.0,nan,301.3564596279388,11.109821616846135
longest_prefix,none,1,170.13412862829657,37,0.7544204322200393,0.22703824237240156,0.609482874712187,0.0,nan,301.3564596279388,11.109821616846135
longest_prefix,none,1,175.13412862829657,45,0.7222222222222222,0.2700898588985865,0.8883594286545978,0.0,nan,301.3564596279388,11.109821616846135
longest_prefix,none,1,180.13412862829657,46,0.745417515274949,0.7208092908479102,2.804251806126011,0.0,nan,301.3564596279388,11.109821616846135
longest_prefix,none,1,185.13412862829657,35,0.6668900804289544,0.7439999999999998,3.1673100396955345,0.0,nan,301.3564596279388,11.109821616846135
longest_prefix,none,1,190.13412862829657,47,0.7340372046254399,1.4331336906689387,3.6906587856119244,0.0,nan,301.3564596279388,11.109821616846135
longest_prefix,none,1,195.13412862829657,39,0.7313156269302038,0.3282528109573093,2.7994556782384494,0.0,nan,301.3564596279388,11.109821616846135
longest_prefix,none,1,200.13412862829657,34,0.7350069735006973,2.001940388924851,2.9040033456882863,0.0,nan,301.3564596279388,11.109821616846135
longest_prefix,none,1,205.13412862829657,34,0.7553648068669528,0.4612561055256066,2.501462030683248,0.0,nan,301.3564596279388,11.109821616846135
longest_prefix,none,1,210.13412862829657,34,0.7467625899280576,0.17600000000000193,1.2094608648492706,0.0,nan,301.3564596279388,11.109821616846135
longest_prefix,none,1,215.13412862829657,35,0.7106325706594886,0.23199999999999932,0.7821138036400801,0.0,nan,301.3564596279388,11.109821616846135
longest_prefix,none,1,220.13412862829657,30,0.7811228641171685,0.19503189941465848,0.35954346098941303,0.0,nan,301.3564596279388,11.109821616846135
longest_prefix,none,1,225.13412862829657,34,0.7065910701630049,0.2437143791356391,0.6684579754596844,0.0,nan,301.3564596279388,11.109821616846135
longest_prefix,none,1,230.13412862829657,45,0.7204244031830239,0.4579723729316072,2.0138640686204727,0.0,nan,301.3564596279388,11.109821616846135
longest_prefix,none,1,235.13412862829657,45,0.7194546407970634,0.2563457336058548,0.8179208245014503,0.0,nan,301.3564596279388,11.109821616846135
longest_prefix,none,1,240.13412862829657,35,0.7292225201072386,0.24799999999999045,1.1012347209346565,0.0,nan,301.3564596279388,11.109821616846135
longest_prefix,none,1,245.13412862829657,36,0.7003968253968254,0.21528444157081594,0.7652993792462098,0.0,nan,301.3564596279388,11.109821616846135
longest_prefix,none,1,250.13412862829657,42,0.7396247868106879,0.21851535879544315,0.9638732213362654,0.0,nan,301.3564596279388,11.109821616846135
longest_prefix,none,1,255.13412862829657,39,0.7320891029500302,0.2193000688266693,1.5086839870251476,0.0,nan,301.3564596279388,11.109821616846135
longest_prefix,none,1,260.1341286282966,33,0.7007299270072993,0.21600000000000819,1.2544097787175519,0.0,nan,301.3564596279388,11.109821616846135
longest_prefix,none,1,265.1341286282966,33,0.7724945135332846,0.2681815499606728,0.7915518573784925,0.0,nan,301.3564596279388,11.109821616846135
longest_prefix,none,1,270.1341286282966,42,0.767162471395881,0.24541204215333323,0.7616638662403247,0.0,nan,301.3564596279388,11.109821616846135
longest_prefix,none,1,275.1341286282966,38,0.7191011235955056,0.2519423358883728,1.6802584788858066,0.0,nan,301.3564596279388,11.109821616846135
longest_prefix,none,1,280.1341286282966,38,0.74,0.21876987947200632,0.6564087924462416,0.0,nan,301.3564596279388,11.109821616846135
longest_prefix,none,1,285.1341286282966,39,0.7215112736136502,0.2736038802456733,1.321315869865557,0.0,nan,301.3564596279388,11.109821616846135
longest_prefix,none,1,290.1341286282966,51,0.7447108603667136,0.32773198420426297,0.899273438564677,0.0,nan,301.3564596279388,11.109821616846135
longest_prefix,none,1,295.1341286282966,47,0.7622909275215408,0.26400000000001,1.2701121489490605,0.0,nan,301.3564596279388,11.109821616846135
longest_prefix,none,1,300.1341286282966,44,0.7033805888767721,0.4462920515370854,0.9993975638746428,0.0,nan,301.3564596279388,11.109821616846135
longest_prefix,none,1,305.1341286282966,38,0.7114051669817265,0.2850528427143786,0.8572770982651491,0.0,nan,301.3564596279388,11.109821616846135
longest_prefix,none,1,310.1341286282966,31,0.7447633824670287,0.199547348828105,0.5518302362058363,0.0,nan,301.3564596279388,11.109821616846135
longest_prefix,none,1,315.1341286282966,36,0.7243886318572372,0.22137020049660805,1.1174757687011803,0.0,nan,301.3564596279388,11.109821616846135
longest_prefix,none,1,320.1341286282966,33,0.678726483357453,0.45199387450918493,0.7743776606699635,0.0,nan,301.3564596279388,11.109821616846135
longest_prefix,none,1,325.1341286282966,45,0.7048066875653083,0.3869740946797151,1.4508917069378486,0.0,nan,301.3564596279388,11.109821616846135
longest_prefix,none,1,330.1341286282966,33,0.7781871775976419,0.26400000000001,1.3563612266585345,0.0,nan,301.3564596279388,11.109821616846135
longest_prefix,none,1,335.1341286282966,33,0.6642806012884753,0.23092770878002966,0.7119999999999891,0.0,nan,301.3564596279388,11.109821616846135
longest_prefix,none,1,340.1341286282966,28,0.7455166524338173,0.19956207035576767,0.5802500857315551,0.0,nan,301.3564596279388,11.109821616846135
longest_prefix,none,1,345.1341286282966,44,0.7055702917771883,0.2843073321991483,1.208632472700806,0.0,nan,301.3564596279388,11.109821616846135
longest_prefix,none,1,350.1341286282966,44,0.7623172712506767,0.22659316923832762,0.6802338472886725,0.0,nan,301.3564596279388,11.109821616846135
longest_prefix,none,1,355.1341286282966,33,0.7223396758280479,0.23391439582024987,0.6506010449830568,0.0,nan,301.3564596279388,11.109821616846135
longest_prefix,none,1,360.1341286282966,43,0.6994444444444444,0.2696191702583519,0.8743988078643984,0.0,nan,301.3564596279388,11.109821616846135
longest_prefix,none,1,365.1341286282966,40,0.7343283582089553,0.261033342343012,0.8756289224580944,0.0,nan,301.3564596279388,11.109821616846135
longest_prefix,none,1,370.1341286282966,45,0.7265415549597856,0.23882647629079656,0.743965719092305,0.0,nan,301.3564596279388,11.109821616846135
longest_prefix,none,1,375.1341286282966,45,0.6512714063310846,0.48732390211409893,1.6423104605825485,0.0,nan,301.3564596279388,11.109821616846135
longest_prefix,none,1,380.1341286282966,43,0.6498630136986301,1.6356588061032085,2.7525540294851405,0.0,nan,301.3564596279388,11.109821616846135
longest_prefix,none,1,385.1341286282966,58,0.6956521739130435,1.334729260797701,2.9552184061044375,0.0,nan,301.3564596279388,11.109821616846135
longest_prefix,none,1,390.1341286282966,42,0.6757990867579908,1.8220273352809784,3.3417862927159554,0.0,nan,301.3564596279388,11.109821616846135
longest_prefix,none,1,395.1341286282966,43,0.6761426978818283,1.1632403399682971,2.2152398229418098,0.0,nan,301.3564596279388,11.109821616846135
longest_prefix,none,1,400.1341286282966,39,0.6359729895641498,0.49520296707663647,2.173110315659502,0.0,nan,301.3564596279388,11.109821616846135
longest_prefix,none,1,405.1341286282966,39,0.6837968561064087,1.0374464137531731,1.8377265779777427,0.0,nan,301.3564596279388,11.109821616846135
longest_prefix,none,1,410.1341286282966,38,0.6283572767020612,0.3710202072216191,1.5197581896487133,0.0,nan,301.3564596279388,11.109821616846135
longest_prefix,none,1,415.1341286282966,44,0.688325409403064,0.47350274919514845,0.9952839317342234,0.0,nan,301.3564596279388,11.109821616846135
longest_prefix,none,1,420.1341286282966,32,0.638095238095238,0.41249995683497787,1.9885773495949446,0.0,nan,301.3564596279388,11.109821616846135
longest_prefix,none,1,425.1341286282966,37,0.6679712981082844,0.2847695112575366,1.330224817174949,0.0,nan,301.3564596279388,11.109821616846135
longest_prefix,none,1,430.1341286282966,39,0.6903614457831325,0.29177518913542144,1.2613826943881528,0.0,nan,301.3564596279388,11.109821616846135
longest_prefix,none,1,435.1341286282966,40,0.6126847290640394,0.36692164230728963,1.5352858715002422,0.0,nan,301.3564596279388,11.109821616846135
longest_prefix,none,1,440.1341286282966,40,0.7176119402985075,0.2646731324032032,1.777220395893405,0.0,nan,301.3564596279388,11.109821616846135
longest_prefix,none,1,445.1341286282966,41,0.6906854130052724,0.4845469187158642,1.772272248104673,0.0,nan,301.3564596279388,11.109821616846135
longest_prefix,none,1,450.1341286282966,28,0.7124789207419899,0.23147626582817793,0.7295174790093757,0.0,nan,301.3564596279388,11.109821616846135
longest_prefix,none,1,455.1341286282966,34,0.6549543218552354,0.24517761306131547,0.8385648696880522,0.0,nan,301.3564596279388,11.109821616846135
longest_prefix,none,1,460.1341286282966,41,0.7489760093622001,0.2463796833015408,0.6595404120332664,0.0,nan,301.3564596279388,11.109821616846135
longest_prefix,none,1,465.1341286282966,49,0.6151219512195122,0.9563010384634936,2.1327398374851296,0.0,nan,301.3564596279388,11.109821616846135
longest_prefix,none,1,470.1341286282966,39,0.7219512195121951,0.5120277891907676,1.727708278434224,0.0,nan,301.3564596279388,11.109821616846135
longest_prefix,none,1,475.1341286282966,42,0.6873940079140758,0.8428752121402567,2.092835750430683,0.0,nan,301.3564596279388,11.109821616846135
longest_prefix,none,1,480.1341286282966,49,0.6722032242305813,1.0002943480761246,2.635252950839442,0.0,nan,301.3564596279388,11.109821616846135
longest_prefix,none,1,485.1341286282966,36,0.6666666666666666,0.633383510915678,2.5473170574605177,0.0,nan,301.3564596279388,11.109821616846135
longest_prefix,none,1,490.1341286282966,40,0.6400476758045291,0.6673331043216422,1.8035227169069958,0.0,nan,301.3564596279388,11.109821616846135
longest_prefix,none,1,495.1341286282966,42,0.6781214203894617,0.6003484286306104,1.7093876918121207,0.0,nan,301.3564596279388,11.109821616846135
longest_prefix,none,1,500.1341286282966,31,0.6924254016832441,0.26389198050605955,1.5936342918116393,0.0,nan,301.3564596279388,11.109821616846135
longest_prefix,none,1,505.1341286282966,48,0.6755031909671085,0.6936514352342158,1.6835932907033044,0.0,nan,301.3564596279388,11.109821616846135
longest_prefix,none,1,510.1341286282966,55,0.7226086956521739,0.6822627097635632,1.774965786668065,0.0,nan,301.3564596279388,11.109821616846135
longest_prefix,none,1,515.1341286282966,36,0.7134502923976608,0.7045469582246255,1.6933371230559713,0.0,nan,301.3564596279388,11.109821616846135
longest_prefix,none,1,520.1341286282966,51,0.5082796688132475,1.6646432064837882,5.224984539150114,0.0,nan,301.3564596279388,11.109821616846135
longest_prefix,none,1,525.1341286282966,36,0.6568313021167415,0.6196676520779079,6.125262104910922,0.0,nan,301.3564596279388,11.109821616846135
longest_prefix,none,1,530.1341286282966,45,0.6580063626723224,1.7921070504766021,3.1390971844892013,0.0,nan,301.3564596279388,11.109821616846135
longest_prefix,none,1,535.1341286282966,50,0.6805157593123209,2.0630882759385827,3.461648689400408,0.0,nan,301.3564596279388,11.109821616846135
longest_prefix,none,1,540.1341286282966,49,0.6297892720306514,2.5329955368928267,5.578909466518893,0.0,nan,301.3564596279388,11.109821616846135
longest_prefix,none,1,545.1341286282966,42,0.7019122609673791,2.799608205393838,3.9118237368411313,0.0,nan,301.3564596279388,11.109821616846135
longest_prefix,none,1,550.1341286282966,32,0.6118175018698578,1.2659605224732218,2.859681249622405,0.0,nan,301.3564596279388,11.109821616846135
longest_prefix,none,1,555.1341286282966,44,0.6754098360655738,0.7257378895662896,3.015743559318529,0.0,nan,301.3564596279388,11.109821616846135
longest_prefix,none,1,560.1341286282966,50,0.6621293145357317,0.8496475586035217,4.502215747004541,0.0,nan,301.3564596279388,11.109821616846135
longest_prefix,none,1,565.1341286282966,33,0.7288758265980897,0.4535010965875017,4.53476754891718,0.0,nan,301.3564596279388,11.109821616846135
longest_prefix,none,1,570.1341286282966,36,0.6707872478854913,0.48277746445484127,1.8654176567471323,0.0,nan,301.3564596279388,11.109821616846135
longest_prefix,none,1,575.1341286282966,38,0.7643229166666666,0.15985189376846165,0.8543123373515507,0.0,nan,301.3564596279388,11.109821616846135
longest_prefix,none,1,580.1341286282966,42,0.717706013363029,0.4062507864306326,1.0524126080721576,0.0,nan,301.3564596279388,11.109821616846135
longest_prefix,none,1,585.1341286282966,37,0.6758136566687939,0.5153294901809886,1.032647319667244,0.0,nan,301.3564596279388,11.109821616846135
longest_prefix,none,1,590.1341286282966,40,0.6512729425695678,0.49641377660890385,2.1867366737602354,0.0,nan,301.3564596279388,11.109821616846135
longest_prefix,none,1,595.1341286282966,50,0.6800959232613909,0.5865725096524557,2.189069499569714,0.0,nan,301.3564596279388,11.109821616846135
longest_prefix,none,1,600.1341286282966,41,0.6576629477392836,0.864497155697677,1.9444389521224594,0.0,nan,301.3564596279388,11.109821616846135
longest_prefix,none,1,605.1341286282966,34,0.69164265129683,0.2863773920731205,1.449451014044107,0.0,nan,301.3564596279388,11.109821616846135
longest_prefix,none,1,610.1341286282966,39,0.6925465838509317,0.2319999999999709,0.9099362504151872,0.0,nan,301.3564596279388,11.109821616846135
longest_prefix,none,1,615.1341286282966,34,0.6885474860335196,0.3918060755102033,1.3557595593472458,0.0,nan,301.3564596279388,11.109821616846135
longest_prefix,none,1,620.1341286282966,33,0.7352297592997812,0.23758731791383525,0.933924670487795,0.0,nan,301.3564596279388,11.109821616846135
longest_prefix,none,1,625.1341286282966,41,0.6802325581395349,0.5934763423249478,1.37780135251503,0.0,nan,301.3564596279388,11.109821616846135
longest_prefix,none,1,630.1341286282966,41,0.6739386792452831,0.5736018700378054,1.699400055886872,0.0,nan,301.3564596279388,11.109821616846135
longest_prefix,none,1,635.1341286282966,55,0.6740380362671384,1.4032145369111504,3.8416574050673105,0.0,nan,301.3564596279388,11.109821616846135
longest_prefix,none,1,640.1341286282966,37,0.6799230275817832,0.49939032833924557,4.491781397095438,0.0,nan,301.3564596279388,11.109821616846135
longest_prefix,none,1,645.1341286282966,32,0.7315950920245399,0.32879600061710335,2.840090288767283,0.0,nan,301.3564596279388,11.109821616846135
longest_prefix,none,1,650.1341286282966,42,0.6498599439775911,0.7428973115229383,1.7364970350506794,0.0,nan,301.3564596279388,11.109821616846135
longest_prefix,none,1,655.1341286282966,38,0.6782553729456384,0.7543103624515766,1.2029306388698615,0.0,nan,301.3564596279388,11.109821616846135
longest_prefix,none,1,660.1341286282966,46,0.7114300358790364,0.8978887543071323,1.5706678691372242,0.0,nan,301.3564596279388,11.109821616846135
longest_prefix,none,1,665.1341286282966,45,0.6596194503171248,1.1557160674193483,2.234685072214211,0.0,nan,301.3564596279388,11.109821616846135
longest_prefix,none,1,670.1341286282966,39,0.6658739595719382,0.7120068023864405,2.6669526145690625,0.0,nan,301.3564596279388,11.109821616846135
longest_prefix,none,1,675.1341286282966,39,0.6200738916256158,0.8129714464822655,2.2802222968770294,0.0,nan,301.3564596279388,11.109821616846135
longest_prefix,none,1,680.1341286282966,33,0.64352856109906,0.7044628255590624,3.1728403523477526,0.0,nan,301.3564596279388,11.109821616846135
longest_prefix,none,1,685.1341286282966,43,0.6988416988416989,0.5045011570566658,1.0763532219242322,0.0,nan,301.3564596279388,11.109821616846135
longest_prefix,none,1,690.1341286282966,44,0.6786850477200425,0.3929973499119228,1.2875756941762302,0.0,nan,301.3564596279388,11.109821616846135
longest_prefix,none,1,695.1341286282966,29,0.6546521374685667,0.3873309141253003,2.2597405356126408,0.0,nan,301.3564596279388,11.109821616846135
longest_prefix,none,1,700.1341286282966,38,0.6695384615384615,0.33327556528729474,1.2038268465973603,0.0,nan,301.3564596279388,11.109821616846135
longest_prefix,none,1,705.1341286282966,33,0.6162624821683309,0.5926745823055626,1.4080972397287541,0.0,nan,301.3564596279388,11.109821616846135
longest_prefix,none,1,710.1341286282966,51,0.6868875408306113,0.5933687292362038,1.8431261856158017,0.0,nan,301.3564596279388,11.109821616846135
longest_prefix,none,1,715.1341286282966,43,0.6852567642186638,0.5818331370612668,1.9463276900481037,0.0,nan,301.3564596279388,11.109821616846135
longest_prefix,none,1,720.1341286282966,43,0.6397343663530713,0.6928596046277562,1.4976608303184544,0.0,nan,301.3564596279388,11.109821616846135
longest_prefix,none,1,725.1341286282966,36,0.6427145708582834,0.5472067830311858,2.259207836709811,0.0,nan,301.3564596279388,11.109821616846135
longest_prefix,none,1,730.1341286282966,28,0.725130890052356,0.4591285593873522,0.8257674975493967,0.0,nan,301.3564596279388,11.109821616846135
longest_prefix,none,1,735.1341286282966,39,0.6888068880688807,0.3941091687175913,1.0879099052394183,0.0,nan,301.3564596279388,11.109821616846135
longest_prefix,none,1,740.1341286282966,39,0.6809552969993876,0.38023414342990236,1.5664460565722491,0.0,nan,301.3564596279388,11.109821616846135
longest_prefix,none,1,745.1341286282966,48,0.6735700197238659,0.39979921712017585,1.5120281648777143,0.0,nan,301.3564596279388,11.109821616846135
longest_prefix,none,1,750.1341286282966,33,0.6265822784810127,0.7087387006530435,2.3679985373650605,0.0,nan,301.3564596279388,11.109821616846135
longest_prefix,none,2,0.01623264200049831,44,0.5665236051502146,0.41780408052535123,1.394704567075792,0.0,nan,296.93566534318944,11.109821616846135
longest_prefix,none,2,5.016232642000499,34,0.7394957983193278,0.23597210186293127,0.818434872643334,0.0,nan,296.93566534318944,11.109821616846135
longest_prefix,none,2,10.0162326420005,48,0.6807558428642466,0.28424142334815183,1.1303993426964072,0.0,nan,296.93566534318944,11.109821616846135
longest_prefix,none,2,15.0162326420005,50,0.7178638941398866,0.42038147275458115,1.3710539016257648,0.0,nan,296.93566534318944,11.109821616846135
longest_prefix,none,2,20.0162326420005,37,0.7365384615384616,0.24944654964014035,0.6779677963985278,0.0,nan,296.93566534318944,11.109821616846135
longest_prefix,none,2,25.0162326420005,41,0.6977272727272728,0.3546793817575953,1.0563078105073922,0.0,nan,296.93566534318944,11.109821616846135
longest_prefix,none,2,30.0162326420005,41,0.7476470588235294,0.24509642508097684,0.8980654771037395,0.0,nan,296.93566534318944,11.109821616846135
longest_prefix,none,2,35.0162326420005,40,0.6863446630888491,0.21075344499941195,0.7499614699616824,0.0,nan,296.93566534318944,11.109821616846135
longest_prefix,none,2,40.0162326420005,43,0.7520984890878567,0.25061553022631955,1.1199156464749689,0.0,nan,296.93566534318944,11.109821616846135
longest_prefix,none,2,45.0162326420005,28,0.7441860465116279,0.16609765468399829,0.6681326309347629,0.0,nan,296.93566534318944,11.109821616846135
longest_prefix,none,2,50.0162326420005,47,0.7409484956654768,0.2029059140076086,0.6397374282393097,0.0,nan,296.93566534318944,11.109821616846135
longest_prefix,none,2,55.0162326420005,31,0.711453744493392,0.2193317357398641,0.5074133839349478,0.0,nan,296.93566534318944,11.109821616846135
longest_prefix,none,2,60.0162326420005,38,0.76,0.21599999999999753,0.41353274464889556,0.0,nan,296.93566534318944,11.109821616846135
longest_prefix,none,2,65.0162326420005,42,0.6992567181246426,0.2615610320319064,0.9606737508377406,0.0,nan,296.93566534318944,11.109821616846135
longest_prefix,none,2,70.0162326420005,39,0.748780487804878,0.2430529935771233,1.041528467528129,0.0,nan,296.93566534318944,11.109821616846135
longest_prefix,none,2,75.0162326420005,39,0.7211714460036608,0.28734889417681586,1.2469720524315724,0.0,nan,296.93566534318944,11.109821616846135
longest_prefix,none,2,80.0162326420005,36,0.7214334009465855,0.20325632020726658,0.6684122805788312,0.0,nan,296.93566534318944,11.109821616846135
longest_prefix,none,2,85.0162326420005,50,0.7179856115107913,0.25806173508779295,0.9451150864015526,0.0,nan,296.93566534318944,11.109821616846135
longest_prefix,none,2,90.0162326420005,40,0.702527924750147,0.22303010386037414,1.0491095121193665,0.0,nan,296.93566534318944,11.109821616846135
longest_prefix,none,2,95.0162326420005,44,0.750402576489533,0.223189430502444,0.931395206097335,0.0,nan,296.93566534318944,11.109821616846135
longest_prefix,none,2,100.0162326420005,44,0.7042404723564144,0.2372646802791749,0.9265946398502087,0.0,nan,296.93566534318944,11.109821616846135
longest_prefix,none,2,105.0162326420005,41,0.7234782608695652,0.2570123818602781,0.8600324815056271,0.0,nan,296.93566534318944,11.109821616846135
longest_prefix,none,2,110.0162326420005,50,0.7144893111638955,0.24888920369475187,1.120216746358999,0.0,nan,296.93566534318944,11.109821616846135
longest_prefix,none,2,115.0162326420005,44,0.7594390507011867,0.3250057205911503,0.8402970661094966,0.0,nan,296.93566534318944,11.109821616846135
longest_prefix,none,2,120.0162326420005,40,0.711006474396704,0.26976768006503704,1.3400129631134188,0.0,nan,296.93566534318944,11.109821616846135
longest_prefix,none,2,125.0162326420005,46,0.7293076522644456,0.3133990720720661,3.1661097409380305,0.0,nan,296.93566534318944,11.109821616846135
longest_prefix,none,2,130.0162326420005,29,0.7305533279871692,0.49727123837053,2.0629326808336383,0.0,nan,296.93566534318944,11.109821616846135
longest_prefix,none,2,135.0162326420005,41,0.7177006260671599,0.22124114071996814,0.627119918425348,0.0,nan,296.93566534318944,11.109821616846135
longest_prefix,none,2,140.0162326420005,60,0.7393595460072964,0.2902425212332673,1.3857854717477858,0.0,nan,296.93566534318944,11.109821616846135
longest_prefix,none,2,145.0162326420005,24,0.7041540020263425,0.24169506991184164,1.0024088235634163,0.0,nan,296.93566534318944,11.109821616846135
longest_prefix,none,2,150.0162326420005,41,0.7362250879249707,0.20354081870601703,0.720118139847631,0.0,nan,296.93566534318944,11.109821616846135
longest_prefix,none,2,155.0162326420005,34,0.7231638418079096,0.21957278264049762,0.7424525284237637,0.0,nan,296.93566534318944,11.109821616846135
longest_prefix,none,2,160.0162326420005,44,0.7482327351821643,0.24057401058249184,0.7814878415593501,0.0,nan,296.93566534318944,11.109821616846135
longest_prefix,none,2,165.0162326420005,37,0.6970873786407767,0.27091598039260134,0.8806600594385874,0.0,nan,296.93566534318944,11.109821616846135
longest_prefix,none,2,170.0162326420005,41,0.7616550116550117,0.1839999999999975,0.3618075149998391,0.0,nan,296.93566534318944,11.109821616846135
longest_prefix,none,2,175.0162326420005,45,0.7038251366120218,0.22863098410789462,1.2703385757227246,0.0,nan,296.93566534318944,11.109821616846135
longest_prefix,none,2,180.0162326420005,35,0.7099596231493943,0.2535527082779936,0.8447239127948936,0.0,nan,296.93566534318944,11.109821616846135
longest_prefix,none,2,185.0162326420005,46,0.7441505595116988,0.24487929100581596,0.6377797718520242,0.0,nan,296.93566534318944,11.109821616846135
longest_prefix,none,2,190.0162326420005,41,0.7230590961761297,0.22257469930474372,0.9130866641770867,0.0,nan,296.93566534318944,11.109821616846135
longest_prefix,none,2,195.0162326420005,36,0.7361018084393838,0.2034421247577285,0.6727982196369026,0.0,nan,296.93566534318944,11.109821616846135
longest_prefix,none,2,200.0162326420005,41,0.7472270869819031,0.22389329218685816,0.7817767650187081,0.0,nan,296.93566534318944,11.109821616846135
longest_prefix,none,2,205.0162326420005,42,0.7127355796687607,0.24799999999999045,0.8565492057544847,0.0,nan,296.93566534318944,11.109821616846135
longest_prefix,none,2,210.0162326420005,38,0.7449748743718593,0.19806536178920453,0.6581476040293762,0.0,nan,296.93566534318944,11.109821616846135
longest_prefix,none,2,215.0162326420005,44,0.7244616234124793,0.2424582804563329,1.0072623220292856,0.0,nan,296.93566534318944,11.109821616846135
longest_prefix,none,2,220.0162326420005,53,0.6536388140161725,0.4443577292149996,1.3243715716343412,0.0,nan,296.93566534318944,11.109821616846135
longest_prefix,none,2,225.0162326420005,46,0.6783867631851086,0.503726102956648,1.2131424127089838,0.0,nan,296.93566534318944,11.109821616846135
longest_prefix,none,2,230.0162326420005,33,0.6912704045422285,0.26244486866164607,0.7896537976542595,0.0,nan,296.93566534318944,11.109821616846135
longest_prefix,none,2,235.0162326420005,55,0.6877944325481798,0.3168703138485398,1.9260944182816002,0.0,nan,296.93566534318944,11.109821616846135
longest_prefix,none,2,240.0162326420005,38,0.769620253164557,0.19072300790541874,0.7425302078150118,0.0,nan,296.93566534318944,11.109821616846135
longest_prefix,none,2,245.0162326420005,48,0.6860873932697137,0.25689024427708773,2.193714778062895,0.0,nan,296.93566534318944,11.109821616846135
longest_prefix,none,2,250.0162326420005,35,0.7018505825908157,0.26400000000001,1.713738639451541,0.0,nan,296.93566534318944,11.109821616846135
longest_prefix,none,2,255.0162326420005,41,0.6788990825688074,0.24970551250902417,0.934919495198659,0.0,nan,296.93566534318944,11.109821616846135
longest_prefix,none,2,260.0162326420005,40,0.7199526346950859,0.23784002064715537,0.7513678787654822,0.0,nan,296.93566534318944,11.109821616846135
longest_prefix,none,2,265.0162326420005,37,0.7239548772395488,0.18235877427997593,0.7680308953992175,0.0,nan,296.93566534318944,11.109821616846135
longest_prefix,none,2,270.0162326420005,59,0.7480635955972279,0.27984966583244386,1.2939750982034786,0.0,nan,296.93566534318944,11.109821616846135
longest_prefix,none,2,275.0162326420005,35,0.7095908786049631,0.26619454383774155,1.0539456883084515,0.0,nan,296.93566534318944,11.109821616846135
longest_prefix,none,2,280.0162326420005,32,0.7135217723453018,0.19681828046074656,0.8284895384974067,0.0,nan,296.93566534318944,11.109821616846135
longest_prefix,none,2,285.0162326420005,30,0.7290015847860539,0.2079999999999984,0.6292007704718547,0.0,nan,296.93566534318944,11.109821616846135
longest_prefix,none,2,290.0162326420005,47,0.7078934137757668,0.23200000000002774,0.8231240545444644,0.0,nan,296.93566534318944,11.109821616846135
longest_prefix,none,2,295.0162326420005,35,0.7421555252387448,0.18400000000002592,0.6221935935392955,0.0,nan,296.93566534318944,11.109821616846135
longest_prefix,none,2,300.0162326420005,38,0.742319749216301,0.21370825211351985,0.7875591247882114,0.0,nan,296.93566534318944,11.109821616846135
longest_prefix,none,2,305.0162326420005,47,0.7239074550128535,0.22968489454655128,1.4658200202685052,0.0,nan,296.93566534318944,11.109821616846135
longest_prefix,none,2,310.0162326420005,40,0.7692307692307693,0.18400000000002592,0.37861101709822376,0.0,nan,296.93566534318944,11.109821616846135
longest_prefix,none,2,315.0162326420005,36,0.7176781002638523,0.24799999999999045,0.9104408009491802,0.0,nan,296.93566534318944,11.109821616846135
longest_prefix,none,2,320.0162326420005,32,0.7193763919821826,0.25611615180713443,0.6217395571465479,0.0,nan,296.93566534318944,11.109821616846135
longest_prefix,none,2,325.0162326420005,39,0.6824644549763034,0.23862589953051838,0.9738508724008689,0.0,nan,296.93566534318944,11.109821616846135
longest_prefix,none,2,330.0162326420005,44,0.7122692725298588,0.23297118975699505,0.9117039500899075,0.0,nan,296.93566534318944,11.109821616846135
longest_prefix,none,2,335.0162326420005,51,0.7074829931972789,0.26400000000001,0.965817586677872,0.0,nan,296.93566534318944,11.109821616846135
longest_prefix,none,2,340.0162326420005,35,0.7242798353909465,0.1928408954029237,0.7152671508614952,0.0,nan,296.93566534318944,11.109821616846135
longest_prefix,none,2,345.0162326420005,33,0.7277298850574713,0.22622306615249954,0.6826932859347699,0.0,nan,296.93566534318944,11.109821616846135
longest_prefix,none,2,350.0162326420005,45,0.7168,0.24799999999999045,0.9535904743116567,0.0,nan,296.93566534318944,11.109821616846135
longest_prefix,none,2,355.0162326420005,48,0.7215568862275449,0.26515703917291944,0.9445967494879719,0.0,nan,296.93566534318944,11.109821616846135
longest_prefix,none,2,360.0162326420005,42,0.6461366181410975,0.29910483112030306,1.5728097537847086,0.0,nan,296.93566534318944,11.109821616846135
longest_prefix,none,2,365.0162326420005,38,0.6791995148574894,0.3304886414177588,1.379176453485049,0.0,nan,296.93566534318944,11.109821616846135
longest_prefix,none,2,370.0162326420005,41,0.6340766152086906,0.40210197426051764,2.614510139319282,0.0,nan,296.93566534318944,11.109821616846135
longest_prefix,none,2,375.0162326420005,48,0.6399599399098648,1.2417885522524728,5.618117698532527,0.0,nan,296.93566534318944,11.109821616846135
longest_prefix,none,2,380.0162326420005,39,0.6833534378769602,2.3209005387518005,6.47883661000658,0.0,nan,296.93566534318944,11.109821616846135
longest_prefix,none,2,385.0162326420005,35,0.6304347826086957,1.473714724988156,6.616453343958264,0.0,nan,296.93566534318944,11.109821616846135
longest_prefix,none,2,390.0162326420005,40,0.711550339715874,0.6048046651917787,5.516638991902372,0.0,nan,296.93566534318944,11.109821616846135
longest_prefix,none,2,395.0162326420005,49,0.6630383341221012,1.067772181660132,5.264627046826444,0.0,nan,296.93566534318944,11.109821616846135
longest_prefix,none,2,400.0162326420005,36,0.642903434867142,0.9895352753723898,5.333220869043774,0.0,nan,296.93566534318944,11.109821616846135
longest_prefix,none,2,405.0162326420005,58,0.6326946596004892,3.325160087510568,6.10071030389297,0.0,nan,296.93566534318944,11.109821616846135
longest_prefix,none,2,410.0162326420005,48,0.6951898734177215,3.1314052833742494,5.995127426256626,0.0,nan,296.93566534318944,11.109821616846135
longest_prefix,none,2,415.0162326420005,35,0.6876640419947506,1.7118428353022637,5.5926114447929045,0.0,nan,296.93566534318944,11.109821616846135
longest_prefix,none,2,420.0162326420005,41,0.6289017341040463,0.965193047876653,5.080367649448226,0.0,nan,296.93566534318944,11.109821616846135
longest_prefix,none,2,425.0162326420005,33,0.650375939849624,3.0604929057039385,4.645084325031087,0.0,nan,296.93566534318944,11.109821616846135
longest_prefix,none,2,430.0162326420005,37,0.7422680412371134,0.8579783734442685,4.333947687592841,0.0,nan,296.93566534318944,11.109821616846135
longest_prefix,none,2,435.0162326420005,29,0.6875508543531327,0.2883700069081101,1.8171959984509283,0.0,nan,296.93566534318944,11.109821616846135
longest_prefix,none,2,440.0162326420005,48,0.7218045112781954,0.39688439238702244,1.800430860756091,0.0,nan,296.93566534318944,11.109821616846135
longest_prefix,none,2,445.0162326420005,41,0.6768257619321449,0.71369336802519,1.466835322095983,0.0,nan,296.93566534318944,11.109821616846135
longest_prefix,none,2,450.0162326420005,49,0.6605856937109937,0.5909303265107724,1.8204252155760101,0.0,nan,296.93566534318944,11.109821616846135
longest_prefix,none,2,455.0162326420005,36,0.5925925925925926,0.4381730354953959,1.8803744732798149,0.0,nan,296.93566534318944,11.109821616846135
longest_prefix,none,2,460.0162326420005,28,0.719626168224299,0.2803143499501175,1.9809254029182126,0.0,nan,296.93566534318944,11.109821616846135
longest_prefix,none,2,465.0162326420005,42,0.669735327963176,0.40239546687274697,0.9961332506047591,0.0,nan,296.93566534318944,11.109821616846135
longest_prefix,none,2,470.0162326420005,47,0.6285574092247301,0.9013377312793978,2.394267968856587,0.0,nan,296.93566534318944,11.109821616846135
longest_prefix,none,2,475.0162326420005,49,0.6402877697841727,1.1874727436659782,4.45931919360303,0.0,nan,296.93566534318944,11.109821616846135
longest_prefix,none,2,480.0162326420005,34,0.6001381215469613,1.4616904197869474,3.510105084773936,0.0,nan,296.93566534318944,11.109821616846135
longest_prefix,none,2,485.0162326420005,46,0.7423693740300051,1.5497433139718737,2.953507029626632,0.0,nan,296.93566534318944,11.109821616846135
longest_prefix,none,2,490.0162326420005,32,0.6946107784431138,0.6296878463712403,2.9366367441214507,0.0,nan,296.93566534318944,11.109821616846135
longest_prefix,none,2,495.0162326420005,34,0.7400140154169587,0.22577741248005623,0.9921012705616465,0.0,nan,296.93566534318944,11.109821616846135
longest_prefix,none,2,500.0162326420005,39,0.7063935443823712,0.20896928607913878,0.8397414762790114,0.0,nan,296.93566534318944,11.109821616846135
longest_prefix,none,2,505.0162326420005,38,0.6254728877679697,0.536891466778485,1.6396275217290555,0.0,nan,296.93566534318944,11.109821616846135
longest_prefix,none,2,510.0162326420005,37,0.6506804925469863,0.5907714064087486,1.165488143767086,0.0,nan,296.93566534318944,11.109821616846135
longest_prefix,none,2,515.0162326420004,30,0.7477840451248993,0.2792328073567205,1.188465255195937,0.0,nan,296.93566534318944,11.109821616846135
longest_prefix,none,2,520.0162326420004,40,0.6404692082111437,0.4927254991354175,1.4676591735560722,0.0,nan,296.93566534318944,11.109821616846135
longest_prefix,none,2,525.0162326420004,36,0.6898817345597897,0.2909463830982304,1.4451987914010545,0.0,nan,296.93566534318944,11.109821616846135
longest_prefix,none,2,530.0162326420004,47,0.6988318943626206,1.1211835400044947,3.5335984315137194,0.0,nan,296.93566534318944,11.109821616846135
longest_prefix,none,2,535.0162326420004,41,0.5922498554077501,1.509804894349486,3.1567637104210915,0.0,nan,296.93566534318944,11.109821616846135
longest_prefix,none,2,540.0162326420004,51,0.6747273589378853,1.7057143865887383,3.4266976399327973,0.0,nan,296.93566534318944,11.109821616846135
longest_prefix,none,2,545.0162326420004,37,0.6407263294422828,1.4216125054263102,2.8629883536487024,0.0,nan,296.93566534318944,11.109821616846135
longest_prefix,none,2,550.0162326420004,40,0.7131498470948012,0.49441200916493244,1.8446926681840239,0.0,nan,296.93566534318944,11.109821616846135
longest_prefix,none,2,555.0162326420004,39,0.6634146341463415,0.9665738097936583,2.5953947639528994,0.0,nan,296.93566534318944,11.109821616846135
longest_prefix,none,2,560.0162326420004,52,0.6904332129963899,2.2589694398376423,5.856047018240498,0.0,nan,296.93566534318944,11.109821616846135
longest_prefix,none,2,565.0162326420004,51,0.7020178320037541,2.246836363260968,8.26247746233355,0.0,nan,296.93566534318944,11.109821616846135
longest_prefix,none,2,570.0162326420004,35,0.6457615437629222,1.2238264891572044,7.868187007663557,0.0,nan,296.93566534318944,11.109821616846135
longest_prefix,none,2,575.0162326420004,35,0.6912891986062718,2.180279776217617,5.110385259871261,0.0,nan,296.93566534318944,11.109821616846135
longest_prefix,none,2,580.0162326420004,38,0.7028423772609819,0.9737192232548182,5.097269219151664,0.0,nan,296.93566534318944,11.109821616846135
longest_prefix,none,2,585.0162326420004,37,0.6973768394113884,0.8740357198772699,4.532815059558979,0.0,nan,296.93566534318944,11.109821616846135
longest_prefix,none,2,590.0162326420004,44,0.6398508257858284,2.754191356543629,4.38684078621254,0.0,nan,296.93566534318944,11.109821616846135
longest_prefix,none,2,595.0162326420004,41,0.6274509803921569,0.9676347071304008,2.87345755954766,0.0,nan,296.93566534318944,11.109821616846135
longest_prefix,none,2,600.0162326420004,36,0.6928281461434371,0.8290951520173735,1.8728733431365752,0.0,nan,296.93566534318944,11.109821616846135
longest_prefix,none,2,605.0162326420004,37,0.7109940750493746,0.2403715512234612,1.0028044895444237,0.0,nan,296.93566534318944,11.109821616846135
longest_prefix,none,2,610.0162326420004,40,0.6670637284097677,0.40329953522319784,1.3683889150317725,0.0,nan,296.93566534318944,11.109821616846135
longest_prefix,none,2,615.0162326420004,50,0.7207854406130269,0.28801289534072794,1.8607694142413922,0.0,nan,296.93566534318944,11.109821616846135
longest_prefix,none,2,620.0162326420004,33,0.640319071791153,0.40081014281747684,1.0818767702652758,0.0,nan,296.93566534318944,11.109821616846135
longest_prefix,none,2,625.0162326420004,32,0.6972201352366642,0.2405762660561095,1.5072712443558385,0.0,nan,296.93566534318944,11.109821616846135
longest_prefix,none,2,630.0162326420004,41,0.715875805506737,0.26400000000001,0.8825861672988822,0.0,nan,296.93566534318944,11.109821616846135
longest_prefix,none,2,635.0162326420004,42,0.6827624929814711,0.4136576442702449,1.3724694605118861,0.0,nan,296.93566534318944,11.109821616846135
longest_prefix,none,2,640.0162326420004,50,0.616295594504974,0.9031466504662831,3.2210340570749407,0.0,nan,296.93566534318944,11.109821616846135
longest_prefix,none,2,645.0162326420004,36,0.6522858982614295,0.7151288027373539,4.837665723593556,0.0,nan,296.93566534318944,11.109821616846135
longest_prefix,none,2,650.0162326420004,47,0.5912076806467913,1.8369955406766394,4.457500252228383,0.0,nan,296.93566534318944,11.109821616846135
longest_prefix,none,2,655.0162326420004,43,0.6545052515201769,1.6300337660294417,4.402504094460477,0.0,nan,296.93566534318944,11.109821616846135
longest_prefix,none,2,660.0162326420004,34,0.7099719101123596,0.9897020558457825,2.938590930688278,0.0,nan,296.93566534318944,11.109821616846135
longest_prefix,none,2,665.0162326420004,30,0.6944894651539708,0.248641373885107,1.0539121603239268,0.0,nan,296.93566534318944,11.109821616846135
longest_prefix,none,2,670.0162326420004,38,0.7213525360050094,0.26024825215904457,0.8088442551685888,0.0,nan,296.93566534318944,11.109821616846135
longest_prefix,none,2,675.0162326420004,31,0.7012888551933283,0.2958187718764975,0.914562025517614,0.0,nan,296.93566534318944,11.109821616846135
longest_prefix,none,2,680.0162326420004,31,0.667953667953668,0.2480000000000473,0.8112363331773622,0.0,nan,296.93566534318944,11.109821616846135
longest_prefix,none,2,685.0162326420004,43,0.6845858475041141,0.4849348614718565,1.8693357641862574,0.0,nan,296.93566534318944,11.109821616846135
longest_prefix,none,2,690.0162326420004,44,0.661588683351469,0.3621830663607284,2.281836745694485,0.0,nan,296.93566534318944,11.109821616846135
longest_prefix,none,2,695.0162326420004,30,0.7111111111111111,0.43944246729108727,1.7674183982532503,0.0,nan,296.93566534318944,11.109821616846135
longest_prefix,none,2,700.0162326420004,39,0.6559660811629315,0.30716840172988213,1.1984452473167215,0.0,nan,296.93566534318944,11.109821616846135
longest_prefix,none,2,705.0162326420004,51,0.7094688221709007,0.7120043493738422,2.5372238905769677,0.0,nan,296.93566534318944,11.109821616846135
longest_prefix,none,2,710.0162326420004,36,0.6194926568758344,0.7959940356724928,2.0146781119938444,0.0,nan,296.93566534318944,11.109821616846135
longest_prefix,none,2,715.0162326420004,35,0.6545827633378933,0.37796298116063554,1.8750510783633318,0.0,nan,296.93566534318944,11.109821616846135
longest_prefix,none,2,720.0162326420004,37,0.7101827676240209,0.22233241019296202,0.81827297339305,0.0,nan,296.93566534318944,11.109821616846135
longest_prefix,none,2,725.0162326420004,38,0.647887323943662,0.280396021950196,1.3959947860357924,0.0,nan,296.93566534318944,11.109821616846135
longest_prefix,none,2,730.0162326420004,47,0.6863636363636364,0.33274611624369754,1.5891246733336604,0.0,nan,296.93566534318944,11.109821616846135
longest_prefix,none,2,735.0162326420004,40,0.698605215281989,0.2566905413934819,1.3230524197938143,0.0,nan,296.93566534318944,11.109821616846135
longest_prefix,none,2,740.0162326420004,18,0.67125,0.36178659191079987,0.7075183715202047,0.0,nan,296.93566534318944,11.109821616846135
hybrid,none,0,0.0849914879961137,33,0.34285714285714286,0.7040898149723387,2.0075206115171995,0.0,nan,296.28939501833446,8.371142505125718
hybrid,none,0,5.084991487996113,37,0.5573874445149017,0.5558557646918434,1.5509598289880764,0.0,nan,296.28939501833446,8.371142505125718
hybrid,none,0,10.084991487996113,33,0.6505847953216374,0.2810607419086306,1.1609448773435609,0.0,nan,296.28939501833446,8.371142505125718
hybrid,none,0,15.084991487996113,36,0.5860039241334205,0.3130636359634611,1.2006269349391177,0.0,nan,296.28939501833446,8.371142505125718
hybrid,none,0,20.084991487996113,53,0.6672678088367899,0.2690401804161624,1.7994066326203941,0.0,nan,296.28939501833446,8.371142505125718
hybrid,none,0,25.084991487996113,49,0.607970342910102,0.6799999999999997,2.393351137074218,0.0,nan,296.28939501833446,8.371142505125718
hybrid,none,0,30.084991487996113,44,0.6277836691410392,0.41148353009508476,1.5553999157332112,0.0,nan,296.28939501833446,8.371142505125718
hybrid,none,0,35.08499148799611,38,0.6720197652872143,0.24858911104187342,0.9513304549133194,0.0,nan,296.28939501833446,8.371142505125718
hybrid,none,0,40.08499148799611,41,0.6592894583576004,0.3119999999999976,1.2466674830097388,0.0,nan,296.28939501833446,8.371142505125718
hybrid,none,0,45.08499148799611,34,0.6162310866574966,0.2704874730738247,0.9829290547247345,0.0,nan,296.28939501833446,8.371142505125718
hybrid,none,0,50.08499148799611,50,0.689784442361762,0.2685676418524814,1.2285074114918966,0.0,nan,296.28939501833446,8.371142505125718
hybrid,none,0,55.08499148799611,44,0.5998896247240618,0.4814250180873252,1.9055407294489835,0.0,nan,296.28939501833446,8.371142505125718
hybrid,none,0,60.08499148799611,50,0.6505910165484634,0.27565109034273405,1.328660408718661,0.0,nan,296.28939501833446,8.371142505125718
hybrid,none,0,65.08499148799612,33,0.5788712011577424,0.2710592210083149,1.3575361140255915,0.0,nan,296.28939501833446,8.371142505125718
hybrid,none,0,70.08499148799612,45,0.645656779661017,0.40453200276279233,1.6090185742075886,0.0,nan,296.28939501833446,8.371142505125718
hybrid,none,0,75.08499148799612,38,0.6952076677316293,0.20194799041226474,0.7781150832005617,0.0,nan,296.28939501833446,8.371142505125718
hybrid,none,0,80.08499148799612,46,0.6533945890760592,0.24800000000000466,1.0099787500492639,0.0,nan,296.28939501833446,8.371142505125718
hybrid,none,0,85.08499148799612,36,0.6750164798945286,0.22026772820668583,1.8197148820593694,0.0,nan,296.28939501833446,8.371142505125718
hybrid,none,0,90.08499148799612,35,0.6482106684672518,0.24800000000000466,1.1667776938552818,0.0,nan,296.28939501833446,8.371142505125718
hybrid,none,0,95.08499148799612,36,0.595445411922304,0.24649649707043153,0.869133582512365,0.0,nan,296.28939501833446,8.371142505125718
hybrid,none,0,100.08499148799612,43,0.6650300054555374,0.23199999999999932,1.0677108792151613,0.0,nan,296.28939501833446,8.371142505125718
hybrid,none,0,105.08499148799612,38,0.6597938144329897,0.21524774111311018,0.9387276803398114,0.0,nan,296.28939501833446,8.371142505125718
hybrid,none,0,110.08499148799612,31,0.6994535519125683,0.20000000000000284,0.9260060225522934,0.0,nan,296.28939501833446,8.371142505125718
hybrid,none,0,115.08499148799612,41,0.6414112203585888,0.25281081866421573,1.1329348479634518,0.0,nan,296.28939501833446,8.371142505125718
hybrid,none,0,120.08499148799612,43,0.6568144499178982,0.31891077765473597,1.0942896187347049,0.0,nan,296.28939501833446,8.371142505125718
hybrid,none,0,125.08499148799612,39,0.6450824679291387,0.25136585274526624,0.8744247429662552,0.0,nan,296.28939501833446,8.371142505125718
hybrid,none,0,130.08499148799612,42,0.6645856980703746,0.23345058641639582,0.8672536132623998,0.0,nan,296.28939501833446,8.371142505125718
hybrid,none,0,135.08499148799612,38,0.5847133757961783,0.28815775110757613,1.2462263462030045,0.0,nan,296.28939501833446,8.371142505125718
hybrid,none,0,140.08499148799612,33,0.6966292134831461,0.1950136695660376,0.6412019836710897,0.0,nan,296.28939501833446,8.371142505125718
hybrid,none,0,145.08499148799612,40,0.6756598240469208,0.24287280820939827,1.2373238414717418,0.0,nan,296.28939501833446,8.371142505125718
hybrid,none,0,150.08499148799612,33,0.6409155937052933,0.23199999999999932,0.9718877065662752,0.0,nan,296.28939501833446,8.371142505125718
hybrid,none,0,155.08499148799612,47,0.6644569097399287,0.26400000000001,0.9804618251914115,0.0,nan,296.28939501833446,8.371142505125718
hybrid,none,0,160.08499148799612,36,0.6475195822454308,0.24467963387762381,1.1657404750447098,0.0,nan,296.28939501833446,8.371142505125718
hybrid,none,0,165.08499148799612,35,0.596537949400799,0.26400000000001,1.3376603438526022,0.0,nan,296.28939501833446,8.371142505125718
hybrid,none,0,170.08499148799612,34,0.5749827228749136,0.28407440076237833,1.1290380745740778,0.0,nan,296.28939501833446,8.371142505125718
hybrid,none,0,175.08499148799612,34,0.5256673511293635,0.2716658318646097,2.063154642950058,0.0,nan,296.28939501833446,8.371142505125718
hybrid,none,0,180.08499148799612,50,0.6823087752229,0.26305655828416263,1.3555384241817008,0.0,nan,296.28939501833446,8.371142505125718
hybrid,none,0,185.08499148799612,31,0.6609642301710731,0.2776065730408277,0.9618065746351332,0.0,nan,296.28939501833446,8.371142505125718
hybrid,none,0,190.08499148799612,39,0.563887222555489,0.449659372857127,1.690940708222443,0.0,nan,296.28939501833446,8.371142505125718
hybrid,none,0,195.08499148799612,44,0.6518478843063739,0.2846178164272146,1.163541921540512,0.0,nan,296.28939501833446,8.371142505125718
hybrid,none,0,200.08499148799612,47,0.6236775818639798,0.41613442824902336,1.6453848963511322,0.0,nan,296.28939501833446,8.371142505125718
hybrid,none,0,205.08499148799612,37,0.6489429852658553,0.2758511804743762,0.8904398332022925,0.0,nan,296.28939501833446,8.371142505125718
hybrid,none,0,210.08499148799612,48,0.6129666011787819,0.32291753197024775,1.8435322088860824,0.0,nan,296.28939501833446,8.371142505125718
hybrid,none,0,215.08499148799612,39,0.6026731470230863,0.2658891400508594,0.8404518946341885,0.0,nan,296.28939501833446,8.371142505125718
hybrid,none,0,220.08499148799612,41,0.6948356807511737,0.23199999999999932,1.1424737895059658,0.0,nan,296.28939501833446,8.371142505125718
hybrid,none,0,225.08499148799612,53,0.6515837104072398,0.3846099586399703,1.4457087150713637,0.0,nan,296.28939501833446,8.371142505125718
hybrid,none,0,230.08499148799612,55,0.645877829987185,0.6771933149173606,1.8414590868576155,0.0,nan,296.28939501833446,8.371142505125718
hybrid,none,0,235.08499148799612,48,0.6532687651331719,0.5835418455182406,1.3166742932160325,0.0,nan,296.28939501833446,8.371142505125718
hybrid,none,0,240.08499148799612,34,0.5513439007580979,0.3928887453190413,1.4369384919928547,0.0,nan,296.28939501833446,8.371142505125718
hybrid,none,0,245.08499148799612,45,0.64,0.2531332983020036,0.9390289884193639,0.0,nan,296.28939501833446,8.371142505125718
hybrid,none,0,250.08499148799612,42,0.6624449339207048,0.2504626803379466,1.1067349116838059,0.0,nan,296.28939501833446,8.371142505125718
hybrid,none,0,255.08499148799612,45,0.6666666666666666,0.2989133859784374,1.2623085488480528,0.0,nan,296.28939501833446,8.371142505125718
hybrid,none,0,260.08499148799615,56,0.6679438058748404,0.26846198446051517,1.2300164609198365,0.0,nan,296.28939501833446,8.371142505125718
hybrid,none,0,265.08499148799615,32,0.6550703182827535,0.26527270854637663,0.8854583335834998,0.0,nan,296.28939501833446,8.371142505125718
hybrid,none,0,270.08499148799615,43,0.5758582502768549,0.5813257822302376,1.6510526993132055,0.0,nan,296.28939501833446,8.371142505125718
hybrid,none,0,275.08499148799615,49,0.6623251326579837,0.2914763102028246,1.165356143053861,0.0,nan,296.28939501833446,8.371142505125718
hybrid,none,0,280.08499148799615,38,0.5771144278606966,0.5471192186508631,1.5328820001025847,0.0,nan,296.28939501833446,8.371142505125718
hybrid,none,0,285.08499148799615,47,0.6787377133988619,0.29461421053019876,1.3268311450667953,0.0,nan,296.28939501833446,8.371142505125718
hybrid,none,0,290.08499148799615,35,0.6062246278755075,0.24799999999999045,1.1831744944420095,0.0,nan,296.28939501833446,8.371142505125718
hybrid,none,0,295.08499148799615,41,0.6584243818286372,0.26903020303501535,0.9674041000250896,0.0,nan,296.28939501833446,8.371142505125718
hybrid,none,0,300.08499148799615,36,0.6324110671936759,0.23511549655501085,0.9195088601774356,0.0,nan,296.28939501833446,8.371142505125718
hybrid,none,0,305.08499148799615,39,0.6047794117647058,0.3703728240476494,1.3826791979291793,0.0,nan,296.28939501833446,8.371142505125718
hybrid,none,0,310.08499148799615,43,0.6545853926414058,0.25803266287607585,1.1861155600139295,0.0,nan,296.28939501833446,8.371142505125718
hybrid,none,0,315.08499148799615,34,0.6138968481375359,0.2653445435133506,1.3780384235841696,0.0,nan,296.28939501833446,8.371142505125718
hybrid,none,0,320.08499148799615,43,0.6071428571428571,0.39797419647800325,0.9296947274294598,0.0,nan,296.28939501833446,8.371142505125718
hybrid,none,0,325.08499148799615,54,0.6851025869759143,0.3783487558995944,1.7455573388564931,0.0,nan,296.28939501833446,8.371142505125718
hybrid,none,0,330.08499148799615,33,0.6645114942528736,0.23200000000002774,0.9273209823206274,0.0,nan,296.28939501833446,8.371142505125718
hybrid,none,0,335.08499148799615,40,0.5700598802395209,0.39500800739139663,1.7809277816423872,0.0,nan,296.28939501833446,8.371142505125718
hybrid,none,0,340.08499148799615,44,0.6808510638297872,0.22826589201721958,0.9747996720353166,0.0,nan,296.28939501833446,8.371142505125718
hybrid,none,0,345.08499148799615,36,0.6462540716612378,0.2634018119948962,1.0065577894247577,0.0,nan,296.28939501833446,8.371142505125718
hybrid,none,0,350.08499148799615,47,0.6795720835455935,0.23200000000002774,1.7949860861112152,0.0,nan,296.28939501833446,8.371142505125718
hybrid,none,0,355.08499148799615,40,0.6335923490735206,0.28642595711613694,1.473141279323699,0.0,nan,296.28939501833446,8.371142505125718
hybrid,none,0,360.08499148799615,33,0.5749636098981077,0.2566198495140952,1.1041223099416242,0.0,nan,296.28939501833446,8.371142505125718
hybrid,none,0,365.08499148799615,29,0.5984848484848485,0.25413023933623435,0.8611972872610112,0.0,nan,296.28939501833446,8.371142505125718
hybrid,none,0,370.08499148799615,41,0.6161026837806302,0.5412377187192305,1.5266792633479214,0.0,nan,296.28939501833446,8.371142505125718
hybrid,none,0,375.08499148799615,43,0.647191011235955,0.7095057001549776,1.7813924610038427,0.0,nan,296.28939501833446,8.371142505125718
hybrid,none,0,380.08499148799615,42,0.6443213296398892,0.42218424885817285,1.8788251328597174,0.0,nan,296.28939501833446,8.371142505125718
hybrid,none,0,385.08499148799615,35,0.6302864938608458,0.27522298408587176,2.124900285547671,0.0,nan,296.28939501833446,8.371142505125718
hybrid,none,0,390.08499148799615,57,0.6651318543323567,0.7659477760654454,2.3923851246982712,0.0,nan,296.28939501833446,8.371142505125718
hybrid,none,0,395.08499148799615,39,0.6808510638297872,0.7595362778976096,3.447869396776232,0.0,nan,296.28939501833446,8.371142505125718
hybrid,none,0,400.08499148799615,29,0.563915857605178,0.6622200926414621,1.5731141786683338,0.0,nan,296.28939501833446,8.371142505125718
hybrid,none,0,405.08499148799615,39,0.5874384236453202,0.6639999999999873,1.4038530494088513,0.0,nan,296.28939501833446,8.371142505125718
hybrid,none,0,410.08499148799615,35,0.548540393754243,0.6731590160964629,1.824856591862045,0.0,nan,296.28939501833446,8.371142505125718
hybrid,none,0,415.08499148799615,38,0.7388535031847133,0.2231087432034542,1.941095252302979,0.0,nan,296.28939501833446,8.371142505125718
hybrid,none,0,420.08499148799615,36,0.628609805238415,0.4862680072394596,1.059585189335948,0.0,nan,296.28939501833446,8.371142505125718
hybrid,none,0,425.08499148799615,44,0.658008658008658,0.3168735136655698,2.1690399281296884,0.0,nan,296.28939501833446,8.371142505125718
hybrid,none,0,430.08499148799615,37,0.6213592233009708,0.4027470463235545,2.823282058371701,0.0,nan,296.28939501833446,8.371142505125718
hybrid,none,0,435.08499148799615,44,0.685337726523888,0.4311587277031492,1.254266240846131,0.0,nan,296.28939501833446,8.371142505125718
hybrid,none,0,440.08499148799615,52,0.6120218579234973,1.2566888827023774,3.2818972805029754,0.0,nan,296.28939501833446,8.371142505125718
hybrid,none,0,445.08499148799615,37,0.6677076826983136,1.3999140864798392,2.35727090130767,0.0,nan,296.28939501833446,8.371142505125718
hybrid,none,0,450.08499148799615,37,0.6088631984585742,0.7257041749257951,1.7168289925606224,0.0,nan,296.28939501833446,8.371142505125718
hybrid,none,0,455.08499148799615,42,0.5653153153153153,0.7462393022539118,3.3561888806937086,0.0,nan,296.28939501833446,8.371142505125718
hybrid,none,0,460.08499148799615,47,0.6658189216683622,0.891316149424199,2.1209633698689903,0.0,nan,296.28939501833446,8.371142505125718
hybrid,none,0,465.08499148799615,38,0.7146480659480026,0.5115020029533355,1.3452582979465633,0.0,nan,296.28939501833446,8.371142505125718
hybrid,none,0,470.08499148799615,42,0.6549175667993178,0.8262676911441531,1.8698010091163242,0.0,nan,296.28939501833446,8.371142505125718
hybrid,none,0,475.08499148799615,46,0.5945945945945946,1.1745197219779868,2.462990440233861,0.0,nan,296.28939501833446,8.371142505125718
hybrid,none,0,480.08499148799615,46,0.6176160337552743,1.5090953849150708,2.6546794360171724,0.0,nan,296.28939501833446,8.371142505125718
hybrid,none,0,485.08499148799615,39,0.6687617850408548,1.0404775416989196,2.767156274470154,0.0,nan,296.28939501833446,8.371142505125718
hybrid,none,0,490.08499148799615,29,0.5947712418300654,0.3665652777595483,2.2572082932794957,0.0,nan,296.28939501833446,8.371142505125718
hybrid,none,0,495.08499148799615,35,0.5950413223140496,0.6549014377757771,1.4915480303310866,0.0,nan,296.28939501833446,8.371142505125718
hybrid,none,0,500.08499148799615,33,0.6941431670281996,0.28522136676815535,1.3969695497448469,0.0,nan,296.28939501833446,8.371142505125718
hybrid,none,0,505.08499148799615,38,0.554601226993865,0.6725439874854828,1.557890747574808,0.0,nan,296.28939501833446,8.371142505125718
hybrid,none,0,510.08499148799615,38,0.6866952789699571,0.28401269324697864,1.4589266171629234,0.0,nan,296.28939501833446,8.371142505125718
hybrid,none,0,515.0849914879961,49,0.6333652007648184,0.7903757191339764,1.9514957214150805,0.0,nan,296.28939501833446,8.371142505125718
hybrid,none,0,520.0849914879961,48,0.6791707798617966,0.9633111043073654,3.344669565771033,0.0,nan,296.28939501833446,8.371142505125718
hybrid,none,0,525.0849914879961,42,0.6485714285714286,0.6346880356946372,2.060713463518966,0.0,nan,296.28939501833446,8.371142505125718
hybrid,none,0,530.0849914879961,47,0.6637710781808891,1.07079156397333,2.093000955525981,0.0,nan,296.28939501833446,8.371142505125718
hybrid,none,0,535.0849914879961,46,0.6862123613312203,0.841486251277729,1.92572126051582,0.0,nan,296.28939501833446,8.371142505125718
hybrid,none,0,540.0849914879961,29,0.6061615320566195,0.6994002682707787,1.7687281261470433,0.0,nan,296.28939501833446,8.371142505125718
hybrid,none,0,545.0849914879961,45,0.6189231573444851,0.4707976415639905,2.707943979167556,0.0,nan,296.28939501833446,8.371142505125718
hybrid,none,0,550.0849914879961,45,0.5394036208732694,1.9716681956856519,5.509901110569631,0.0,nan,296.28939501833446,8.371142505125718
hybrid,none,0,555.0849914879961,34,0.6813725490196079,1.0670051080014673,2.996216992387655,0.0,nan,296.28939501833446,8.371142505125718
hybrid,none,0,560.0849914879961,37,0.6591203104786546,0.6587307495213963,1.6937977195556368,0.0,nan,296.28939501833446,8.371142505125718
hybrid,none,0,565.0849914879961,38,0.6330669944683467,0.5079783303718841,1.480594162207858,0.0,nan,296.28939501833446,8.371142505125718
hybrid,none,0,570.0849914879961,26,0.5904059040590406,0.28156088006909386,1.1146373769505544,0.0,nan,296.28939501833446,8.371142505125718
hybrid,none,0,575.0849914879961,40,0.5540298507462686,0.8260559857886278,2.196190896697858,0.0,nan,296.28939501833446,8.371142505125718
hybrid,none,0,580.0849914879961,39,0.6447368421052632,0.6062134388761251,2.1934948393535225,0.0,nan,296.28939501833446,8.371142505125718
hybrid,none,0,585.0849914879961,47,0.6384497705252422,0.46411799031136525,4.974927207820146,0.0,nan,296.28939501833446,8.371142505125718
hybrid,none,0,590.0849914879961,36,0.5749152542372882,0.9715495160587011,2.1094795320445314,0.0,nan,296.28939501833446,8.371142505125718
hybrid,none,0,595.0849914879961,34,0.5614285714285714,1.240889385333844,2.4899518144817696,0.0,nan,296.28939501833446,8.371142505125718
hybrid,none,0,600.0849914879961,39,0.6845348120764018,0.27287246697778755,1.323939451939641,0.0,nan,296.28939501833446,8.371142505125718
hybrid,none,0,605.0849914879961,37,0.5918762088974855,0.7386537839145149,2.8301560047391057,0.0,nan,296.28939501833446,8.371142505125718
hybrid,none,0,610.0849914879961,40,0.6248520710059171,0.8932451462104041,2.11743405291416,0.0,nan,296.28939501833446,8.371142505125718
hybrid,none,0,615.0849914879961,44,0.631578947368421,0.6003676232448925,3.2937588426110302,0.0,nan,296.28939501833446,8.371142505125718
hybrid,none,0,620.0849914879961,47,0.6731657260133401,0.6168876193123651,1.6526426707578592,0.0,nan,296.28939501833446,8.371142505125718
hybrid,none,0,625.0849914879961,44,0.6604292790313704,0.6917681020708528,1.6476602867152623,0.0,nan,296.28939501833446,8.371142505125718
hybrid,none,0,630.0849914879961,46,0.6988396624472574,0.26967865896682497,2.2054010529247248,0.0,nan,296.28939501833446,8.371142505125718
hybrid,none,0,635.0849914879961,38,0.6270543615676359,0.5833042143709122,1.6379390466677104,0.0,nan,296.28939501833446,8.371142505125718
hybrid,none,0,640.0849914879961,42,0.5561195713479977,1.571509966633414,2.3238901065035247,0.0,nan,296.28939501833446,8.371142505125718
hybrid,none,0,645.0849914879961,48,0.6371725160652496,1.1784113328161538,2.849609607565723,0.0,nan,296.28939501833446,8.371142505125718
hybrid,none,0,650.0849914879961,33,0.6024619840695149,1.975458289207495,2.807945958101868,0.0,nan,296.28939501833446,8.371142505125718
hybrid,none,0,655.0849914879961,41,0.6821793416572077,0.5369809223963102,1.4992261728036287,0.0,nan,296.28939501833446,8.371142505125718
hybrid,none,0,660.0849914879961,33,0.6123316796598157,0.5394132759516879,2.0540566294083873,0.0,nan,296.28939501833446,8.371142505125718
hybrid,none,0,665.0849914879961,39,0.5709046454767727,0.8585917739062552,2.0490508706877995,0.0,nan,296.28939501833446,8.371142505125718
hybrid,none,0,670.0849914879961,31,0.6131095123900879,0.6639999999999873,2.720473072165009,0.0,nan,296.28939501833446,8.371142505125718
hybrid,none,0,675.0849914879961,34,0.6417704011065007,0.5676810421092,1.0836424692247784,0.0,nan,296.28939501833446,8.371142505125718
hybrid,none,0,680.0849914879961,43,0.6403557531962201,0.4050319188471576,1.7282486750490487,0.0,nan,296.28939501833446,8.371142505125718
hybrid,none,0,685.0849914879961,44,0.6545052515201769,0.3618637776892797,2.153643070827154,0.0,nan,296.28939501833446,8.371142505125718
hybrid,none,0,690.0849914879961,45,0.6479177934018389,0.7328439205815585,1.8459046683694762,0.0,nan,296.28939501833446,8.371142505125718
hybrid,none,0,695.0849914879961,48,0.6663380975850173,0.827818246434731,1.4895496239125123,0.0,nan,296.28939501833446,8.371142505125718
hybrid,none,0,700.0849914879961,43,0.6937187326292384,0.6521687253771233,1.4299134176443453,0.0,nan,296.28939501833446,8.371142505125718
hybrid,none,0,705.0849914879961,46,0.7234490010515248,0.2928922571697399,1.210215970568015,0.0,nan,296.28939501833446,8.371142505125718
hybrid,none,0,710.0849914879961,42,0.6419753086419753,0.2717836436731318,2.2816035883996797,0.0,nan,296.28939501833446,8.371142505125718
hybrid,none,0,715.0849914879961,37,0.5987096774193549,0.847291497837432,1.833047481935746,0.0,nan,296.28939501833446,8.371142505125718
hybrid,none,0,720.0849914879961,46,0.7130712008501594,0.36122577435884295,2.3286275783203787,0.0,nan,296.28939501833446,8.371142505125718
hybrid,none,0,725.0849914879961,33,0.6843657817109144,0.23779045496553408,1.1296333437069597,0.0,nan,296.28939501833446,8.371142505125718
hybrid,none,0,730.0849914879961,47,0.6218702095043434,0.44810359553184753,1.6405138695082109,0.0,nan,296.28939501833446,8.371142505125718
hybrid,none,0,735.0849914879961,37,0.5728900255754475,0.8105753038651073,4.236785795209835,0.0,nan,296.28939501833446,8.371142505125718
hybrid,none,0,740.0849914879961,5,0.7960199004975125,0.2322916390885439,0.3872238373872597,0.0,nan,296.28939501833446,8.371142505125718
hybrid,none,1,0.13412862829656735,33,0.3924963924963925,0.7750210517037202,1.7661667010736755,0.0,nan,301.3564596279388,8.371142505125718
hybrid,none,1,5.134128628296567,37,0.6530612244897959,0.30873510383882774,1.062590694213906,0.0,nan,301.3564596279388,8.371142505125718
hybrid,none,1,10.134128628296567,46,0.6349614395886889,0.2710014413936115,0.9540955706409414,0.0,nan,301.3564596279388,8.371142505125718
hybrid,none,1,15.134128628296567,40,0.6846199880311191,0.24015811452317237,0.9684699752257858,0.0,nan,301.3564596279388,8.371142505125718
hybrid,none,1,20.134128628296565,42,0.5778781038374717,0.35902377413341036,1.5476163499813955,0.0,nan,301.3564596279388,8.371142505125718
hybrid,none,1,25.134128628296565,31,0.6336633663366337,0.3059559245511636,1.1145216731256327,0.0,nan,301.3564596279388,8.371142505125718
hybrid,none,1,30.134128628296565,32,0.6292217327459618,0.25389217630565497,0.8098257796784865,0.0,nan,301.3564596279388,8.371142505125718
hybrid,none,1,35.134128628296565,38,0.6462962962962963,0.2523649223670361,1.328656276228419,0.0,nan,301.3564596279388,8.371142505125718
hybrid,none,1,40.134128628296565,25,0.5454545454545454,0.21496314335812627,0.7753778305566987,0.0,nan,301.3564596279388,8.371142505125718
hybrid,none,1,45.134128628296565,28,0.5619765494137353,0.3570120158738703,0.8440708055938598,0.0,nan,301.3564596279388,8.371142505125718
hybrid,none,1,50.134128628296565,39,0.6505507955936353,0.26722383895614144,0.9106080676200716,0.0,nan,301.3564596279388,8.371142505125718
hybrid,none,1,55.134128628296565,39,0.6791995148574894,0.23893373045277855,1.024715153047781,0.0,nan,301.3564596279388,8.371142505125718
hybrid,none,1,60.134128628296565,45,0.6508364813815435,0.20897232479176608,0.818598748677502,0.0,nan,301.3564596279388,8.371142505125718
hybrid,none,1,65.13412862829657,40,0.61193148257531,0.32849535773515015,1.147692881573481,0.0,nan,301.3564596279388,8.371142505125718
hybrid,none,1,70.13412862829657,37,0.6177215189873417,0.32180530737579716,1.5408111401803848,0.0,nan,301.3564596279388,8.371142505125718
hybrid,none,1,75.13412862829657,49,0.6453628063431043,0.27506402761252957,0.9771137156756833,0.0,nan,301.3564596279388,8.371142505125718
hybrid,none,1,80.13412862829657,51,0.6525581395348837,0.5526104658519415,1.7433014480727351,0.0,nan,301.3564596279388,8.371142505125718
hybrid,none,1,85.13412862829657,38,0.6706700379266751,0.22432314871316805,0.7673491571170639,0.0,nan,301.3564596279388,8.371142505125718
hybrid,none,1,90.13412862829657,41,0.6582203889216264,0.25978944385353486,1.277068772478669,0.0,nan,301.3564596279388,8.371142505125718
hybrid,none,1,95.13412862829657,44,0.6416122004357299,0.24399031648061964,1.0607084672879241,0.0,nan,301.3564596279388,8.371142505125718
hybrid,none,1,100.13412862829657,39,0.6728509585652442,0.2259126446471953,1.217114683762417,0.0,nan,301.3564596279388,8.371142505125718
hybrid,none,1,105.13412862829657,35,0.5902503293807642,0.2777197687027808,1.4174182718348234,0.0,nan,301.3564596279388,8.371142505125718
hybrid,none,1,110.13412862829657,28,0.5647058823529412,0.25913005265116595,1.160179041237211,0.0,nan,301.3564596279388,8.371142505125718
hybrid,none,1,115.13412862829657,40,0.6629802095459837,0.25494665893246093,1.0398135767370607,0.0,nan,301.3564596279388,8.371142505125718
hybrid,none,1,120.13412862829657,47,0.6690464048954615,0.3122515094769369,0.9250556111802833,0.0,nan,301.3564596279388,8.371142505125718
hybrid,none,1,125.13412862829657,52,0.6513427401001366,0.322012953558108,1.3807975542239708,0.0,nan,301.3564596279388,8.371142505125718
hybrid,none,1,130.13412862829657,39,0.6751361161524501,0.2581516375946933,1.0086783611635084,0.0,nan,301.3564596279388,8.371142505125718
hybrid,none,1,135.13412862829657,40,0.5693950177935944,0.26644401003224516,1.1304218427359938,0.0,nan,301.3564596279388,8.371142505125718
hybrid,none,1,140.13412862829657,43,0.5820812465219811,0.556019715038957,1.2535478547380035,0.0,nan,301.3564596279388,8.371142505125718
hybrid,none,1,145.13412862829657,39,0.612590799031477,0.28439478126733775,1.9281469508356508,0.0,nan,301.3564596279388,8.371142505125718
hybrid,none,1,150.13412862829657,44,0.6101238556812062,0.4499487200119603,1.5091132051063894,0.0,nan,301.3564596279388,8.371142505125718
hybrid,none,1,155.13412862829657,43,0.7038917089678511,0.23709574645960174,1.2722366600040498,0.0,nan,301.3564596279388,8.371142505125718
hybrid,none,1,160.13412862829657,36,0.654169360051713,0.21919909434396345,1.2968524189578672,0.0,nan,301.3564596279388,8.371142505125718
hybrid,none,1,165.13412862829657,36,0.6318572372769332,0.2336296842509995,0.7583084301700097,0.0,nan,301.3564596279388,8.371142505125718
hybrid,none,1,170.13412862829657,37,0.6286836935166994,0.24799999999999045,0.84496510413563,0.0,nan,301.3564596279388,8.371142505125718
hybrid,none,1,175.13412862829657,45,0.6147455867082036,0.2841655370445153,0.8882379926332307,0.0,nan,301.3564596279388,8.371142505125718
hybrid,none,1,180.13412862829657,46,0.6644602851323829,0.27334534070368477,1.2710287265420672,0.0,nan,301.3564596279388,8.371142505125718
hybrid,none,1,185.13412862829657,35,0.49463806970509383,0.6710179415783557,1.982673729394069,0.0,nan,301.3564596279388,8.371142505125718
hybrid,none,1,190.13412862829657,47,0.6757164404223228,0.25110109159999183,1.7113528594978975,0.0,nan,301.3564596279388,8.371142505125718
hybrid,none,1,195.13412862829657,39,0.6324891908585547,0.2339773443985962,1.4375296124786425,0.0,nan,301.3564596279388,8.371142505125718
hybrid,none,1,200.13412862829657,34,0.6338912133891214,0.2627129650155524,0.9555026034070302,0.0,nan,301.3564596279388,8.371142505125718
hybrid,none,1,205.13412862829657,34,0.6638054363376252,0.22664634535141204,0.73729608182092,0.0,nan,301.3564596279388,8.371142505125718
hybrid,none,1,210.13412862829657,34,0.6215827338129496,0.2590136217270498,1.0491029427163727,0.0,nan,301.3564596279388,8.371142505125718
hybrid,none,1,215.13412862829657,35,0.6029609690444145,0.22366958176820617,0.7684678102006892,0.0,nan,301.3564596279388,8.371142505125718
hybrid,none,1,220.13412862829657,30,0.5467860048820179,0.37757739772597176,1.036007185859704,0.0,nan,301.3564596279388,8.371142505125718
hybrid,none,1,225.13412862829657,34,0.6350106307583274,0.24581076091254772,1.1556076314408976,0.0,nan,301.3564596279388,8.371142505125718
hybrid,none,1,230.13412862829657,45,0.646684350132626,0.29028443562611983,1.1542561160491376,0.0,nan,301.3564596279388,8.371142505125718
hybrid,none,1,235.13412862829657,45,0.6313581541688515,0.26400000000001,1.3324112606899667,0.0,nan,301.3564596279388,8.371142505125718
hybrid,none,1,240.13412862829657,35,0.6079088471849866,0.5999999999999943,1.3477166296246517,0.0,nan,301.3564596279388,8.371142505125718
hybrid,none,1,245.13412862829657,36,0.6051587301587301,0.30503357074843507,1.3648581655448582,0.0,nan,301.3564596279388,8.371142505125718
hybrid,none,1,250.13412862829657,42,0.6367254121660034,0.19571995675451603,1.3902545403282796,0.0,nan,301.3564596279388,8.371142505125718
hybrid,none,1,255.13412862829657,39,0.6164960866947622,0.3023475676569376,1.6124004423504328,0.0,nan,301.3564596279388,8.371142505125718
hybrid,none,1,260.1341286282966,33,0.654014598540146,0.21600000000000819,0.9208019154228964,0.0,nan,301.3564596279388,8.371142505125718
hybrid,none,1,265.1341286282966,33,0.7110460863204097,0.16800000000000637,0.8510608421625762,0.0,nan,301.3564596279388,8.371142505125718
hybrid,none,1,270.1341286282966,42,0.6556064073226545,0.23860858161739884,0.995346127273443,0.0,nan,301.3564596279388,8.371142505125718
hybrid,none,1,275.1341286282966,38,0.6448189762796505,0.5637896943565295,0.9875187023337094,0.0,nan,301.3564596279388,8.371142505125718
hybrid,none,1,280.1341286282966,38,0.64,0.2517306210805259,0.9966722062710837,0.0,nan,301.3564596279388,8.371142505125718
hybrid,none,1,285.1341286282966,39,0.5228519195612431,0.6159999999999854,2.067403089622038,0.0,nan,301.3564596279388,8.371142505125718
hybrid,none,1,290.1341286282966,51,0.6770098730606487,0.4235271442317412,1.4745072663887981,0.0,nan,301.3564596279388,8.371142505125718
hybrid,none,1,295.1341286282966,47,0.6487582361885453,0.36842305240077167,1.2851495118886724,0.0,nan,301.3564596279388,8.371142505125718
hybrid,none,1,300.1341286282966,44,0.6428571428571429,0.21751472288960372,0.9472110789758318,0.0,nan,301.3564596279388,8.371142505125718
hybrid,none,1,305.1341286282966,38,0.6855702583490864,0.2515016563399115,0.7751375492054678,0.0,nan,301.3564596279388,8.371142505125718
hybrid,none,1,310.1341286282966,31,0.634600465477114,0.23333041759900652,0.8256619107699975,0.0,nan,301.3564596279388,8.371142505125718
hybrid,none,1,315.1341286282966,36,0.5756774619960344,0.4268616998054142,0.848520628588318,0.0,nan,301.3564596279388,8.371142505125718
hybrid,none,1,320.1341286282966,33,0.5962373371924746,0.21600000000000819,0.7384342544477613,0.0,nan,301.3564596279388,8.371142505125718
hybrid,none,1,325.1341286282966,45,0.6227795193312434,0.4468625063865943,1.0265861854081164,0.0,nan,301.3564596279388,8.371142505125718
hybrid,none,1,330.1341286282966,33,0.6956521739130435,0.18400000000002592,0.8664579803205629,0.0,nan,301.3564596279388,8.371142505125718
hybrid,none,1,335.1341286282966,33,0.5268432355046528,0.2587941835109291,1.1660051963431555,0.0,nan,301.3564596279388,8.371142505125718
hybrid,none,1,340.1341286282966,28,0.5738684884713919,0.2603457460444929,0.9536194989020783,0.0,nan,301.3564596279388,8.371142505125718
hybrid,none,1,345.1341286282966,44,0.6063660477453581,0.3380539786867871,1.3498062053286566,0.0,nan,301.3564596279388,8.371142505125718
hybrid,none,1,350.1341286282966,44,0.6756903086085544,0.27976468567874235,1.0903984350915739,0.0,nan,301.3564596279388,8.371142505125718
hybrid,none,1,355.1341286282966,33,0.6046511627906976,0.36000000000001364,0.9759542629398742,0.0,nan,301.3564596279388,8.371142505125718
hybrid,none,1,360.1341286282966,43,0.5888888888888889,0.504144908431158,1.2181354577252543,0.0,nan,301.3564596279388,8.371142505125718
hybrid,none,1,365.1341286282966,40,0.6877611940298507,0.25097380834375826,1.0568766302090284,0.0,nan,301.3564596279388,8.371142505125718
hybrid,none,1,370.1341286282966,45,0.650402144772118,0.24842078564398662,0.9093309623787265,0.0,nan,301.3564596279388,8.371142505125718
hybrid,none,1,375.1341286282966,45,0.6331084587441619,0.5176513904492595,2.9147141212829695,0.0,nan,301.3564596279388,8.371142505125718
hybrid,none,1,380.1341286282966,43,0.5786301369863014,2.1386377872267985,3.7254064906038424,0.0,nan,301.3564596279388,8.371142505125718
hybrid,none,1,385.1341286282966,58,0.6389233954451345,2.1110337988270373,3.428200560614144,0.0,nan,301.3564596279388,8.371142505125718
hybrid,none,1,390.1341286282966,42,0.5679223744292238,2.6266861345749533,5.927695064571507,0.0,nan,301.3564596279388,8.371142505125718
hybrid,none,1,395.1341286282966,43,0.6064659977703456,2.6674655019266424,6.690897992067391,0.0,nan,301.3564596279388,8.371142505125718
hybrid,none,1,400.1341286282966,39,0.5279312461632903,2.767312493919519,5.098261650036539,0.0,nan,301.3564596279388,8.371142505125718
hybrid,none,1,405.1341286282966,39,0.6130592503022975,4.449245446334032,5.6574834790999065,0.0,nan,301.3564596279388,8.371142505125718
hybrid,none,1,410.1341286282966,38,0.5921299188007495,3.642602997928776,5.738182802889098,0.0,nan,301.3564596279388,8.371142505125718
hybrid,none,1,415.1341286282966,44,0.6328578975171685,3.519253755311496,5.291084517589899,0.0,nan,301.3564596279388,8.371142505125718
hybrid,none,1,420.1341286282966,32,0.5487179487179488,2.646696097693848,5.029637889739045,0.0,nan,301.3564596279388,8.371142505125718
hybrid,none,1,425.1341286282966,37,0.6516634050880626,2.227892710344804,4.038350600576998,0.0,nan,301.3564596279388,8.371142505125718
hybrid,none,1,430.1341286282966,39,0.653012048192771,1.0349794949898978,3.1794506599227947,0.0,nan,301.3564596279388,8.371142505125718
hybrid,none,1,435.1341286282966,40,0.6785714285714286,0.8653689374217493,3.1252260508863317,0.0,nan,301.3564596279388,8.371142505125718
hybrid,none,1,440.1341286282966,40,0.5797014925373134,0.6371114429070133,3.635625139242716,0.0,nan,301.3564596279388,8.371142505125718
hybrid,none,1,445.1341286282966,41,0.6561218512009374,1.1299400513596538,3.2541219134896324,0.0,nan,301.3564596279388,8.371142505125718
hybrid,none,1,450.1341286282966,28,0.5666104553119731,0.3603884104962276,1.7808090476363159,0.0,nan,301.3564596279388,8.371142505125718
hybrid,none,1,455.1341286282966,34,0.607167955024596,0.27330629677453544,1.105599907928824,0.0,nan,301.3564596279388,8.371142505125718
hybrid,none,1,460.1341286282966,41,0.7302516091281451,0.25573061631109795,1.057395822973877,0.0,nan,301.3564596279388,8.371142505125718
hybrid,none,1,465.1341286282966,49,0.6175609756097561,0.8785240327275687,2.4071671144618514,0.0,nan,301.3564596279388,8.371142505125718
hybrid,none,1,470.1341286282966,39,0.6615853658536586,0.7388649574101578,2.094000170529697,0.0,nan,301.3564596279388,8.371142505125718
hybrid,none,1,475.1341286282966,42,0.6280384397964952,0.5537937374577666,3.5701817528506967,0.0,nan,301.3564596279388,8.371142505125718
hybrid,none,1,480.1341286282966,49,0.655105031753786,0.7109142516501947,2.202876015690008,0.0,nan,301.3564596279388,8.371142505125718
hybrid,none,1,485.1341286282966,36,0.6666666666666666,0.25622703707014693,1.3679339039612812,0.0,nan,301.3564596279388,8.371142505125718
hybrid,none,1,490.1341286282966,40,0.6102502979737783,0.5263089723242445,3.0733252113801934,0.0,nan,301.3564596279388,8.371142505125718
hybrid,none,1,495.1341286282966,42,0.6821305841924399,0.7622422560905591,2.1267115773242384,0.0,nan,301.3564596279388,8.371142505125718
hybrid,none,1,500.1341286282966,31,0.6381025248661056,0.4235107708693704,1.0686839202029035,0.0,nan,301.3564596279388,8.371142505125718
hybrid,none,1,505.1341286282966,48,0.6642120765832106,0.6395916874233478,1.4018971417533148,0.0,nan,301.3564596279388,8.371142505125718
hybrid,none,1,510.1341286282966,55,0.7043478260869566,0.4847587073299451,2.7881383735224223,0.0,nan,301.3564596279388,8.371142505125718
hybrid,none,1,515.1341286282966,36,0.7069525666016894,0.562794846243662,2.364170074762626,0.0,nan,301.3564596279388,8.371142505125718
hybrid,none,1,520.1341286282966,51,0.578196872125115,1.2682209573833916,3.246375579131211,0.0,nan,301.3564596279388,8.371142505125718
hybrid,none,1,525.1341286282966,36,0.5407312379730597,2.62516891937139,5.2092493429682065,0.0,nan,301.3564596279388,8.371142505125718
hybrid,none,1,530.1341286282966,45,0.6468716861081655,1.1762617486037925,2.633006592303105,0.0,nan,301.3564596279388,8.371142505125718
hybrid,none,1,535.1341286282966,50,0.6700095510983763,2.2477401154743575,3.365376971329045,0.0,nan,301.3564596279388,8.371142505125718
hybrid,none,1,540.1341286282966,49,0.6609195402298851,2.869260991201145,4.150768878751896,0.0,nan,301.3564596279388,8.371142505125718
hybrid,none,1,545.1341286282966,42,0.6659167604049494,1.5814711823369976,2.8804524020690114,0.0,nan,301.3564596279388,8.371142505125718
hybrid,none,1,550.1341286282966,32,0.5542258788332087,1.9222925353628284,4.5101356250397755,0.0,nan,301.3564596279388,8.371142505125718
hybrid,none,1,555.1341286282966,44,0.6453551912568306,1.31455170893571,3.0552457247473197,0.0,nan,301.3564596279388,8.371142505125718
hybrid,none,1,560.1341286282966,50,0.6198347107438017,1.7166799573449225,4.332788047823286,0.0,nan,301.3564596279388,8.371142505125718
hybrid,none,1,565.1341286282966,33,0.692138133725202,1.7126228403110417,3.5633794948156674,0.0,nan,301.3564596279388,8.371142505125718
hybrid,none,1,570.1341286282966,36,0.5510735198438517,1.0052168843735672,2.927227381857295,0.0,nan,301.3564596279388,8.371142505125718
hybrid,none,1,575.1341286282966,38,0.6875,0.28281381565733454,1.147751190505069,0.0,nan,301.3564596279388,8.371142505125718
hybrid,none,1,580.1341286282966,42,0.6230512249443207,0.69861585821576,2.169421135985201,0.0,nan,301.3564596279388,8.371142505125718
hybrid,none,1,585.1341286282966,37,0.6930440331844289,0.4596570034796059,2.1986491871280807,0.0,nan,301.3564596279388,8.371142505125718
hybrid,none,1,590.1341286282966,40,0.5683836589698046,0.6180225734600526,1.423362517042118,0.0,nan,301.3564596279388,8.371142505125718
hybrid,none,1,595.1341286282966,50,0.6585131894484413,0.8118819080290791,2.216149444362106,0.0,nan,301.3564596279388,8.371142505125718
hybrid,none,1,600.1341286282966,41,0.6764533176746917,0.5550924735109675,1.5926561249942102,0.0,nan,301.3564596279388,8.371142505125718
hybrid,none,1,605.1341286282966,34,0.6066282420749279,0.4002504845385033,1.7023241484193048,0.0,nan,301.3564596279388,8.371142505125718
hybrid,none,1,610.1341286282966,39,0.6031055900621118,0.7280582506831479,2.107307418711636,0.0,nan,301.3564596279388,8.371142505125718
hybrid,none,1,615.1341286282966,34,0.6033519553072626,0.6566863670948351,1.533189208592519,0.0,nan,301.3564596279388,8.371142505125718
hybrid,none,1,620.1341286282966,33,0.650619985412108,0.2925401277018409,1.6072122284704846,0.0,nan,301.3564596279388,8.371142505125718
hybrid,none,1,625.1341286282966,41,0.6052325581395349,0.520352991094228,2.486975299763822,0.0,nan,301.3564596279388,8.371142505125718
hybrid,none,1,630.1341286282966,41,0.6591981132075472,0.6439460789755458,1.7019932292080286,0.0,nan,301.3564596279388,8.371142505125718
hybrid,none,1,635.1341286282966,55,0.6386554621848739,0.8447528466315362,4.155093448113412,0.0,nan,301.3564596279388,8.371142505125718
hybrid,none,1,640.1341286282966,37,0.6382296343810134,0.92861589270899,3.5100211208252587,0.0,nan,301.3564596279388,8.371142505125718
hybrid,none,1,645.1341286282966,32,0.7116564417177914,0.2824716365637414,1.4696903564765285,0.0,nan,301.3564596279388,8.371142505125718
hybrid,none,1,650.1341286282966,42,0.6274509803921569,0.6526450347457171,1.5682527620177755,0.0,nan,301.3564596279388,8.371142505125718
hybrid,none,1,655.1341286282966,38,0.6270543615676359,0.37189472053273676,2.011452591297496,0.0,nan,301.3564596279388,8.371142505125718
hybrid,none,1,660.1341286282966,46,0.67247565351102,0.724307413541112,2.8438088332006313,0.0,nan,301.3564596279388,8.371142505125718
hybrid,none,1,665.1341286282966,45,0.6358350951374208,1.5710237844507446,3.9626981684238354,0.0,nan,301.3564596279388,8.371142505125718
hybrid,none,1,670.1341286282966,39,0.5475624256837098,1.7495813542082033,3.3956320977502594,0.0,nan,301.3564596279388,8.371142505125718
hybrid,none,1,675.1341286282966,39,0.5855911330049262,1.419785083267925,2.7769953890029404,0.0,nan,301.3564596279388,8.371142505125718
hybrid,none,1,680.1341286282966,33,0.6710050614605929,1.496567505073699,2.7418783000508253,0.0,nan,301.3564596279388,8.371142505125718
hybrid,none,1,685.1341286282966,43,0.6001103143960287,0.724858697194577,2.1896165476484675,0.0,nan,301.3564596279388,8.371142505125718
hybrid,none,1,690.1341286282966,44,0.6108165429480382,0.7544388701147682,1.6235851612061118,0.0,nan,301.3564596279388,8.371142505125718
hybrid,none,1,695.1341286282966,29,0.6705783738474435,0.38923713083738676,1.756840491352127,0.0,nan,301.3564596279388,8.371142505125718
hybrid,none,1,700.1341286282966,38,0.6301538461538462,0.5498003407266765,2.0062753220258354,0.0,nan,301.3564596279388,8.371142505125718
hybrid,none,1,705.1341286282966,33,0.5320970042796006,0.8103300513868135,1.9169535415340624,0.0,nan,301.3564596279388,8.371142505125718
hybrid,none,1,710.1341286282966,51,0.6290247316845544,0.7920193504651252,2.005814545940268,0.0,nan,301.3564596279388,8.371142505125718
hybrid,none,1,715.1341286282966,43,0.6940916620651574,0.7654153096984828,1.5217715366701114,0.0,nan,301.3564596279388,8.371142505125718
hybrid,none,1,720.1341286282966,43,0.6021029330381849,0.7989487604190799,3.4201473686647716,0.0,nan,301.3564596279388,8.371142505125718
hybrid,none,1,725.1341286282966,36,0.5748502994011976,0.9550222296973061,2.8056852889246726,0.0,nan,301.3564596279388,8.371142505125718
hybrid,none,1,730.1341286282966,28,0.6151832460732984,0.4214129984823103,2.2345109200848357,0.0,nan,301.3564596279388,8.371142505125718
hybrid,none,1,735.1341286282966,39,0.6051660516605166,0.5730834205452311,1.9861973532382189,0.0,nan,301.3564596279388,8.371142505125718
hybrid,none,1,740.1341286282966,39,0.6013472137170851,0.7879997182596981,1.8705369840608954,0.0,nan,301.3564596279388,8.371142505125718
hybrid,none,1,745.1341286282966,48,0.6143984220907298,0.6080373284956977,2.26007496008575,0.0,nan,301.3564596279388,8.371142505125718
hybrid,none,1,750.1341286282966,33,0.5590717299578059,1.2898710152904869,2.9037036841133155,0.0,nan,301.3564596279388,8.371142505125718
hybrid,none,2,0.01623264200049831,44,0.4978540772532189,0.7764783738687144,1.889146110074805,0.0,nan,296.93566534318944,8.371142505125718
hybrid,none,2,5.016232642000499,34,0.6498599439775911,0.365358749003176,0.992305490211985,0.0,nan,296.93566534318944,8.371142505125718
hybrid,none,2,10.0162326420005,48,0.6046742913973148,0.37621901937945257,1.336802969277335,0.0,nan,296.93566534318944,8.371142505125718
hybrid,none,2,15.0162326420005,50,0.6862003780718336,0.4094694707486308,1.2508402374627108,0.0,nan,296.93566534318944,8.371142505125718
hybrid,none,2,20.0162326420005,37,0.6423076923076924,0.235486716603738,0.7602588853628172,0.0,nan,296.93566534318944,8.371142505125718
hybrid,none,2,25.0162326420005,41,0.6392045454545454,0.25835281672808463,1.5752729241987167,0.0,nan,296.93566534318944,8.371142505125718
hybrid,none,2,30.0162326420005,41,0.6711764705882353,0.23651002326406,1.0441545969285901,0.0,nan,296.93566534318944,8.371142505125718
hybrid,none,2,35.0162326420005,40,0.5963029218843172,0.2759652947856921,1.4510954751031728,0.0,nan,296.93566534318944,8.371142505125718
hybrid,none,2,40.0162326420005,43,0.7090095131505316,0.35650633135237797,1.1247656957181147,0.0,nan,296.93566534318944,8.371142505125718
hybrid,none,2,45.0162326420005,28,0.6546080964685616,0.21600000000000108,0.9609050214952637,0.0,nan,296.93566534318944,8.371142505125718
hybrid,none,2,50.0162326420005,47,0.6879143294237634,0.21311197191455022,0.8330734870429494,0.0,nan,296.93566534318944,8.371142505125718
hybrid,none,2,55.0162326420005,31,0.5873715124816447,0.27321349518828697,0.9543135610893427,0.0,nan,296.93566534318944,8.371142505125718
hybrid,none,2,60.0162326420005,38,0.64,0.24426136635528906,1.4236182596279379,0.0,nan,296.93566534318944,8.371142505125718
hybrid,none,2,65.0162326420005,42,0.5969125214408233,0.47149536493544986,1.3115732326859857,0.0,nan,296.93566534318944,8.371142505125718
hybrid,none,2,70.0162326420005,39,0.6396341463414634,0.26714446280676896,1.5080620361775903,0.0,nan,296.93566534318944,8.371142505125718
hybrid,none,2,75.0162326420005,39,0.6442953020134228,0.23199999999999932,1.4781960990908196,0.0,nan,296.93566534318944,8.371142505125718
hybrid,none,2,80.0162326420005,36,0.605814739688979,0.23131585103963914,2.424527380597733,0.0,nan,296.93566534318944,8.371142505125718
hybrid,none,2,85.0162326420005,50,0.6196642685851319,0.3990368071441779,1.435815065770089,0.0,nan,296.93566534318944,8.371142505125718
hybrid,none,2,90.0162326420005,40,0.6108171663727219,0.3506069817639812,1.2847242758097666,0.0,nan,296.93566534318944,8.371142505125718
hybrid,none,2,95.0162326420005,44,0.6162104133118625,0.2887260952976973,2.5357670184481735,0.0,nan,296.93566534318944,8.371142505125718
hybrid,none,2,100.0162326420005,44,0.6602254428341385,0.2694937848955945,1.4296630736233293,0.0,nan,296.93566534318944,8.371142505125718
hybrid,none,2,105.0162326420005,41,0.6968115942028985,0.23199999999999932,0.8591849386154252,0.0,nan,296.93566534318944,8.371142505125718
hybrid,none,2,110.0162326420005,50,0.6836104513064133,0.2623327550797825,1.3358209891756057,0.0,nan,296.93566534318944,8.371142505125718
hybrid,none,2,115.0162326420005,44,0.6763754045307443,0.3464063013187584,1.020802145704406,0.0,nan,296.93566534318944,8.371142505125718
hybrid,none,2,120.0162326420005,40,0.6215420835785757,0.25823446247145654,0.9687257026432093,0.0,nan,296.93566534318944,8.371142505125718
hybrid,none,2,125.0162326420005,46,0.6533055700156168,0.28584395995959255,0.8763373166971898,0.0,nan,296.93566534318944,8.371142505125718
hybrid,none,2,130.0162326420005,29,0.6744186046511628,0.23806995336005343,0.8190758849613166,0.0,nan,296.93566534318944,8.371142505125718
hybrid,none,2,135.0162326420005,41,0.6522481502561184,0.20984732108522053,1.3285908742501022,0.0,nan,296.93566534318944,8.371142505125718
hybrid,none,2,140.0162326420005,60,0.6226185650587759,0.2841317322447168,2.989112616900202,0.0,nan,296.93566534318944,8.371142505125718
hybrid,none,2,145.0162326420005,24,0.6484295845997974,0.2774666858562682,2.4694308137462606,0.0,nan,296.93566534318944,8.371142505125718
hybrid,none,2,150.0162326420005,41,0.6817116060961314,0.2024838162039373,0.8794280191444956,0.0,nan,296.93566534318944,8.371142505125718
hybrid,none,2,155.0162326420005,34,0.6744350282485876,0.2061200895924742,0.7462512861760401,0.0,nan,296.93566534318944,8.371142505125718
hybrid,none,2,160.0162326420005,44,0.6264274061990212,0.35862867232954443,0.8795452751502928,0.0,nan,296.93566534318944,8.371142505125718
hybrid,none,2,165.0162326420005,37,0.6213592233009708,0.2676536287088993,1.0784095105463065,0.0,nan,296.93566534318944,8.371142505125718
hybrid,none,2,170.0162326420005,41,0.6713286713286714,0.2068915500856292,0.7568000000000098,0.0,nan,296.93566534318944,8.371142505125718
hybrid,none,2,175.0162326420005,45,0.6715846994535519,0.23908516412782888,1.056276217210041,0.0,nan,296.93566534318944,8.371142505125718
hybrid,none,2,180.0162326420005,35,0.5995962314939435,0.2951710676532855,1.0489168443728376,0.0,nan,296.93566534318944,8.371142505125718
hybrid,none,2,185.0162326420005,46,0.6998982706002035,0.24471459970163778,1.359655551917889,0.0,nan,296.93566534318944,8.371142505125718
hybrid,none,2,190.0162326420005,41,0.6460023174971031,0.2741547398512125,1.0629542294734735,0.0,nan,296.93566534318944,8.371142505125718
hybrid,none,2,195.0162326420005,36,0.6644340254521098,0.20990230538288301,0.7681909699530733,0.0,nan,296.93566534318944,8.371142505125718
hybrid,none,2,200.0162326420005,41,0.6538237011091652,0.23816776023625152,1.2742139511231874,0.0,nan,296.93566534318944,8.371142505125718
hybrid,none,2,205.0162326420005,42,0.6150770988006853,0.42946747652761985,1.4242065168412168,0.0,nan,296.93566534318944,8.371142505125718
hybrid,none,2,210.0162326420005,38,0.6331658291457286,0.24562804291360862,1.250698610242476,0.0,nan,296.93566534318944,8.371142505125718
hybrid,none,2,215.0162326420005,44,0.6714522363335174,0.2216973942198024,1.544881903785103,0.0,nan,296.93566534318944,8.371142505125718
hybrid,none,2,220.0162326420005,53,0.6720575022461814,0.37751129511460135,1.6521044456604057,0.0,nan,296.93566534318944,8.371142505125718
hybrid,none,2,225.0162326420005,46,0.6230610134436402,0.39920443062116817,1.4780282763659585,0.0,nan,296.93566534318944,8.371142505125718
hybrid,none,2,230.0162326420005,33,0.6132008516678495,0.2977779951539219,1.0868181432066035,0.0,nan,296.93566534318944,8.371142505125718
hybrid,none,2,235.0162326420005,55,0.5618843683083512,0.7599999999999909,2.2519082871168825,0.0,nan,296.93566534318944,8.371142505125718
hybrid,none,2,240.0162326420005,38,0.6683544303797468,0.2727539003174684,1.145209702618129,0.0,nan,296.93566534318944,8.371142505125718
hybrid,none,2,245.0162326420005,48,0.6474133601205424,0.29310777497354934,1.2240185768224352,0.0,nan,296.93566534318944,8.371142505125718
hybrid,none,2,250.0162326420005,35,0.63262508567512,0.22420075198635914,1.0429345212968544,0.0,nan,296.93566534318944,8.371142505125718
hybrid,none,2,255.0162326420005,41,0.6479357798165137,0.22392777112520434,1.1437087823518142,0.0,nan,296.93566534318944,8.371142505125718
hybrid,none,2,260.0162326420005,40,0.5683836589698046,0.3428758388311053,0.8390658803064867,0.0,nan,296.93566534318944,8.371142505125718
hybrid,none,2,265.0162326420005,37,0.6131386861313869,0.23200000000002774,1.3612128558851078,0.0,nan,296.93566534318944,8.371142505125718
hybrid,none,2,270.0162326420005,59,0.6844679983693437,0.40159722212382576,2.077429759272192,0.0,nan,296.93566534318944,8.371142505125718
hybrid,none,2,275.0162326420005,35,0.5747820254862508,0.39200196511552576,1.8271356533571628,0.0,nan,296.93566534318944,8.371142505125718
hybrid,none,2,280.0162326420005,32,0.6050420168067226,0.2186440649165604,1.1187756128126165,0.0,nan,296.93566534318944,8.371142505125718
hybrid,none,2,285.0162326420005,30,0.6339144215530903,0.1909898691692149,0.7720545258243726,0.0,nan,296.93566534318944,8.371142505125718
hybrid,none,2,290.0162326420005,47,0.6435394670688789,0.25074069494831974,1.4895100190480217,0.0,nan,296.93566534318944,8.371142505125718
hybrid,none,2,295.0162326420005,35,0.6207366984993179,0.20764298409989124,1.4129883895826012,0.0,nan,296.93566534318944,8.371142505125718
hybrid,none,2,300.0162326420005,38,0.6557993730407523,0.25028734402468444,1.5956821972992616,0.0,nan,296.93566534318944,8.371142505125718
hybrid,none,2,305.0162326420005,47,0.6724935732647815,0.44053393845894107,1.4669952744296677,0.0,nan,296.93566534318944,8.371142505125718
hybrid,none,2,310.0162326420005,40,0.6219951923076923,0.26613701417358016,1.3723662477721785,0.0,nan,296.93566534318944,8.371142505125718
hybrid,none,2,315.0162326420005,36,0.6306068601583114,0.2634643573381368,0.9334037991553569,0.0,nan,296.93566534318944,8.371142505125718
hybrid,none,2,320.0162326420005,32,0.6399406087602079,0.21821250165274364,0.8040152413065426,0.0,nan,296.93566534318944,8.371142505125718
hybrid,none,2,325.0162326420005,39,0.5687203791469194,0.46208216796600254,1.027861523117307,0.0,nan,296.93566534318944,8.371142505125718
hybrid,none,2,330.0162326420005,44,0.6775244299674267,0.2535826423022911,1.0105911495696296,0.0,nan,296.93566534318944,8.371142505125718
hybrid,none,2,335.0162326420005,51,0.5904761904761905,0.6274019787042562,1.4591677895414534,0.0,nan,296.93566534318944,8.371142505125718
hybrid,none,2,340.0162326420005,35,0.6474622770919067,0.30638122887444297,1.1549448805025972,0.0,nan,296.93566534318944,8.371142505125718
hybrid,none,2,345.0162326420005,33,0.6666666666666666,0.19999999999998863,0.9321632716454928,0.0,nan,296.93566534318944,8.371142505125718
hybrid,none,2,350.0162326420005,45,0.6426666666666667,0.2912580473690696,1.164389816050041,0.0,nan,296.93566534318944,8.371142505125718
hybrid,none,2,355.0162326420005,48,0.6541916167664671,0.29267983975165635,1.2686723327682852,0.0,nan,296.93566534318944,8.371142505125718
hybrid,none,2,360.0162326420005,42,0.5991041433370661,0.5411464185059458,1.3817559408421087,0.0,nan,296.93566534318944,8.371142505125718
hybrid,none,2,365.0162326420005,38,0.6209824135839903,0.2788088118819303,1.05429239472803,0.0,nan,296.93566534318944,8.371142505125718
hybrid,none,2,370.0162326420005,41,0.5637507146941109,0.7205492137776446,1.9568208978081887,0.0,nan,296.93566534318944,8.371142505125718
hybrid,none,2,375.0162326420005,48,0.6409614421632449,1.1909704971064912,2.9743798743458094,0.0,nan,296.93566534318944,8.371142505125718
hybrid,none,2,380.0162326420005,39,0.6948130277442702,0.7505233363570483,1.7002776076234771,0.0,nan,296.93566534318944,8.371142505125718
hybrid,none,2,385.0162326420005,35,0.6290760869565217,0.6523712976708111,2.2564837327378493,0.0,nan,296.93566534318944,8.371142505125718
hybrid,none,2,390.0162326420005,40,0.5824583075972822,0.6640290680665544,1.6854364172694494,0.0,nan,296.93566534318944,8.371142505125718
hybrid,none,2,395.0162326420005,49,0.6677709417889257,0.7682762265280871,1.678451970799735,0.0,nan,296.93566534318944,8.371142505125718
hybrid,none,2,400.0162326420005,36,0.6221646143875567,0.6504223866162988,2.2341372778754702,0.0,nan,296.93566534318944,8.371142505125718
hybrid,none,2,405.0162326420005,58,0.5931512433754587,1.7098827737013949,3.1087530683641424,0.0,nan,296.93566534318944,8.371142505125718
hybrid,none,2,410.0162326420005,48,0.6805063291139241,2.679786041062272,3.5238137180890385,0.0,nan,296.93566534318944,8.371142505125718
hybrid,none,2,415.0162326420005,35,0.6804461942257218,1.4737975789359439,2.831441412782244,0.0,nan,296.93566534318944,8.371142505125718
hybrid,none,2,420.0162326420005,41,0.6023121387283237,0.8689318291257564,2.1499540084765165,0.0,nan,296.93566534318944,8.371142505125718
hybrid,none,2,425.0162326420005,33,0.6233082706766917,1.2403070642397438,1.9323011627108326,0.0,nan,296.93566534318944,8.371142505125718
hybrid,none,2,430.0162326420005,37,0.6121134020618557,1.0556513547788882,2.757687498957507,0.0,nan,296.93566534318944,8.371142505125718
hybrid,none,2,435.0162326420005,29,0.5435313262815297,0.5840000000000032,2.159180638680627,0.0,nan,296.93566534318944,8.371142505125718
hybrid,none,2,440.0162326420005,48,0.6691729323308271,0.5675834880524917,2.251975152495565,0.0,nan,296.93566534318944,8.371142505125718
hybrid,none,2,445.0162326420005,41,0.5905692926969522,0.7084410155594583,2.3356293439351137,0.0,nan,296.93566534318944,8.371142505125718
hybrid,none,2,450.0162326420005,49,0.6452232357177148,0.5667880342807621,3.112044146864168,0.0,nan,296.93566534318944,8.371142505125718
hybrid,none,2,455.0162326420005,36,0.5588624338624338,1.4621819264588396,2.644814864839293,0.0,nan,296.93566534318944,8.371142505125718
hybrid,none,2,460.0162326420005,28,0.6253186066270179,0.8623322757806875,1.9767822825037036,0.0,nan,296.93566534318944,8.371142505125718
hybrid,none,2,465.0162326420005,42,0.6495972382048332,0.4637373929296018,0.9426630949924152,0.0,nan,296.93566534318944,8.371142505125718
hybrid,none,2,470.0162326420005,47,0.5652600588812562,0.9603235950576732,3.50698014952022,0.0,nan,296.93566534318944,8.371142505125718
hybrid,none,2,475.0162326420005,49,0.5601918465227818,2.3264229793250024,4.3587775112657345,0.0,nan,296.93566534318944,8.371142505125718
hybrid,none,2,480.0162326420005,34,0.5552486187845304,2.9290961240560023,3.897087332840341,0.0,nan,296.93566534318944,8.371142505125718
hybrid,none,2,485.0162326420005,46,0.5654423176409726,3.877373672159905,5.214698463585589,0.0,nan,296.93566534318944,8.371142505125718
hybrid,none,2,490.0162326420005,32,0.5988023952095808,2.6014124635477742,4.581694973413309,0.0,nan,296.93566534318944,8.371142505125718
hybrid,none,2,495.0162326420005,34,0.6433076384022425,1.5637937347925401,2.4872634485379157,0.0,nan,296.93566534318944,8.371142505125718
hybrid,none,2,500.0162326420005,39,0.638733705772812,0.9674851682024723,2.3615117164045403,0.0,nan,296.93566534318944,8.371142505125718
hybrid,none,2,505.0162326420005,38,0.6134930643127364,0.8836346906525989,2.077049728117822,0.0,nan,296.93566534318944,8.371142505125718
hybrid,none,2,510.0162326420005,37,0.6066104990278678,0.7062704392614023,1.9147325556898795,0.0,nan,296.93566534318944,8.371142505125718
hybrid,none,2,515.0162326420004,30,0.6583400483481063,0.5814615827006264,1.5994754366039117,0.0,nan,296.93566534318944,8.371142505125718
hybrid,none,2,520.0162326420004,40,0.5266862170087977,0.4126852957820688,3.3149424929623965,0.0,nan,296.93566534318944,8.371142505125718
hybrid,none,2,525.0162326420004,36,0.6609724047306176,0.39751881055371996,2.671022440968175,0.0,nan,296.93566534318944,8.371142505125718
hybrid,none,2,530.0162326420004,47,0.7150837988826816,0.42242670576717956,1.3195819525664683,0.0,nan,296.93566534318944,8.371142505125718
hybrid,none,2,535.0162326420004,41,0.5668016194331984,0.7440000000000282,2.0740267708047218,0.0,nan,296.93566534318944,8.371142505125718
hybrid,none,2,540.0162326420004,51,0.6827880512091038,0.6210247198296202,2.4222897310571057,0.0,nan,296.93566534318944,8.371142505125718
hybrid,none,2,545.0162326420004,37,0.6251621271076524,0.813212799004873,2.023030892522047,0.0,nan,296.93566534318944,8.371142505125718
hybrid,none,2,550.0162326420004,40,0.6941896024464832,0.2901659360607596,0.9793209785230497,0.0,nan,296.93566534318944,8.371142505125718
hybrid,none,2,555.0162326420004,39,0.6689024390243903,0.4304402387048185,1.208830994802083,0.0,nan,296.93566534318944,8.371142505125718
hybrid,none,2,560.0162326420004,52,0.6137184115523465,1.317653473752216,3.4080596983888873,0.0,nan,296.93566534318944,8.371142505125718
hybrid,none,2,565.0162326420004,51,0.5950258094791178,3.1234708076557354,4.654075645519811,0.0,nan,296.93566534318944,8.371142505125718
hybrid,none,2,570.0162326420004,35,0.5189524465885597,2.7692390155224302,4.21839861083469,0.0,nan,296.93566534318944,8.371142505125718
hybrid,none,2,575.0162326420004,35,0.6815331010452962,2.0950051685912285,4.168582473641715,0.0,nan,296.93566534318944,8.371142505125718
hybrid,none,2,580.0162326420004,38,0.6821705426356589,1.0284386387704672,2.334407551696141,0.0,nan,296.93566534318944,8.371142505125718
hybrid,none,2,585.0162326420004,37,0.6238003838771593,0.5051484651448845,2.189172788687006,0.0,nan,296.93566534318944,8.371142505125718
hybrid,none,2,590.0162326420004,44,0.6419818859882792,1.6938111429998912,3.4694689804016994,0.0,nan,296.93566534318944,8.371142505125718
hybrid,none,2,595.0162326420004,41,0.6084198385236448,0.6863605772571191,2.635677700954512,0.0,nan,296.93566534318944,8.371142505125718
hybrid,none,2,600.0162326420004,36,0.5906630581867388,0.6603380029335995,1.5806778168346851,0.0,nan,296.93566534318944,8.371142505125718
hybrid,none,2,605.0162326420004,37,0.6688610928242265,0.6073576239718932,1.8376465986021457,0.0,nan,296.93566534318944,8.371142505125718
hybrid,none,2,610.0162326420004,40,0.5985705777248362,0.6816695923562861,1.97481284609716,0.0,nan,296.93566534318944,8.371142505125718
hybrid,none,2,615.0162326420004,50,0.7203065134099617,0.5120505629080867,1.310065908396719,0.0,nan,296.93566534318944,8.371142505125718
hybrid,none,2,620.0162326420004,33,0.6033357505438723,0.5926579184053935,2.6568621818567086,0.0,nan,296.93566534318944,8.371142505125718
hybrid,none,2,625.0162326420004,32,0.5875281743050338,0.4072531743883019,2.412845500549198,0.0,nan,296.93566534318944,8.371142505125718
hybrid,none,2,630.0162326420004,41,0.6367896895137668,0.5210410213475143,1.4382138456319127,0.0,nan,296.93566534318944,8.371142505125718
hybrid,none,2,635.0162326420004,42,0.6299831555306008,0.6021754991145372,1.4635803755476977,0.0,nan,296.93566534318944,8.371142505125718
hybrid,none,2,640.0162326420004,50,0.532449076267172,1.1283789994583344,2.8564465788769158,0.0,nan,296.93566534318944,8.371142505125718
hybrid,none,2,645.0162326420004,36,0.5795235028976176,2.5964978980551336,3.3805301705128383,0.0,nan,296.93566534318944,8.371142505125718
hybrid,none,2,650.0162326420004,47,0.5760485093481557,2.6381603258494124,3.8090929747725975,0.0,nan,296.93566534318944,8.371142505125718
hybrid,none,2,655.0162326420004,43,0.6384742951907131,2.6696274907266115,3.938361051282845,0.0,nan,296.93566534318944,8.371142505125718
hybrid,none,2,660.0162326420004,34,0.6292134831460674,2.581989463923378,3.417467506732091,0.0,nan,296.93566534318944,8.371142505125718
hybrid,none,2,665.0162326420004,30,0.6685575364667747,1.2508478371891556,2.58336380561899,0.0,nan,296.93566534318944,8.371142505125718
hybrid,none,2,670.0162326420004,38,0.6906700062617408,0.249311580591268,1.290098534400171,0.0,nan,296.93566534318944,8.371142505125718
hybrid,none,2,675.0162326420004,31,0.5564821834723275,0.48191301943575127,2.584360169832746,0.0,nan,296.93566534318944,8.371142505125718
hybrid,none,2,680.0162326420004,31,0.6285714285714286,0.27771480535432147,0.9705472087742464,0.0,nan,296.93566534318944,8.371142505125718
hybrid,none,2,685.0162326420004,43,0.6286341195831048,0.6158010971760177,2.9013024154051656,0.0,nan,296.93566534318944,8.371142505125718
hybrid,none,2,690.0162326420004,44,0.6441784548422198,0.49903230466941295,1.966450353711465,0.0,nan,296.93566534318944,8.371142505125718
hybrid,none,2,695.0162326420004,30,0.6666666666666666,1.0014383084665042,1.8715562873307192,0.0,nan,296.93566534318944,8.371142505125718
hybrid,none,2,700.0162326420004,39,0.5966081162931557,0.5055545846147425,2.1061148394492646,0.0,nan,296.93566534318944,8.371142505125718
hybrid,none,2,705.0162326420004,51,0.6605080831408776,0.8575282978158612,3.1234090008851467,0.0,nan,296.93566534318944,8.371142505125718
hybrid,none,2,710.0162326420004,36,0.6281708945260347,0.5245986766055921,3.0980219921250063,0.0,nan,296.93566534318944,8.371142505125718
hybrid,none,2,715.0162326420004,35,0.612859097127223,0.2539707801430495,2.34929630733774,0.0,nan,296.93566534318944,8.371142505125718
hybrid,none,2,720.0162326420004,37,0.6527415143603134,0.3590776094800958,1.1024979869903928,0.0,nan,296.93566534318944,8.371142505125718
hybrid,none,2,725.0162326420004,38,0.6555697823303457,0.2833217607674783,0.9908032911881144,0.0,nan,296.93566534318944,8.371142505125718
hybrid,none,2,730.0162326420004,47,0.6217171717171717,0.4579797902605378,1.8587624864515166,0.0,nan,296.93566534318944,8.371142505125718
hybrid,none,2,735.0162326420004,40,0.6755609460278957,0.5103242963979824,1.5441159287601611,0.0,nan,296.93566534318944,8.371142505125718
hybrid,none,2,740.0162326420004,18,0.635,0.5557821475038622,0.9623164498373974,0.0,nan,296.93566534318944,8.371142505125718
dualmap,none,0,0.0849914879961137,33,0.4342857142857143,1.2827595641954517,2.9521926261847327,0.0,nan,296.28939501833446,11.109821616846135
dualmap,none,0,5.084991487996113,37,0.7102092580849715,0.23723597264018714,1.0549391964384662,0.0,nan,296.28939501833446,11.109821616846135
dualmap,none,0,10.084991487996113,33,0.6915204678362573,0.2061570573117777,1.2267851946773152,0.0,nan,296.28939501833446,11.109821616846135
dualmap,none,0,15.084991487996113,36,0.7534336167429693,0.1999999999999993,0.5122349914740276,0.0,nan,296.28939501833446,11.109821616846135
dualmap,none,0,20.084991487996113,53,0.7051397655545536,0.3791758782930863,2.4252010384678746,0.0,nan,296.28939501833446,11.109821616846135
dualmap,none,0,25.084991487996113,49,0.6672845227062094,1.588151902606974,4.046884044080729,0.0,nan,296.28939501833446,11.109821616846135
dualmap,none,0,30.084991487996113,44,0.7110286320254506,2.4339052422485246,4.356523129566425,0.0,nan,296.28939501833446,11.109821616846135
dualmap,none,0,35.08499148799611,38,0.7510809141445337,1.3211288917073531,3.1296919651644988,0.0,nan,296.28939501833446,11.109821616846135
dualmap,none,0,40.08499148799611,41,0.745486313337216,1.3003509305490653,3.222723450708139,0.0,nan,296.28939501833446,11.109821616846135
dualmap,none,0,45.08499148799611,34,0.7262723521320495,0.2770564313682371,1.6431598248171988,0.0,nan,296.28939501833446,11.109821616846135
dualmap,none,0,50.08499148799611,50,0.7319587628865979,0.7434243161942824,2.854322596431931,0.0,nan,296.28939501833446,11.109821616846135
dualmap,none,0,55.08499148799611,44,0.7075055187637969,0.2778960485920763,2.2197716935244194,0.0,nan,296.28939501833446,11.109821616846135
dualmap,none,0,60.08499148799611,50,0.7111111111111111,0.560791505706149,1.7020691555126488,0.0,nan,296.28939501833446,11.109821616846135
dualmap,none,0,65.08499148799612,33,0.7409551374819102,0.22114473758865927,0.8480729981521653,0.0,nan,296.28939501833446,11.109821616846135
dualmap,none,0,70.08499148799612,45,0.7018008474576272,0.3124974268028353,1.0969177990362358,0.0,nan,296.28939501833446,11.109821616846135
dualmap,none,0,75.08499148799612,38,0.7769968051118211,0.18455279909021982,0.48302696562811226,0.0,nan,296.28939501833446,11.109821616846135
dualmap,none,0,80.08499148799612,46,0.7187340479836651,0.26684846431629694,1.686836982907818,0.0,nan,296.28939501833446,11.109821616846135
dualmap,none,0,85.08499148799612,36,0.7382992748846408,0.2761651674247858,1.1490728109119035,0.0,nan,296.28939501833446,11.109821616846135
dualmap,none,0,90.08499148799612,35,0.713031735313977,0.24800000000000466,0.7992297180833049,0.0,nan,296.28939501833446,11.109821616846135
dualmap,none,0,95.08499148799612,36,0.7193569993302076,0.22137875749684355,0.5897746086009362,0.0,nan,296.28939501833446,11.109821616846135
dualmap,none,0,100.08499148799612,43,0.7157665030005456,0.26867694014713095,1.3249869416507933,0.0,nan,296.28939501833446,11.109821616846135
dualmap,none,0,105.08499148799612,38,0.7474226804123711,0.20449298428905394,0.7204514714530451,0.0,nan,296.28939501833446,11.109821616846135
dualmap,none,0,110.08499148799612,31,0.7743950039032006,0.2155938720631383,0.49349983150992777,0.0,nan,296.28939501833446,11.109821616846135
dualmap,none,0,115.08499148799612,41,0.6662810873337189,0.2516353474711792,1.6042909118708082,0.0,nan,296.28939501833446,11.109821616846135
dualmap,none,0,120.08499148799612,43,0.7394636015325671,0.2158171988360209,0.8711161985922372,0.0,nan,296.28939501833446,11.109821616846135
dualmap,none,0,125.08499148799612,39,0.7232742822235797,0.21600000000000819,0.7379200000000031,0.0,nan,296.28939501833446,11.109821616846135
dualmap,none,0,130.08499148799612,42,0.7094211123723042,0.2462951526748185,0.999357538505758,0.0,nan,296.28939501833446,11.109821616846135
dualmap,none,0,135.08499148799612,38,0.7133757961783439,0.19236980859201935,1.0701559319019585,0.0,nan,296.28939501833446,11.109821616846135
dualmap,none,0,140.08499148799612,33,0.7782771535580524,0.16800000000000637,0.535010834862312,0.0,nan,296.28939501833446,11.109821616846135
dualmap,none,0,145.08499148799612,40,0.7319648093841642,0.25272322101596956,0.9075909999880701,0.0,nan,296.28939501833446,11.109821616846135
dualmap,none,0,150.08499148799612,33,0.7553648068669528,0.18975797281248674,0.9039411946135828,0.0,nan,296.28939501833446,11.109821616846135
dualmap,none,0,155.08499148799612,47,0.7414584395716471,0.22026704517259077,1.0199612064811554,0.0,nan,296.28939501833446,11.109821616846135
dualmap,none,0,160.08499148799612,36,0.7310704960835509,0.23479323140128372,0.6729874310374441,0.0,nan,296.28939501833446,11.109821616846135
dualmap,none,0,165.08499148799612,35,0.7030625832223701,0.23157547662250977,0.8815160404216703,0.0,nan,296.28939501833446,11.109821616846135
dualmap,none,0,170.08499148799612,34,0.7297857636489288,0.24002876940099327,0.6040469628591026,0.0,nan,296.28939501833446,11.109821616846135
dualmap,none,0,175.08499148799612,34,0.6666666666666666,0.3376978976017142,1.0626337564391952,0.0,nan,296.28939501833446,11.109821616846135
dualmap,none,0,180.08499148799612,50,0.7358047864852182,0.35364738408789265,0.9897704425792279,0.0,nan,296.28939501833446,11.109821616846135
dualmap,none,0,185.08499148799612,31,0.7465007776049767,0.19222968574447918,0.7111074029768985,0.0,nan,296.28939501833446,11.109821616846135
dualmap,none,0,190.08499148799612,39,0.7186562687462508,0.25294243729945265,0.6678142595579276,0.0,nan,296.28939501833446,11.109821616846135
dualmap,none,0,195.08499148799612,44,0.7220139260846278,0.24851271810230458,0.705259433198766,0.0,nan,296.28939501833446,11.109821616846135
dualmap,none,0,200.08499148799612,47,0.7415617128463476,0.23199999999999932,0.9535628132986806,0.0,nan,296.28939501833446,11.109821616846135
dualmap,none,0,205.08499148799612,37,0.737988468930173,0.23048545915256113,1.0412126333022456,0.0,nan,296.28939501833446,11.109821616846135
dualmap,none,0,210.08499148799612,48,0.7387033398821218,0.22822730771177646,0.7391172166362834,0.0,nan,296.28939501833446,11.109821616846135
dualmap,none,0,215.08499148799612,39,0.6834750911300121,0.2523937343129603,1.3819037977437159,0.0,nan,296.28939501833446,11.109821616846135
dualmap,none,0,220.08499148799612,41,0.7511737089201878,0.19748452146859563,0.5883292070474171,0.0,nan,296.28939501833446,11.109821616846135
dualmap,none,0,225.08499148799612,53,0.7384615384615385,0.28177085200493934,3.305350838528424,0.0,nan,296.28939501833446,11.109821616846135
dualmap,none,0,230.08499148799612,55,0.7005553182400683,0.8601470184351001,3.0461517694718396,0.0,nan,296.28939501833446,11.109821616846135
dualmap,none,0,235.08499148799612,48,0.7283292978208232,0.5534326124731308,2.794637629999456,0.0,nan,296.28939501833446,11.109821616846135
dualmap,none,0,240.08499148799612,34,0.7277739490006891,0.25871196685511677,1.688243111449759,0.0,nan,296.28939501833446,11.109821616846135
dualmap,none,0,245.08499148799612,45,0.7562162162162163,0.24249237409577518,0.6946606296602481,0.0,nan,296.28939501833446,11.109821616846135
dualmap,none,0,250.08499148799612,42,0.7400881057268722,0.2714917459760926,0.8207355177530019,0.0,nan,296.28939501833446,11.109821616846135
dualmap,none,0,255.08499148799612,45,0.7211740041928721,0.35016621586771635,1.207164221218816,0.0,nan,296.28939501833446,11.109821616846135
dualmap,none,0,260.08499148799615,56,0.7445721583652618,0.35037580368972954,1.1836931552299264,0.0,nan,296.28939501833446,11.109821616846135
dualmap,none,0,265.08499148799615,32,0.7342709104367136,0.22818652947046303,0.6123652163339424,0.0,nan,296.28939501833446,11.109821616846135
dualmap,none,0,270.08499148799615,43,0.7264673311184939,0.24799999999999045,1.4166421527028352,0.0,nan,296.28939501833446,11.109821616846135
dualmap,none,0,275.08499148799615,49,0.728895320791124,0.2856756198755761,1.179295386749793,0.0,nan,296.28939501833446,11.109821616846135
dualmap,none,0,280.08499148799615,38,0.6784825870646766,0.2812501813976098,0.7359951872926991,0.0,nan,296.28939501833446,11.109821616846135
dualmap,none,0,285.08499148799615,47,0.760475944128298,0.19876889196302727,0.5343388750846871,0.0,nan,296.28939501833446,11.109821616846135
dualmap,none,0,290.08499148799615,35,0.7246278755074425,0.21600000000000819,0.7411673453295046,0.0,nan,296.28939501833446,11.109821616846135
dualmap,none,0,295.08499148799615,41,0.7360552041403106,0.21600000000000819,0.7031505102451662,0.0,nan,296.28939501833446,11.109821616846135
dualmap,none,0,300.08499148799615,36,0.6976284584980237,0.2727283998878818,0.692181896237011,0.0,nan,296.28939501833446,11.109821616846135
dualmap,none,0,305.08499148799615,39,0.7095588235294118,0.24350486964578977,1.5602477607025829,0.0,nan,296.28939501833446,11.109821616846135
dualmap,none,0,310.08499148799615,43,0.7259747391543108,0.26400000000001,1.0841942313599742,0.0,nan,296.28939501833446,11.109821616846135
dualmap,none,0,315.08499148799615,34,0.7793696275071633,0.181625547100424,0.3919364202441836,0.0,nan,296.28939501833446,11.109821616846135
dualmap,none,0,320.08499148799615,43,0.7321428571428571,0.21686190746379452,0.8074727951601366,0.0,nan,296.28939501833446,11.109821616846135
dualmap,none,0,325.08499148799615,54,0.7270294380017841,0.37477884848854615,1.6327855092809846,0.0,nan,296.28939501833446,11.109821616846135
dualmap,none,0,330.08499148799615,33,0.735632183908046,0.2229273018140816,0.65326185393787,0.0,nan,296.28939501833446,11.109821616846135
dualmap,none,0,335.08499148799615,40,0.7089820359281437,0.27372560529244083,1.4056250666309824,0.0,nan,296.28939501833446,11.109821616846135
dualmap,none,0,340.08499148799615,44,0.7332242225859247,0.47753851215139775,1.885923236062276,0.0,nan,296.28939501833446,11.109821616846135
dualmap,none,0,345.08499148799615,36,0.7087947882736156,0.2952992523023852,0.8273410874191768,0.0,nan,296.28939501833446,11.109821616846135
dualmap,none,0,350.08499148799615,47,0.7335710646968925,0.27650154424736684,1.0908645493306097,0.0,nan,296.28939501833446,11.109821616846135
dualmap,none,0,355.08499148799615,40,0.7322175732217573,0.2146060647993977,0.6793271744119568,0.0,nan,296.28939501833446,11.109821616846135
dualmap,none,0,360.08499148799615,33,0.722707423580786,0.2100558270249735,0.6141729124458106,0.0,nan,296.28939501833446,11.109821616846135
dualmap,none,0,365.08499148799615,29,0.7542087542087542,0.17264988739827913,0.8596350867614433,0.0,nan,296.28939501833446,11.109821616846135
dualmap,none,0,370.08499148799615,41,0.6166861143523921,0.408941593606869,1.9840378072993645,0.0,nan,296.28939501833446,11.109821616846135
dualmap,none,0,375.08499148799615,43,0.6893258426966292,0.4985347127055775,1.7465079364530673,0.0,nan,296.28939501833446,11.109821616846135
dualmap,none,0,380.08499148799615,42,0.6559556786703601,0.2976005984248218,0.9642994025848429,0.0,nan,296.28939501833446,11.109821616846135
dualmap,none,0,385.08499148799615,35,0.6998635743519782,0.25564596680140994,1.3353556774031583,0.0,nan,296.28939501833446,11.109821616846135
dualmap,none,0,390.08499148799615,57,0.6831310171619924,0.5112551672689847,2.730674878846404,0.0,nan,296.28939501833446,11.109821616846135
dualmap,none,0,395.08499148799615,39,0.7409261576971214,0.6734904842817855,1.4491737022539335,0.0,nan,296.28939501833446,11.109821616846135
dualmap,none,0,400.08499148799615,29,0.6213592233009708,0.49171911761345655,1.9313349401199933,0.0,nan,296.28939501833446,11.109821616846135
dualmap,none,0,405.08499148799615,39,0.6520935960591133,0.3996993236130493,1.0439950515216598,0.0,nan,296.28939501833446,11.109821616846135
dualmap,none,0,410.08499148799615,35,0.6245756958587916,0.3767676852382351,1.4065057592802004,0.0,nan,296.28939501833446,11.109821616846135
dualmap,none,0,415.08499148799615,38,0.7541401273885351,0.23401524122149908,1.629356904452299,0.0,nan,296.28939501833446,11.109821616846135
dualmap,none,0,420.08499148799615,36,0.697112155809268,0.3016462031209812,2.0794316641298507,0.0,nan,296.28939501833446,11.109821616846135
dualmap,none,0,425.08499148799615,44,0.6904761904761905,0.3055183670763597,1.075839482821961,0.0,nan,296.28939501833446,11.109821616846135
dualmap,none,0,430.08499148799615,37,0.6757281553398058,0.5405048127504983,1.5161815435066888,0.0,nan,296.28939501833446,11.109821616846135
dualmap,none,0,435.08499148799615,44,0.7018121911037891,0.3189692861352569,0.8669957818650801,0.0,nan,296.28939501833446,11.109821616846135
dualmap,none,0,440.08499148799615,52,0.6557377049180327,1.0374053210245506,2.7889511556006954,0.0,nan,296.28939501833446,11.109821616846135
dualmap,none,0,445.08499148799615,37,0.6695815115552779,1.4255485903385647,3.2679649335326486,0.0,nan,296.28939501833446,11.109821616846135
dualmap,none,0,450.08499148799615,37,0.6441875401412974,0.6223835031867679,3.0127911856529344,0.0,nan,296.28939501833446,11.109821616846135
dualmap,none,0,455.08499148799615,42,0.652027027027027,0.6695451944259787,1.5293999529207347,0.0,nan,296.28939501833446,11.109821616846135
dualmap,none,0,460.08499148799615,47,0.6881993896236012,1.114893516137272,3.279700357995185,0.0,nan,296.28939501833446,11.109821616846135
dualmap,none,0,465.08499148799615,38,0.7000634115409005,1.1296196922336037,2.633330584929421,0.0,nan,296.28939501833446,11.109821616846135
dualmap,none,0,470.08499148799615,42,0.709494030699261,0.7247339722098616,1.7854960713007406,0.0,nan,296.28939501833446,11.109821616846135
dualmap,none,0,475.08499148799615,46,0.6124426313105559,0.8206152319257285,2.5172054687917997,0.0,nan,296.28939501833446,11.109821616846135
dualmap,none,0,480.08499148799615,46,0.6940928270042194,1.0703545055681047,2.570818145394338,0.0,nan,296.28939501833446,11.109821616846135
dualmap,none,0,485.08499148799615,39,0.7580138277812697,0.5591864813573579,1.9014750128562408,0.0,nan,296.28939501833446,11.109821616846135
dualmap,none,0,490.08499148799615,29,0.6535947712418301,0.2450836002971073,1.3304151422544757,0.0,nan,296.28939501833446,11.109821616846135
dualmap,none,0,495.08499148799615,35,0.7052341597796143,0.4624853522603303,1.5251797016193096,0.0,nan,296.28939501833446,11.109821616846135
dualmap,none,0,500.08499148799615,33,0.7396963123644251,0.24644950089890472,0.7491981938130265,0.0,nan,296.28939501833446,11.109821616846135
dualmap,none,0,505.08499148799615,38,0.6441717791411042,0.4322894573553526,1.2633491488522657,0.0,nan,296.28939501833446,11.109821616846135
dualmap,none,0,510.08499148799615,38,0.6548129981606376,0.27172872937057946,1.4748412880807342,0.0,nan,296.28939501833446,11.109821616846135
dualmap,none,0,515.0849914879961,49,0.6644359464627151,0.782498111909149,1.7975557291160291,0.0,nan,296.28939501833446,11.109821616846135
dualmap,none,0,520.0849914879961,48,0.694471865745311,1.0015171301170653,2.390622958078814,0.0,nan,296.28939501833446,11.109821616846135
dualmap,none,0,525.0849914879961,42,0.6508571428571429,0.46423665621045984,1.6001776619042538,0.0,nan,296.28939501833446,11.109821616846135
dualmap,none,0,530.0849914879961,47,0.7256004087889627,0.6871837902540392,1.9957069508437597,0.0,nan,296.28939501833446,11.109821616846135
dualmap,none,0,535.0849914879961,46,0.7268885367142103,0.3156438124075862,1.097095068927109,0.0,nan,296.28939501833446,11.109821616846135
dualmap,none,0,540.0849914879961,29,0.7177352206494588,0.22334467406938074,0.8939174268526902,0.0,nan,296.28939501833446,11.109821616846135
dualmap,none,0,545.0849914879961,45,0.7192890747516989,0.3847658024097882,2.8829687759559697,0.0,nan,296.28939501833446,11.109821616846135
dualmap,none,0,550.0849914879961,45,0.5899893503727369,1.9854365012245125,3.551232876334866,0.0,nan,296.28939501833446,11.109821616846135
dualmap,none,0,555.0849914879961,34,0.6554621848739496,2.1030172516271364,3.924399189629173,0.0,nan,296.28939501833446,11.109821616846135
dualmap,none,0,560.0849914879961,37,0.6623544631306598,1.8619886684650737,2.72891310719288,0.0,nan,296.28939501833446,11.109821616846135
dualmap,none,0,565.0849914879961,38,0.6539643515673018,0.9735073450681853,2.320887643575214,0.0,nan,296.28939501833446,11.109821616846135
dualmap,none,0,570.0849914879961,26,0.6715867158671587,0.3386329589495176,1.4688616871405031,0.0,nan,296.28939501833446,11.109821616846135
dualmap,none,0,575.0849914879961,40,0.6865671641791045,0.33709826476359694,1.0128792770867927,0.0,nan,296.28939501833446,11.109821616846135
dualmap,none,0,580.0849914879961,39,0.6411483253588517,0.6209912404225406,1.242261393235749,0.0,nan,296.28939501833446,11.109821616846135
dualmap,none,0,585.0849914879961,47,0.6772055073941866,0.9155363325098733,3.3435854779190226,0.0,nan,296.28939501833446,11.109821616846135
dualmap,none,0,590.0849914879961,36,0.6298305084745762,0.49347987601851173,2.9593318392213175,0.0,nan,296.28939501833446,11.109821616846135
dualmap,none,0,595.0849914879961,34,0.7007142857142857,0.6698775765083269,3.200795753122736,0.0,nan,296.28939501833446,11.109821616846135
dualmap,none,0,600.0849914879961,39,0.729513247073321,0.24482050701021763,1.4348725538998133,0.0,nan,296.28939501833446,11.109821616846135
dualmap,none,0,605.0849914879961,37,0.6847195357833655,0.523723969670641,1.2786479953821073,0.0,nan,296.28939501833446,11.109821616846135
dualmap,none,0,610.0849914879961,40,0.6881656804733728,0.47908922093699857,1.5216994324686741,0.0,nan,296.28939501833446,11.109821616846135
dualmap,none,0,615.0849914879961,44,0.6491228070175439,0.8007451241589365,2.0391994039179586,0.0,nan,296.28939501833446,11.109821616846135
dualmap,none,0,620.0849914879961,47,0.7060030785017958,0.5382278083666279,1.2443192265723655,0.0,nan,296.28939501833446,11.109821616846135
dualmap,none,0,625.0849914879961,44,0.6763896532746285,0.6621913963815587,2.108780402363523,0.0,nan,296.28939501833446,11.109821616846135
dualmap,none,0,630.0849914879961,46,0.7426160337552743,0.24525919521795458,0.6888215919107379,0.0,nan,296.28939501833446,11.109821616846135
dualmap,none,0,635.0849914879961,38,0.7079646017699115,0.44212411013052133,1.1945966371600856,0.0,nan,296.28939501833446,11.109821616846135
dualmap,none,0,640.0849914879961,42,0.6593344613649182,0.4670366263629262,1.4476069473074502,0.0,nan,296.28939501833446,11.109821616846135
dualmap,none,0,645.0849914879961,48,0.6678200692041523,1.611092290057286,3.288342853246859,0.0,nan,296.28939501833446,11.109821616846135
dualmap,none,0,650.0849914879961,33,0.611151339608979,1.893647619970352,3.5877998363368304,0.0,nan,296.28939501833446,11.109821616846135
dualmap,none,0,655.0849914879961,41,0.681044267877412,1.068588680625794,2.8452229427333364,0.0,nan,296.28939501833446,11.109821616846135
dualmap,none,0,660.0849914879961,33,0.6123316796598157,0.5904951115057884,1.8382665592578222,0.0,nan,296.28939501833446,11.109821616846135
dualmap,none,0,665.0849914879961,39,0.6259168704156479,0.37951699708673914,1.1367789229475462,0.0,nan,296.28939501833446,11.109821616846135
dualmap,none,0,670.0849914879961,31,0.7354116706634692,0.25700274411428836,1.3541996179564422,0.0,nan,296.28939501833446,11.109821616846135
dualmap,none,0,675.0849914879961,34,0.6417704011065007,0.3693754151686903,1.024922631507793,0.0,nan,296.28939501833446,11.109821616846135
dualmap,none,0,680.0849914879961,43,0.7226236798221234,0.2658876694376886,1.4003186817965319,0.0,nan,296.28939501833446,11.109821616846135
dualmap,none,0,685.0849914879961,44,0.695411829740188,0.38378866639800435,1.3313616325103703,0.0,nan,296.28939501833446,11.109821616846135
dualmap,none,0,690.0849914879961,45,0.6971335857220119,0.33900372873154083,1.458290561270824,0.0,nan,296.28939501833446,11.109821616846135
dualmap,none,0,695.0849914879961,48,0.7028092656481025,0.4144295443992405,1.2414166960994477,0.0,nan,296.28939501833446,11.109821616846135
dualmap,none,0,700.0849914879961,43,0.6937187326292384,0.3635711547080973,1.0580547703301426,0.0,nan,296.28939501833446,11.109821616846135
dualmap,none,0,705.0849914879961,46,0.7213459516298633,0.330822944739964,2.4185519878132706,0.0,nan,296.28939501833446,11.109821616846135
dualmap,none,0,710.0849914879961,42,0.6857463524130191,1.1937312701507494,3.268946565194926,0.0,nan,296.28939501833446,11.109821616846135
dualmap,none,0,715.0849914879961,37,0.6606451612903226,0.7676681863586055,3.3475814042584444,0.0,nan,296.28939501833446,11.109821616846135
dualmap,none,0,720.0849914879961,46,0.71413390010627,0.8116332356281077,2.565633003315002,0.0,nan,296.28939501833446,11.109821616846135
dualmap,none,0,725.0849914879961,33,0.7079646017699115,0.25082500004725716,1.3321937334549874,0.0,nan,296.28939501833446,11.109821616846135
dualmap,none,0,730.0849914879961,47,0.6714358712314767,0.7431306930665187,2.7067773580054517,0.0,nan,296.28939501833446,11.109821616846135
dualmap,none,0,735.0849914879961,37,0.6400255754475703,1.1233650535397146,2.461144420832734,0.0,nan,296.28939501833446,11.109821616846135
dualmap,none,0,740.0849914879961,5,0.7960199004975125,0.18839392018912804,0.5123961120242757,0.0,nan,296.28939501833446,11.109821616846135
dualmap,none,1,0.13412862829656735,33,0.43867243867243866,0.744,2.3083217522013766,0.0,nan,301.3564596279388,11.109821616846135
dualmap,none,1,5.134128628296567,37,0.7531270572745227,0.182416492006511,0.7557045591733331,0.0,nan,301.3564596279388,11.109821616846135
dualmap,none,1,10.134128628296567,46,0.7506426735218509,0.22669849913943985,0.3903480705802604,0.0,nan,301.3564596279388,11.109821616846135
dualmap,none,1,15.134128628296567,40,0.7109515260323159,0.23960008230520558,0.9557070468328525,0.0,nan,301.3564596279388,11.109821616846135
dualmap,none,1,20.134128628296565,42,0.6862302483069977,0.25163470799556187,1.1287865172156453,0.0,nan,301.3564596279388,11.109821616846135
dualmap,none,1,25.134128628296565,31,0.7311500380807312,0.23199999999999932,0.7581681172580903,0.0,nan,301.3564596279388,11.109821616846135
dualmap,none,1,30.134128628296565,32,0.6945668135095447,0.2159347457360994,0.7604607334788601,0.0,nan,301.3564596279388,11.109821616846135
dualmap,none,1,35.134128628296565,38,0.7382716049382716,0.23552122400701236,1.1588247035236876,0.0,nan,301.3564596279388,11.109821616846135
dualmap,none,1,40.134128628296565,25,0.689784442361762,0.20000000000000284,0.7566882888598772,0.0,nan,301.3564596279388,11.109821616846135
dualmap,none,1,45.134128628296565,28,0.7236180904522613,0.22191823721203008,0.5563282333517925,0.0,nan,301.3564596279388,11.109821616846135
dualmap,none,1,50.134128628296565,39,0.7441860465116279,0.20000000000000284,0.6938689090546935,0.0,nan,301.3564596279388,11.109821616846135
dualmap,none,1,55.134128628296565,39,0.7374166161309885,0.19377716115250365,1.0670260052021983,0.0,nan,301.3564596279388,11.109821616846135
dualmap,none,1,60.134128628296565,45,0.7425796006475985,0.22012908884696003,0.6738720619515365,0.0,nan,301.3564596279388,11.109821616846135
dualmap,none,1,65.13412862829657,40,0.6875369167158889,0.23825372927421995,1.2289006865822878,0.0,nan,301.3564596279388,11.109821616846135
dualmap,none,1,70.13412862829657,37,0.6974683544303798,0.30887516708044416,1.395264599378138,0.0,nan,301.3564596279388,11.109821616846135
dualmap,none,1,75.13412862829657,49,0.7198462277751081,0.25223006323575703,0.7296010822688334,0.0,nan,301.3564596279388,11.109821616846135
dualmap,none,1,80.13412862829657,51,0.6995348837209302,0.2734040744140174,1.3196880883667035,0.0,nan,301.3564596279388,11.109821616846135
dualmap,none,1,85.13412862829657,38,0.7256637168141593,0.23204973968906728,1.1511552142910833,0.0,nan,301.3564596279388,11.109821616846135
dualmap,none,1,90.13412862829657,41,0.7100766057748968,0.22300371067805713,0.987375290616211,0.0,nan,301.3564596279388,11.109821616846135
dualmap,none,1,95.13412862829657,44,0.7483660130718954,0.21311744125298304,0.5337630574073108,0.0,nan,301.3564596279388,11.109821616846135
dualmap,none,1,100.13412862829657,39,0.7322201607915894,0.20585565636960723,0.6280058891637099,0.0,nan,301.3564596279388,11.109821616846135
dualmap,none,1,105.13412862829657,35,0.6752305665349143,0.24749031636380892,1.6434408239748304,0.0,nan,301.3564596279388,11.109821616846135
dualmap,none,1,110.13412862829657,28,0.7226890756302521,0.2175533639427556,0.5820944092339325,0.0,nan,301.3564596279388,11.109821616846135
dualmap,none,1,115.13412862829657,40,0.670547147846333,0.2469909859157724,1.7313442252664544,0.0,nan,301.3564596279388,11.109821616846135
dualmap,none,1,120.13412862829657,47,0.6950535441101479,0.2922341412100309,1.9743133350283408,0.0,nan,301.3564596279388,11.109821616846135
dualmap,none,1,125.13412862829657,52,0.7105143377332727,0.3050471017396177,0.9844638890501924,0.0,nan,301.3564596279388,11.109821616846135
dualmap,none,1,130.13412862829657,39,0.6969147005444646,0.24408269455176423,1.172481166992091,0.0,nan,301.3564596279388,11.109821616846135
dualmap,none,1,135.13412862829657,40,0.7396204033214709,0.2251143287709283,0.5880587176639992,0.0,nan,301.3564596279388,11.109821616846135
dualmap,none,1,140.13412862829657,43,0.6867000556483027,0.23199999999999932,1.3719339427250286,0.0,nan,301.3564596279388,11.109821616846135
dualmap,none,1,145.13412862829657,39,0.6749394673123487,0.26400000000001,1.50158163679278,0.0,nan,301.3564596279388,11.109821616846135
dualmap,none,1,150.13412862829657,44,0.7199784598815293,0.2657034090539554,2.105123679808399,0.0,nan,301.3564596279388,11.109821616846135
dualmap,none,1,155.13412862829657,43,0.7332205301748449,0.2645075447187537,1.1907210817626326,0.0,nan,301.3564596279388,11.109821616846135
dualmap,none,1,160.13412862829657,36,0.7440206851971558,0.21920735521386803,0.8876423843199787,0.0,nan,301.3564596279388,11.109821616846135
dualmap,none,1,165.13412862829657,36,0.7303370786516854,0.2144849126784294,0.6189256015072672,0.0,nan,301.3564596279388,11.109821616846135
dualmap,none,1,170.13412862829657,37,0.733464309102816,0.22203815016402473,0.640517341975999,0.0,nan,301.3564596279388,11.109821616846135
dualmap,none,1,175.13412862829657,45,0.7087227414330218,0.24799999999999045,1.0706330246553502,0.0,nan,301.3564596279388,11.109821616846135
dualmap,none,1,180.13412862829657,46,0.7494908350305499,0.29863615600977766,0.9947021030020405,0.0,nan,301.3564596279388,11.109821616846135
dualmap,none,1,185.13412862829657,35,0.6219839142091153,0.2880604947882546,1.2388860890438045,0.0,nan,301.3564596279388,11.109821616846135
dualmap,none,1,190.13412862829657,47,0.7290095525389643,0.27065726024744663,1.5239617591894625,0.0,nan,301.3564596279388,11.109821616846135
dualmap,none,1,195.13412862829657,39,0.7405806053119209,0.20844098740971617,0.8965421599338937,0.0,nan,301.3564596279388,11.109821616846135
dualmap,none,1,200.13412862829657,34,0.7140864714086471,0.22435753082237397,0.7204906819478641,0.0,nan,301.3564596279388,11.109821616846135
dualmap,none,1,205.13412862829657,34,0.7267525035765379,0.20560095433576464,0.9212666537820376,0.0,nan,301.3564596279388,11.109821616846135
dualmap,none,1,210.13412862829657,34,0.7597122302158273,0.15844044826954473,0.6345784825494473,0.0,nan,301.3564596279388,11.109821616846135
dualmap,none,1,215.13412862829657,35,0.6675639300134589,0.24159450138301963,0.8947622869516256,0.0,nan,301.3564596279388,11.109821616846135
dualmap,none,1,220.13412862829657,30,0.7526444263628966,0.15752272605367068,0.684751511167928,0.0,nan,301.3564596279388,11.109821616846135
dualmap,none,1,225.13412862829657,34,0.7108433734939759,0.22570279072650123,0.6573604131573383,0.0,nan,301.3564596279388,11.109821616846135
dualmap,none,1,230.13412862829657,45,0.7469496021220159,0.27261921534733347,1.552545228983219,0.0,nan,301.3564596279388,11.109821616846135
dualmap,none,1,235.13412862829657,45,0.7042475091767174,0.2595613698741488,1.3779638152739018,0.0,nan,301.3564596279388,11.109821616846135
dualmap,none,1,240.13412862829657,35,0.7292225201072386,0.2345602990328075,0.9721649448097768,0.0,nan,301.3564596279388,11.109821616846135
dualmap,none,1,245.13412862829657,36,0.6792328042328042,0.2337476832736911,0.8225225052151571,0.0,nan,301.3564596279388,11.109821616846135
dualmap,none,1,250.13412862829657,42,0.7583854462762933,0.20295174732238763,0.444946512424849,0.0,nan,301.3564596279388,11.109821616846135
dualmap,none,1,255.13412862829657,39,0.7320891029500302,0.19214223807668418,0.6192522379964046,0.0,nan,301.3564596279388,11.109821616846135
dualmap,none,1,260.1341286282966,33,0.724087591240876,0.20904511320310348,0.7007534020949379,0.0,nan,301.3564596279388,11.109821616846135
dualmap,none,1,265.1341286282966,33,0.7578639356254572,0.23200000000002774,0.733527624083697,0.0,nan,301.3564596279388,11.109821616846135
dualmap,none,1,270.1341286282966,42,0.7322654462242563,0.22006054386909568,0.7714897593417939,0.0,nan,301.3564596279388,11.109821616846135
dualmap,none,1,275.1341286282966,38,0.7172284644194756,0.2579118329872472,1.7063352662555984,0.0,nan,301.3564596279388,11.109821616846135
dualmap,none,1,280.1341286282966,38,0.72625,0.21141593953950633,0.6678190563849017,0.0,nan,301.3564596279388,11.109821616846135
dualmap,none,1,285.1341286282966,39,0.6904326630103595,0.2664200715390166,0.8112620506611598,0.0,nan,301.3564596279388,11.109821616846135
dualmap,none,1,290.1341286282966,51,0.7414198401504466,0.3947865126808665,0.9590118183525078,0.0,nan,301.3564596279388,11.109821616846135
dualmap,none,1,295.1341286282966,47,0.7622909275215408,0.22678860827659264,0.9386476316838204,0.0,nan,301.3564596279388,11.109821616846135
dualmap,none,1,300.1341286282966,44,0.7153762268266085,0.2155120365983123,1.057386887904264,0.0,nan,301.3564596279388,11.109821616846135
dualmap,none,1,305.1341286282966,38,0.6912413358538122,0.3423385953447564,1.2033241256412937,0.0,nan,301.3564596279388,11.109821616846135
dualmap,none,1,310.1341286282966,31,0.7447633824670287,0.21600000000000819,1.0314240725029435,0.0,nan,301.3564596279388,11.109821616846135
dualmap,none,1,315.1341286282966,36,0.7614011896893589,0.21600000000000819,0.8669095189912042,0.0,nan,301.3564596279388,11.109821616846135
dualmap,none,1,320.1341286282966,33,0.7134587554269175,0.32084672628479893,0.7587950357331329,0.0,nan,301.3564596279388,11.109821616846135
dualmap,none,1,325.1341286282966,45,0.735632183908046,0.2594002193332017,1.4113048021292025,0.0,nan,301.3564596279388,11.109821616846135
dualmap,none,1,330.1341286282966,33,0.7619749447310243,0.24513314678665665,0.7189943229178902,0.0,nan,301.3564596279388,11.109821616846135
dualmap,none,1,335.1341286282966,33,0.6671438797423049,0.26728285133265217,0.8131998830682414,0.0,nan,301.3564596279388,11.109821616846135
dualmap,none,1,340.1341286282966,28,0.7327070879590094,0.21926845312529508,0.9717440225646636,0.0,nan,301.3564596279388,11.109821616846135
dualmap,none,1,345.1341286282966,44,0.6679045092838196,0.25072465420842605,1.0886414492604097,0.0,nan,301.3564596279388,11.109821616846135
dualmap,none,1,350.1341286282966,44,0.7623172712506767,0.2253263160465906,0.6486580762509283,0.0,nan,301.3564596279388,11.109821616846135
dualmap,none,1,355.1341286282966,33,0.7441860465116279,0.22805054241564449,0.4392740637124052,0.0,nan,301.3564596279388,11.109821616846135
dualmap,none,1,360.1341286282966,43,0.7111111111111111,0.2507835854817131,1.4181953540075585,0.0,nan,301.3564596279388,11.109821616846135
dualmap,none,1,365.1341286282966,40,0.7259701492537314,0.2571990724817397,1.0112779043748565,0.0,nan,301.3564596279388,11.109821616846135
dualmap,none,1,370.1341286282966,45,0.6857908847184987,0.25338216320847096,1.6564088164176256,0.0,nan,301.3564596279388,11.109821616846135
dualmap,none,1,375.1341286282966,45,0.5905552672548002,0.6848305032288522,3.1638941555647584,0.0,nan,301.3564596279388,11.109821616846135
dualmap,none,1,380.1341286282966,43,0.6586301369863014,1.2877011731156927,2.4641923314116765,0.0,nan,301.3564596279388,11.109821616846135
dualmap,none,1,385.1341286282966,58,0.687784679089027,0.996398774826929,2.0863329132039348,0.0,nan,301.3564596279388,11.109821616846135
dualmap,none,1,390.1341286282966,42,0.6757990867579908,1.698034627686127,3.9867074402927964,0.0,nan,301.3564596279388,11.109821616846135
dualmap,none,1,395.1341286282966,43,0.6822742474916388,1.184450381148281,3.2310398326207492,0.0,nan,301.3564596279388,11.109821616846135
dualmap,none,1,400.1341286282966,39,0.665438919582566,1.404773909973187,3.0705183782213847,0.0,nan,301.3564596279388,11.109821616846135
dualmap,none,1,405.1341286282966,39,0.6964933494558646,0.8915110630477443,3.4625136081025505,0.0,nan,301.3564596279388,11.109821616846135
dualmap,none,1,410.1341286282966,38,0.5996252342286071,1.1523186684213158,2.1934650538529166,0.0,nan,301.3564596279388,11.109821616846135
dualmap,none,1,415.1341286282966,44,0.6893819334389857,1.5200468279340384,3.244534527637819,0.0,nan,301.3564596279388,11.109821616846135
dualmap,none,1,420.1341286282966,32,0.6652014652014652,0.7188736642926301,2.8537834710574925,0.0,nan,301.3564596279388,11.109821616846135
dualmap,none,1,425.1341286282966,37,0.7084148727984344,0.3084633434734201,1.597987258902988,0.0,nan,301.3564596279388,11.109821616846135
dualmap,none,1,430.1341286282966,39,0.7042168674698795,0.284643097153662,1.541803477453118,0.0,nan,301.3564596279388,11.109821616846135
dualmap,none,1,435.1341286282966,40,0.6570197044334976,0.31204281264709266,1.7381950979399243,0.0,nan,301.3564596279388,11.109821616846135
dualmap,none,1,440.1341286282966,40,0.7032835820895522,0.33436678234821215,1.0429861114722847,0.0,nan,301.3564596279388,11.109821616846135
dualmap,none,1,445.1341286282966,41,0.6818980667838312,0.5319350286637814,1.3575717712743656,0.0,nan,301.3564596279388,11.109821616846135
dualmap,none,1,450.1341286282966,28,0.6711635750421585,0.24191788927055313,0.8206464971569357,0.0,nan,301.3564596279388,11.109821616846135
dualmap,none,1,455.1341286282966,34,0.6767392832044975,0.3173320707081473,1.2396778623612494,0.0,nan,301.3564596279388,11.109821616846135
dualmap,none,1,460.1341286282966,41,0.7489760093622001,0.23675364510688723,0.8773001876889908,0.0,nan,301.3564596279388,11.109821616846135
dualmap,none,1,465.1341286282966,49,0.6170731707317073,0.45422196148263083,3.69874213648583,0.0,nan,301.3564596279388,11.109821616846135
dualmap,none,1,470.1341286282966,39,0.7140243902439024,0.514756653808945,2.536353170229912,0.0,nan,301.3564596279388,11.109821616846135
dualmap,none,1,475.1341286282966,42,0.6873940079140758,0.43864231659082975,1.7666000789651983,0.0,nan,301.3564596279388,11.109821616846135
dualmap,none,1,480.1341286282966,49,0.6638983878847093,0.44520704191495497,1.537095406226292,0.0,nan,301.3564596279388,11.109821616846135
dualmap,none,1,485.1341286282966,36,0.6666666666666666,0.25109626107544614,1.325684946054829,0.0,nan,301.3564596279388,11.109821616846135
dualmap,none,1,490.1341286282966,40,0.6746126340882003,0.3828627072577149,2.6473626706017925,0.0,nan,301.3564596279388,11.109821616846135
dualmap,none,1,495.1341286282966,42,0.7016036655211912,0.5054579430141928,1.3199239609982407,0.0,nan,301.3564596279388,11.109821616846135
dualmap,none,1,500.1341286282966,31,0.693955623565417,0.28556229885299445,1.0131887688250742,0.0,nan,301.3564596279388,11.109821616846135
dualmap,none,1,505.1341286282966,48,0.6730486008836525,0.67270275254063,2.401786700660562,0.0,nan,301.3564596279388,11.109821616846135
dualmap,none,1,510.1341286282966,55,0.7195652173913043,0.7915080476456637,1.7567217498727337,0.0,nan,301.3564596279388,11.109821616846135
dualmap,none,1,515.1341286282966,36,0.6881091617933723,2.209088122308515,4.124553743111164,0.0,nan,301.3564596279388,11.109821616846135
dualmap,none,1,520.1341286282966,51,0.5174793008279669,3.8259253069651322,5.215166862215938,0.0,nan,301.3564596279388,11.109821616846135
dualmap,none,1,525.1341286282966,36,0.7017318794098781,3.725705698845047,5.117548243212803,0.0,nan,301.3564596279388,11.109821616846135
dualmap,none,1,530.1341286282966,45,0.6145281018027572,2.982574394466951,5.7206299692453015,0.0,nan,301.3564596279388,11.109821616846135
dualmap,none,1,535.1341286282966,50,0.6781279847182426,2.9580338900286165,6.272979324387905,0.0,nan,301.3564596279388,11.109821616846135
dualmap,none,1,540.1341286282966,49,0.6877394636015326,3.813609954293611,6.9392471439243435,0.0,nan,301.3564596279388,11.109821616846135
dualmap,none,1,545.1341286282966,42,0.6974128233970753,1.8340173471658545,6.089191155713403,0.0,nan,301.3564596279388,11.109821616846135
dualmap,none,1,550.1341286282966,32,0.6350037397157816,1.7398253462777689,6.2200742334662635,0.0,nan,301.3564596279388,11.109821616846135
dualmap,none,1,555.1341286282966,44,0.6786885245901639,1.5863318099287653,4.181957651184543,0.0,nan,301.3564596279388,11.109821616846135
dualmap,none,1,560.1341286282966,50,0.6339329120077783,2.8176884085690403,4.750581753477389,0.0,nan,301.3564596279388,11.109821616846135
dualmap,none,1,565.1341286282966,33,0.7244673034533431,1.6207437260675306,4.376973370117161,0.0,nan,301.3564596279388,11.109821616846135
dualmap,none,1,570.1341286282966,36,0.6655823031880286,0.42745972773360563,1.8750879777749616,0.0,nan,301.3564596279388,11.109821616846135
dualmap,none,1,575.1341286282966,38,0.7298177083333334,0.19993822421764662,0.8672378388727742,0.0,nan,301.3564596279388,11.109821616846135
dualmap,none,1,580.1341286282966,42,0.7065701559020044,0.2641065868847363,0.8059168667648334,0.0,nan,301.3564596279388,11.109821616846135
dualmap,none,1,585.1341286282966,37,0.6943203573707721,0.3436563026791646,1.2102645251819057,0.0,nan,301.3564596279388,11.109821616846135
dualmap,none,1,590.1341286282966,40,0.6252220248667851,0.5912897986532926,1.7723809866096678,0.0,nan,301.3564596279388,11.109821616846135
dualmap,none,1,595.1341286282966,50,0.6446043165467625,0.8536421334705437,2.8009893618188273,0.0,nan,301.3564596279388,11.109821616846135
dualmap,none,1,600.1341286282966,41,0.6764533176746917,0.5737173187275175,2.538822918320102,0.0,nan,301.3564596279388,11.109821616846135
dualmap,none,1,605.1341286282966,34,0.6527377521613833,0.40910660532881593,3.320022523719633,0.0,nan,301.3564596279388,11.109821616846135
dualmap,none,1,610.1341286282966,39,0.675776397515528,0.49985295803060126,3.500618586190601,0.0,nan,301.3564596279388,11.109821616846135
dualmap,none,1,615.1341286282966,34,0.678072625698324,0.2584482817454159,1.7028474058581347,0.0,nan,301.3564596279388,11.109821616846135
dualmap,none,1,620.1341286282966,33,0.7308533916849015,0.24637555636434172,0.8028624696715405,0.0,nan,301.3564596279388,11.109821616846135
dualmap,none,1,625.1341286282966,41,0.6598837209302325,0.5349858407804504,1.4098868859712184,0.0,nan,301.3564596279388,11.109821616846135
dualmap,none,1,630.1341286282966,41,0.6792452830188679,0.5181991241855712,1.564106339195633,0.0,nan,301.3564596279388,11.109821616846135
dualmap,none,1,635.1341286282966,55,0.6850950906678461,0.6317450272189262,1.542511040490881,0.0,nan,301.3564596279388,11.109821616846135
dualmap,none,1,640.1341286282966,37,0.6568313021167415,0.7579890338861333,1.6322412857542123,0.0,nan,301.3564596279388,11.109821616846135
dualmap,none,1,645.1341286282966,32,0.7469325153374233,0.3839817245172412,1.1884930414097268,0.0,nan,301.3564596279388,11.109821616846135
dualmap,none,1,650.1341286282966,42,0.6812324929971989,0.37972321755557914,1.417434347521652,0.0,nan,301.3564596279388,11.109821616846135
dualmap,none,1,655.1341286282966,38,0.6523388116308471,0.430499049464629,1.448050577853459,0.0,nan,301.3564596279388,11.109821616846135
dualmap,none,1,660.1341286282966,46,0.7052793439261917,0.9775791784737748,1.839337828370952,0.0,nan,301.3564596279388,11.109821616846135
dualmap,none,1,665.1341286282966,45,0.6723044397463002,0.8023882690238224,1.9944835770648799,0.0,nan,301.3564596279388,11.109821616846135
dualmap,none,1,670.1341286282966,39,0.6468489892984542,0.7226143301813863,1.9000699100558398,0.0,nan,301.3564596279388,11.109821616846135
dualmap,none,1,675.1341286282966,39,0.6237684729064039,0.7948716058347145,1.8702998713530898,0.0,nan,301.3564596279388,11.109821616846135
dualmap,none,1,680.1341286282966,33,0.6926970354302241,0.5184726177201355,1.4922414111139097,0.0,nan,301.3564596279388,11.109821616846135
dualmap,none,1,685.1341286282966,43,0.6640926640926641,0.3988629034075757,1.0191493612093108,0.0,nan,301.3564596279388,11.109821616846135
dualmap,none,1,690.1341286282966,44,0.6617179215270413,0.43723326954943786,1.33030958921187,0.0,nan,301.3564596279388,11.109821616846135
dualmap,none,1,695.1341286282966,29,0.6781223805532272,0.5756232473850105,1.2170686035096514,0.0,nan,301.3564596279388,11.109821616846135
dualmap,none,1,700.1341286282966,38,0.6695384615384615,0.29667330445192874,1.1975845427696756,0.0,nan,301.3564596279388,11.109821616846135
dualmap,none,1,705.1341286282966,33,0.5477888730385164,0.7891072313249197,2.1175179234903228,0.0,nan,301.3564596279388,11.109821616846135
dualmap,none,1,710.1341286282966,51,0.6574895006999534,1.0699868182197179,2.5935412714543986,0.0,nan,301.3564596279388,11.109821616846135
dualmap,none,1,715.1341286282966,43,0.6791827719491993,1.2478072255430561,2.5193898612699854,0.0,nan,301.3564596279388,11.109821616846135
dualmap,none,1,720.1341286282966,43,0.6729385722191478,1.017970942405782,2.8539355783693146,0.0,nan,301.3564596279388,11.109821616846135
dualmap,none,1,725.1341286282966,36,0.6520292747837658,0.8377117641509813,3.564863348826049,0.0,nan,301.3564596279388,11.109821616846135
dualmap,none,1,730.1341286282966,28,0.7137870855148342,0.29052589164712117,0.953976472553685,0.0,nan,301.3564596279388,11.109821616846135
dualmap,none,1,735.1341286282966,39,0.6316113161131611,0.3524873930762169,2.32015768946497,0.0,nan,301.3564596279388,11.109821616846135
dualmap,none,1,740.1341286282966,39,0.6301285976729945,0.8301600294266791,2.8649698355996365,0.0,nan,301.3564596279388,11.109821616846135
dualmap,none,1,745.1341286282966,48,0.665680473372781,0.4055391481539914,1.8293593580567893,0.0,nan,301.3564596279388,11.109821616846135
dualmap,none,1,750.1341286282966,33,0.630098452883263,0.9475165600630362,2.575177811613257,0.0,nan,301.3564596279388,11.109821616846135
dualmap,none,2,0.01623264200049831,44,0.5665236051502146,0.8076787727003202,2.2471687709999335,0.0,nan,296.93566534318944,11.109821616846135
dualmap,none,2,5.016232642000499,34,0.7394957983193278,0.2460385700027361,1.6016918404036664,0.0,nan,296.93566534318944,11.109821616846135
dualmap,none,2,10.0162326420005,48,0.6817503729487817,0.5143698355230466,1.5318354873672295,0.0,nan,296.93566534318944,11.109821616846135
dualmap,none,2,15.0162326420005,50,0.7268431001890359,0.4447488928150314,1.789485939433399,0.0,nan,296.93566534318944,11.109821616846135
dualmap,none,2,20.0162326420005,37,0.717948717948718,0.360893864468796,1.5031299299118082,0.0,nan,296.93566534318944,11.109821616846135
dualmap,none,2,25.0162326420005,41,0.7335227272727273,0.5314712846824996,1.821250157655575,0.0,nan,296.93566534318944,11.109821616846135
dualmap,none,2,30.0162326420005,41,0.7529411764705882,0.22592657426677576,1.07028531009673,0.0,nan,296.93566534318944,11.109821616846135
dualmap,none,2,35.0162326420005,40,0.6958855098389982,0.2560739024826937,1.3623567964066814,0.0,nan,296.93566534318944,11.109821616846135
dualmap,none,2,40.0162326420005,43,0.7341913822048125,0.24799999999999756,1.2248420141816025,0.0,nan,296.93566534318944,11.109821616846135
dualmap,none,2,45.0162326420005,28,0.7717484926787253,0.17772295083157275,0.6123557508541241,0.0,nan,296.93566534318944,11.109821616846135
dualmap,none,2,50.0162326420005,47,0.7429882712901581,0.23700026528884166,0.8024182402387473,0.0,nan,296.93566534318944,11.109821616846135
dualmap,none,2,55.0162326420005,31,0.7048458149779736,0.22876235350815932,0.6428240269841978,0.0,nan,296.93566534318944,11.109821616846135
dualmap,none,2,60.0162326420005,38,0.76,0.2111137159184615,0.42925708456549605,0.0,nan,296.93566534318944,11.109821616846135
dualmap,none,2,65.0162326420005,42,0.6872498570611778,0.44663219657251574,1.727695306887244,0.0,nan,296.93566534318944,11.109821616846135
dualmap,none,2,70.0162326420005,39,0.7609756097560976,0.3713851471344327,1.1433844338661614,0.0,nan,296.93566534318944,11.109821616846135
dualmap,none,2,75.0162326420005,39,0.7223917022574741,0.3566456755962406,0.9875783354870026,0.0,nan,296.93566534318944,11.109821616846135
dualmap,none,2,80.0162326420005,36,0.7572684246112238,0.21708447347883464,1.227144321812389,0.0,nan,296.93566534318944,11.109821616846135
dualmap,none,2,85.0162326420005,50,0.7366906474820144,0.2799816603518579,0.9011481649746682,0.0,nan,296.93566534318944,11.109821616846135
dualmap,none,2,90.0162326420005,40,0.7413286302175192,0.237369708341177,0.7715250275728717,0.0,nan,296.93566534318944,11.109821616846135
dualmap,none,2,95.0162326420005,44,0.7214170692431562,0.3316402255918831,2.0955508777488534,0.0,nan,296.93566534318944,11.109821616846135
dualmap,none,2,100.0162326420005,44,0.7332259796027912,0.30053931764113173,2.2448261507449536,0.0,nan,296.93566534318944,11.109821616846135
dualmap,none,2,105.0162326420005,41,0.7049275362318841,0.7919622946109826,2.1333468000119016,0.0,nan,296.93566534318944,11.109821616846135
dualmap,none,2,110.0162326420005,50,0.7263657957244656,0.6715466690782321,1.771708728554249,0.0,nan,296.93566534318944,11.109821616846135
dualmap,none,2,115.0162326420005,44,0.7594390507011867,0.4947918076669495,1.7840580408084732,0.0,nan,296.93566534318944,11.109821616846135
dualmap,none,2,120.0162326420005,40,0.6868746321365509,0.44388642923578203,1.3615649656820952,0.0,nan,296.93566534318944,11.109821616846135
dualmap,none,2,125.0162326420005,46,0.7017178552837064,0.48220256366488456,1.7149657728468033,0.0,nan,296.93566534318944,11.109821616846135
dualmap,none,2,130.0162326420005,29,0.6904570970328789,0.5570916211302404,3.0085986118725696,0.0,nan,296.93566534318944,11.109821616846135
dualmap,none,2,135.0162326420005,41,0.7023335230506546,0.25828303833384325,2.084996013333432,0.0,nan,296.93566534318944,11.109821616846135
dualmap,none,2,140.0162326420005,60,0.7417916497770571,0.5182028047810974,2.356822755394001,0.0,nan,296.93566534318944,11.109821616846135
dualmap,none,2,145.0162326420005,24,0.7365754812563323,0.283920423276129,1.7659894780432168,0.0,nan,296.93566534318944,11.109821616846135
dualmap,none,2,150.0162326420005,41,0.7690504103165299,0.23199999999999932,0.7520810294457763,0.0,nan,296.93566534318944,11.109821616846135
dualmap,none,2,155.0162326420005,34,0.7436440677966102,0.24580036044503117,1.073797782762901,0.0,nan,296.93566534318944,11.109821616846135
dualmap,none,2,160.0162326420005,44,0.7308319738988581,0.2539628543493393,0.6717893802699555,0.0,nan,296.93566534318944,11.109821616846135
dualmap,none,2,165.0162326420005,37,0.7533980582524272,0.21737376360366056,0.414167939684736,0.0,nan,296.93566534318944,11.109821616846135
dualmap,none,2,170.0162326420005,41,0.7645687645687645,0.21600000000000819,0.5266594527446958,0.0,nan,296.93566534318944,11.109821616846135
dualmap,none,2,175.0162326420005,45,0.7344262295081967,0.21600000000000819,1.394338575723203,0.0,nan,296.93566534318944,11.109821616846135
dualmap,none,2,180.0162326420005,35,0.6857335127860027,0.24457284673525237,1.2574368108395526,0.0,nan,296.93566534318944,11.109821616846135
dualmap,none,2,185.0162326420005,46,0.71617497456765,0.3804515909044426,1.1884587392760164,0.0,nan,296.93566534318944,11.109821616846135
dualmap,none,2,190.0162326420005,41,0.7595596755504056,0.19999999999998863,0.4947067806229427,0.0,nan,296.93566534318944,11.109821616846135
dualmap,none,2,195.0162326420005,36,0.7287340924313462,0.21243728664589412,1.0428191107883433,0.0,nan,296.93566534318944,11.109821616846135
dualmap,none,2,200.0162326420005,41,0.7659077641564507,0.22295052213428335,0.714403297176273,0.0,nan,296.93566534318944,11.109821616846135
dualmap,none,2,205.0162326420005,42,0.7235865219874358,0.3098725793505537,1.1871485670351607,0.0,nan,296.93566534318944,11.109821616846135
dualmap,none,2,210.0162326420005,38,0.7255025125628141,0.20944560752408847,1.5471845949187613,0.0,nan,296.93566534318944,11.109821616846135
dualmap,none,2,215.0162326420005,44,0.7774710104914412,0.30779879840011404,1.8583330731163807,0.0,nan,296.93566534318944,11.109821616846135
dualmap,none,2,220.0162326420005,53,0.7044025157232704,1.2302282054401132,3.188197593027301,0.0,nan,296.93566534318944,11.109821616846135
dualmap,none,2,225.0162326420005,46,0.7321613236814891,1.8951627294405,4.68921088243928,0.0,nan,296.93566534318944,11.109821616846135
dualmap,none,2,230.0162326420005,33,0.7040454222853088,0.8870484516697275,3.9571930998915694,0.0,nan,296.93566534318944,11.109821616846135
dualmap,none,2,235.0162326420005,55,0.7126338329764454,0.7119999999999891,3.1259515324474836,0.0,nan,296.93566534318944,11.109821616846135
dualmap,none,2,240.0162326420005,38,0.7493670886075949,0.24023677043683733,2.6924799738607046,0.0,nan,296.93566534318944,11.109821616846135
dualmap,none,2,245.0162326420005,48,0.6911099949773983,0.5475284884456499,2.3743629369456647,0.0,nan,296.93566534318944,11.109821616846135
dualmap,none,2,250.0162326420005,35,0.7532556545579164,0.2967646833027402,2.1186240567398533,0.0,nan,296.93566534318944,11.109821616846135
dualmap,none,2,255.0162326420005,41,0.6972477064220184,0.30320300518349086,1.9735907007662377,0.0,nan,296.93566534318944,11.109821616846135
dualmap,none,2,260.0162326420005,40,0.7187685020722321,0.38305804180836844,2.0279664222855573,0.0,nan,296.93566534318944,11.109821616846135
dualmap,none,2,265.0162326420005,37,0.7856668878566688,0.16251312511838023,0.4129766978866951,0.0,nan,296.93566534318944,11.109821616846135
dualmap,none,2,270.0162326420005,59,0.7284957195271097,0.45781469891943516,1.1738991184603471,0.0,nan,296.93566534318944,11.109821616846135
dualmap,none,2,275.0162326420005,35,0.6975184439973172,0.26400000000001,0.6483815112226282,0.0,nan,296.93566534318944,11.109821616846135
dualmap,none,2,280.0162326420005,32,0.747135217723453,0.17031044123001493,0.6464100717552144,0.0,nan,296.93566534318944,11.109821616846135
dualmap,none,2,285.0162326420005,30,0.7606973058637084,0.21600000000000819,0.3571438902619713,0.0,nan,296.93566534318944,11.109821616846135
dualmap,none,2,290.0162326420005,47,0.738562091503268,0.24718980003535762,0.7780574222948335,0.0,nan,296.93566534318944,11.109821616846135
dualmap,none,2,295.0162326420005,35,0.7639836289222374,0.26400000000001,0.8454813284507382,0.0,nan,296.93566534318944,11.109821616846135
dualmap,none,2,300.0162326420005,38,0.742319749216301,0.2265228485682087,1.4777240334394706,0.0,nan,296.93566534318944,11.109821616846135
dualmap,none,2,305.0162326420005,47,0.72853470437018,1.0892127381956698,2.1236333394984457,0.0,nan,296.93566534318944,11.109821616846135
dualmap,none,2,310.0162326420005,40,0.7692307692307693,0.2433989783067716,0.9841934445203059,0.0,nan,296.93566534318944,11.109821616846135
dualmap,none,2,315.0162326420005,36,0.7176781002638523,0.680390223037989,1.5395858388074344,0.0,nan,296.93566534318944,11.109821616846135
dualmap,none,2,320.0162326420005,32,0.7364513734224202,0.43975269006367057,1.4455157663103546,0.0,nan,296.93566534318944,11.109821616846135
dualmap,none,2,325.0162326420005,39,0.7014218009478673,0.3165964554297602,0.7763679452649928,0.0,nan,296.93566534318944,11.109821616846135
dualmap,none,2,330.0162326420005,44,0.741042345276873,0.25238563437437733,0.7973218080246227,0.0,nan,296.93566534318944,11.109821616846135
dualmap,none,2,335.0162326420005,51,0.7396825396825397,0.37971473414438606,1.192925440855248,0.0,nan,296.93566534318944,11.109821616846135
dualmap,none,2,340.0162326420005,35,0.7462277091906722,0.22678848745300684,0.9180317417196052,0.0,nan,296.93566534318944,11.109821616846135
dualmap,none,2,345.0162326420005,33,0.7126436781609196,0.25049172921472973,1.0725085109832455,0.0,nan,296.93566534318944,11.109821616846135
dualmap,none,2,350.0162326420005,45,0.7338666666666667,0.2716758450820862,1.0265353819137775,0.0,nan,296.93566534318944,11.109821616846135
dualmap,none,2,355.0162326420005,48,0.7335329341317365,1.0968089884269716,1.8016414302394175,0.0,nan,296.93566534318944,11.109821616846135
dualmap,none,2,360.0162326420005,42,0.734602463605823,0.22841979028959258,0.9479522784891963,0.0,nan,296.93566534318944,11.109821616846135
dualmap,none,2,365.0162326420005,38,0.698605215281989,0.3068325424845284,1.4963432937308154,0.0,nan,296.93566534318944,11.109821616846135
dualmap,none,2,370.0162326420005,41,0.6226415094339622,0.8099857314341534,1.6992757638807348,0.0,nan,296.93566534318944,11.109821616846135
dualmap,none,2,375.0162326420005,48,0.6980470706059089,1.0553782081934173,2.027255102298154,0.0,nan,296.93566534318944,11.109821616846135
dualmap,none,2,380.0162326420005,39,0.6881785283474066,0.3618072707178044,2.827890909088258,0.0,nan,296.93566534318944,11.109821616846135
dualmap,none,2,385.0162326420005,35,0.6433423913043478,0.725144176928211,1.9873524155107838,0.0,nan,296.93566534318944,11.109821616846135
dualmap,none,2,390.0162326420005,40,0.7066090179122916,0.41337654902812915,1.389976334595072,0.0,nan,296.93566534318944,11.109821616846135
dualmap,none,2,395.0162326420005,49,0.6814955040227165,0.30807947921425693,1.0228639518915836,0.0,nan,296.93566534318944,11.109821616846135
dualmap,none,2,400.0162326420005,36,0.7051198963058976,0.33730268041489353,0.8704984520947646,0.0,nan,296.93566534318944,11.109821616846135
dualmap,none,2,405.0162326420005,58,0.657154504688137,1.753573158172344,2.9861370876414752,0.0,nan,296.93566534318944,11.109821616846135
dualmap,none,2,410.0162326420005,48,0.6805063291139241,2.596147240242061,3.6998695491771,0.0,nan,296.93566534318944,11.109821616846135
dualmap,none,2,415.0162326420005,35,0.7047244094488189,1.760369540488341,2.885210825991815,0.0,nan,296.93566534318944,11.109821616846135
dualmap,none,2,420.0162326420005,41,0.6468208092485549,0.9146683839805405,1.9481718779570771,0.0,nan,296.93566534318944,11.109821616846135
dualmap,none,2,425.0162326420005,33,0.6977443609022557,0.37104026289193826,1.3246042628866301,0.0,nan,296.93566534318944,11.109821616846135
dualmap,none,2,430.0162326420005,37,0.7422680412371134,0.34840714678563245,1.224828876238039,0.0,nan,296.93566534318944,11.109821616846135
dualmap,none,2,435.0162326420005,29,0.6851098454027664,0.22045859334332363,0.7228790814487842,0.0,nan,296.93566534318944,11.109821616846135
dualmap,none,2,440.0162326420005,48,0.6897243107769424,0.5610223763086708,2.0086067262214473,0.0,nan,296.93566534318944,11.109821616846135
dualmap,none,2,445.0162326420005,41,0.6072455434157562,0.6793426635733226,4.453932234612762,0.0,nan,296.93566534318944,11.109821616846135
dualmap,none,2,450.0162326420005,49,0.6509841574651944,1.0423458705706707,4.57956311490912,0.0,nan,296.93566534318944,11.109821616846135
dualmap,none,2,455.0162326420005,36,0.6369047619047619,0.657667092240132,4.308907531375066,0.0,nan,296.93566534318944,11.109821616846135
dualmap,none,2,460.0162326420005,28,0.7264231096006797,0.40186671513643546,3.182070169564214,0.0,nan,296.93566534318944,11.109821616846135
dualmap,none,2,465.0162326420005,42,0.6731875719217492,0.3681844909894778,1.1824215984895978,0.0,nan,296.93566534318944,11.109821616846135
dualmap,none,2,470.0162326420005,47,0.6437684003925417,0.5303967992605294,2.1519631210851378,0.0,nan,296.93566534318944,11.109821616846135
dualmap,none,2,475.0162326420005,49,0.6177458033573141,1.204758923772772,5.535480528312557,0.0,nan,296.93566534318944,11.109821616846135
dualmap,none,2,480.0162326420005,34,0.6401933701657458,0.8781732557422401,5.677152724357257,0.0,nan,296.93566534318944,11.109821616846135
dualmap,none,2,485.0162326420005,46,0.7118468701500259,1.8646643788579524,3.5261617817998903,0.0,nan,296.93566534318944,11.109821616846135
dualmap,none,2,490.0162326420005,32,0.6467065868263473,0.7325828212436818,1.9184288148907203,0.0,nan,296.93566534318944,11.109821616846135
dualmap,none,2,495.0162326420005,34,0.6783461807988788,0.27145007640160657,1.3984649135751266,0.0,nan,296.93566534318944,11.109821616846135
dualmap,none,2,500.0162326420005,39,0.6908752327746741,0.2593494859064549,1.296459825135557,0.0,nan,296.93566534318944,11.109821616846135
dualmap,none,2,505.0162326420005,38,0.6582597730138714,0.36615746408548944,1.0716726797630987,0.0,nan,296.93566534318944,11.109821616846135
dualmap,none,2,510.0162326420005,37,0.6843810758263124,0.3030041162651287,0.9766711098137331,0.0,nan,296.93566534318944,11.109821616846135
dualmap,none,2,515.0162326420004,30,0.7566478646253022,0.25916140025555023,0.5969776749728886,0.0,nan,296.93566534318944,11.109821616846135
dualmap,none,2,520.0162326420004,40,0.644574780058651,0.4271417388364398,1.7589388618715895,0.0,nan,296.93566534318944,11.109821616846135
dualmap,none,2,525.0162326420004,36,0.6727989487516426,0.32516291132907327,1.0625242122085579,0.0,nan,296.93566534318944,11.109821616846135
dualmap,none,2,530.0162326420004,47,0.6988318943626206,0.8047759373718009,2.1777921285449198,0.0,nan,296.93566534318944,11.109821616846135
dualmap,none,2,535.0162326420004,41,0.6223250433776749,0.8893372391513594,1.7137656827394496,0.0,nan,296.93566534318944,11.109821616846135
dualmap,none,2,540.0162326420004,51,0.6619250829777146,0.7146703277794586,2.4226066499230114,0.0,nan,296.93566534318944,11.109821616846135
dualmap,none,2,545.0162326420004,37,0.6530479896238651,0.874581286250077,1.9407281536139818,0.0,nan,296.93566534318944,11.109821616846135
dualmap,none,2,550.0162326420004,40,0.7241590214067278,0.2294661546560519,0.7924342364304618,0.0,nan,296.93566534318944,11.109821616846135
dualmap,none,2,555.0162326420004,39,0.6737804878048781,0.2972351492165899,1.57659098287891,0.0,nan,296.93566534318944,11.109821616846135
dualmap,none,2,560.0162326420004,52,0.648014440433213,0.8085450432052994,2.1797417753220407,0.0,nan,296.93566534318944,11.109821616846135
dualmap,none,2,565.0162326420004,51,0.660722665415298,2.362488589441,3.611943460306236,0.0,nan,296.93566534318944,11.109821616846135
dualmap,none,2,570.0162326420004,35,0.653342522398346,1.694378381852971,3.17346262841708,0.0,nan,296.93566534318944,11.109821616846135
dualmap,none,2,575.0162326420004,35,0.6829268292682927,0.2992504328776704,1.3880495641810824,0.0,nan,296.93566534318944,11.109821616846135
dualmap,none,2,580.0162326420004,38,0.7235142118863049,0.24503536290814054,1.5469890219387321,0.0,nan,296.93566534318944,11.109821616846135
dualmap,none,2,585.0162326420004,37,0.653870761356366,0.4125124920919916,1.5772992058193636,0.0,nan,296.93566534318944,11.109821616846135
dualmap,none,2,590.0162326420004,44,0.6478423015450187,0.8354041314220808,3.669227235115991,0.0,nan,296.93566534318944,11.109821616846135
dualmap,none,2,595.0162326420004,41,0.6401384083044983,0.5299498107301588,1.9967061525995864,0.0,nan,296.93566534318944,11.109821616846135
dualmap,none,2,600.0162326420004,36,0.6677943166441137,0.27951121601387285,2.139011725121639,0.0,nan,296.93566534318944,11.109821616846135
dualmap,none,2,605.0162326420004,37,0.695194206714944,0.4507883635243388,1.2778653793621197,0.0,nan,296.93566534318944,11.109821616846135
dualmap,none,2,610.0162326420004,40,0.6384752829064919,0.63271140082378,3.022891832658956,0.0,nan,296.93566534318944,11.109821616846135
dualmap,none,2,615.0162326420004,50,0.735632183908046,0.710275073424441,2.567273271143748,0.0,nan,296.93566534318944,11.109821616846135
dualmap,none,2,620.0162326420004,33,0.6439448875997099,0.579483431592962,1.3093536493992315,0.0,nan,296.93566534318944,11.109821616846135
dualmap,none,2,625.0162326420004,32,0.6634109691960932,0.28655187834260687,1.5127698213305631,0.0,nan,296.93566534318944,11.109821616846135
dualmap,none,2,630.0162326420004,41,0.7047451669595782,0.29850636548746934,1.1923790042764497,0.0,nan,296.93566534318944,11.109821616846135
dualmap,none,2,635.0162326420004,42,0.6642335766423357,0.3592164540690419,1.711387698199643,0.0,nan,296.93566534318944,11.109821616846135
dualmap,none,2,640.0162326420004,50,0.6589294173377546,1.1267878055461438,2.4817506796199367,0.0,nan,296.93566534318944,11.109821616846135
dualmap,none,2,645.0162326420004,36,0.7205408886027045,1.439239252931145,2.3541354703455566,0.0,nan,296.93566534318944,11.109821616846135
dualmap,none,2,650.0162326420004,47,0.5816068721576554,2.032663824639144,3.9055337725057733,0.0,nan,296.93566534318944,11.109821616846135
dualmap,none,2,655.0162326420004,43,0.6804864566058596,3.6355268974135697,5.170195139029488,0.0,nan,296.93566534318944,11.109821616846135
dualmap,none,2,660.0162326420004,34,0.6762640449438202,1.0328028836939325,4.6390017240053885,0.0,nan,296.93566534318944,11.109821616846135
dualmap,none,2,665.0162326420004,30,0.7042139384116693,1.3851390330652293,3.832101308738858,0.0,nan,296.93566534318944,11.109821616846135
dualmap,none,2,670.0162326420004,38,0.6812773951158422,0.33443846877787564,1.6598019818902028,0.0,nan,296.93566534318944,11.109821616846135
dualmap,none,2,675.0162326420004,31,0.6603487490523123,0.2455408659305931,0.9380570276711181,0.0,nan,296.93566534318944,11.109821616846135
dualmap,none,2,680.0162326420004,31,0.6617760617760617,0.34116745700191586,1.5672085511982232,0.0,nan,296.93566534318944,11.109821616846135
dualmap,none,2,685.0162326420004,43,0.6659352715304443,0.6995705070224858,1.4287704770057643,0.0,nan,296.93566534318944,11.109821616846135
dualmap,none,2,690.0162326420004,44,0.661588683351469,0.48536524644708834,2.071434349462395,0.0,nan,296.93566534318944,11.109821616846135
dualmap,none,2,695.0162326420004,30,0.7119047619047619,0.3971928670273428,1.7863528106837567,0.0,nan,296.93566534318944,11.109821616846135
dualmap,none,2,700.0162326420004,39,0.5923682616596002,0.7176690786175186,2.491697098296265,0.0,nan,296.93566534318944,11.109821616846135
dualmap,none,2,705.0162326420004,51,0.7066974595842956,1.3840043493734129,2.453054765992306,0.0,nan,296.93566534318944,11.109821616846135
dualmap,none,2,710.0162326420004,36,0.6542056074766355,0.6762148899423437,1.4446385180957746,0.0,nan,296.93566534318944,11.109821616846135
dualmap,none,2,715.0162326420004,35,0.6880984952120383,0.22033474947761533,1.747855809637632,0.0,nan,296.93566534318944,11.109821616846135
dualmap,none,2,720.0162326420004,37,0.7212793733681462,0.23997853228956956,0.742133593800154,0.0,nan,296.93566534318944,11.109821616846135
dualmap,none,2,725.0162326420004,38,0.6779769526248399,0.25901779340898656,0.8861066739805359,0.0,nan,296.93566534318944,11.109821616846135
dualmap,none,2,730.0162326420004,47,0.6853535353535354,0.3230908360349076,1.1063020350011081,0.0,nan,296.93566534318944,11.109821616846135
dualmap,none,2,735.0162326420004,40,0.7131594906003639,0.2652157843986629,1.1152285212121464,0.0,nan,296.93566534318944,11.109821616846135
dualmap,none,2,740.0162326420004,18,0.67,0.342237455543966,1.38195966963412,0.0,nan,296.93566534318944,11.109821616846135
