policy,arm,seed,t,n,hit_rate,ttft_p50,ttft_p99,newcomer_share,newcomer_hit,t_add,turnover
longest_prefix,none,0,0.0849914879961137,33,0.38857142857142857,0.6875242901541498,1.396282005262449,0.0,nan,296.28939501833446,11.109821616846135
longest_prefix,none,0,5.084991487996113,37,0.7305009511731135,0.24800000000000022,1.4728712473957772,0.0,nan,296.28939501833446,11.109821616846135
longest_prefix,none,0,10.084991487996113,33,0.6549707602339181,0.2560600933959183,0.7862231875310475,0.0,nan,296.28939501833446,11.109821616846135
longest_prefix,none,0,15.084991487996113,36,0.7325049051667757,0.20445256644016396,0.7282025543599578,0.0,nan,296.28939501833446,11.109821616846135
longest_prefix,none,0,20.084991487996113,53,0.7443642921550947,0.21621034605746914,1.1722566915033328,0.0,nan,296.28939501833446,11.109821616846135
longest_prefix,none,0,25.084991487996113,49,0.7117701575532901,0.29971482817783723,0.7272694359578494,0.0,nan,296.28939501833446,11.109821616846135
longest_prefix,none,0,30.084991487996113,44,0.6776246023329798,0.27166505672283314,0.9882191236122987,0.0,nan,296.28939501833446,11.109821616846135
longest_prefix,none,0,35.08499148799611,38,0.7257566399011736,0.2646656738695796,0.7002651314582616,0.0,nan,296.28939501833446,11.109821616846135
longest_prefix,none,0,40.08499148799611,41,0.6825859056493885,0.22135521104456046,0.8546006027714272,0.0,nan,296.28939501833446,11.109821616846135
longest_prefix,none,0,45.08499148799611,34,0.7118294360385145,0.2552236083765216,0.8174734396246244,0.0,nan,296.28939501833446,11.109821616846135
longest_prefix,none,0,50.08499148799611,50,0.7197750702905342,0.42327747629997603,0.9944619890396795,0.0,nan,296.28939501833446,11.109821616846135
longest_prefix,none,0,55.08499148799611,44,0.6539735099337748,0.27764592589923254,1.3010358571251905,0.0,nan,296.28939501833446,11.109821616846135
longest_prefix,none,0,60.08499148799611,50,0.7262411347517731,0.25743396733339097,1.0011475085042827,0.0,nan,296.28939501833446,11.109821616846135
longest_prefix,none,0,65.08499148799612,33,0.7199710564399421,0.23587472432379286,1.5512883286190355,0.0,nan,296.28939501833446,11.109821616846135
longest_prefix,none,0,70.08499148799612,45,0.732521186440678,0.2410990853047963,0.8883919620325398,0.0,nan,296.28939501833446,11.109821616846135
longest_prefix,none,0,75.08499148799612,38,0.7769968051118211,0.17851958766600262,0.47702696562828256,0.0,nan,296.28939501833446,11.109821616846135
longest_prefix,none,0,80.08499148799612,46,0.7023991832567636,0.359767397658338,1.2115242211895083,0.0,nan,296.28939501833446,11.109821616846135
longest_prefix,none,0,85.08499148799612,36,0.7257745550428477,0.24115700000223939,0.6465430170905093,0.0,nan,296.28939501833446,11.109821616846135
longest_prefix,none,0,90.08499148799612,35,0.7299122214719784,0.27816091433805923,0.7276623520196405,0.0,nan,296.28939501833446,11.109821616846135
longest_prefix,none,0,95.08499148799612,36,0.7287340924313462,0.1963573951553954,0.5897746086009362,0.0,nan,296.28939501833446,11.109821616846135
longest_prefix,none,0,100.08499148799612,43,0.7201309328968903,0.26686975576258476,1.251844092420688,0.0,nan,296.28939501833446,11.109821616846135
longest_prefix,none,0,105.08499148799612,38,0.7190721649484536,0.22986373496680557,0.6462400000000009,0.0,nan,296.28939501833446,11.109821616846135
longest_prefix,none,0,110.08499148799612,31,0.7743950039032006,0.17986008093849648,0.31063686186797385,0.0,nan,296.28939501833446,11.109821616846135
longest_prefix,none,0,115.08499148799612,41,0.6847888953152111,0.2966985933786077,0.9607946589518321,0.0,nan,296.28939501833446,11.109821616846135
longest_prefix,none,0,120.08499148799612,43,0.735632183908046,0.24330503611483323,0.6468849206026256,0.0,nan,296.28939501833446,11.109821616846135
longest_prefix,none,0,125.08499148799612,39,0.74282223579719,0.23581300689569673,0.741731544270639,0.0,nan,296.28939501833446,11.109821616846135
longest_prefix,none,0,130.08499148799612,42,0.7253121452894438,0.25861855210897033,0.9362661034022847,0.0,nan,296.28939501833446,11.109821616846135
longest_prefix,none,0,135.08499148799612,38,0.7267515923566878,0.2407534459997862,0.7716614496724121,0.0,nan,296.28939501833446,11.109821616846135
longest_prefix,none,0,140.08499148799612,33,0.7625468164794007,0.16800000000000637,0.5316953293821438,0.0,nan,296.28939501833446,11.109821616846135
longest_prefix,none,0,145.08499148799612,40,0.750733137829912,0.21797436521092095,0.5704186176015079,0.0,nan,296.28939501833446,11.109821616846135
longest_prefix,none,0,150.08499148799612,33,0.7324749642346209,0.2726789431203258,1.0578661536548144,0.0,nan,296.28939501833446,11.109821616846135
longest_prefix,none,0,155.08499148799612,47,0.7506374298827129,0.20401046105919818,0.7396624043831365,0.0,nan,296.28939501833446,11.109821616846135
longest_prefix,none,0,160.08499148799612,36,0.7101827676240209,0.2420762392655007,0.682182413003619,0.0,nan,296.28939501833446,11.109821616846135
longest_prefix,none,0,165.08499148799612,35,0.7243675099866844,0.23157547662250977,0.5650837593004455,0.0,nan,296.28939501833446,11.109821616846135
longest_prefix,none,0,170.08499148799612,34,0.6917760884588804,0.24225092265277226,0.8884122075031397,0.0,nan,296.28939501833446,11.109821616846135
longest_prefix,none,0,175.08499148799612,34,0.6748802190280629,0.25910571023959506,0.8070488636851184,0.0,nan,296.28939501833446,11.109821616846135
longest_prefix,none,0,180.08499148799612,50,0.7358047864852182,0.2680815286894642,0.854111287888403,0.0,nan,296.28939501833446,11.109821616846135
longest_prefix,none,0,185.08499148799612,31,0.7293934681181959,0.20625407795319006,0.8552881570180431,0.0,nan,296.28939501833446,11.109821616846135
longest_prefix,none,0,190.08499148799612,39,0.7294541091781643,0.25275108575431204,0.810281348852925,0.0,nan,296.28939501833446,11.109821616846135
longest_prefix,none,0,195.08499148799612,44,0.6711301553294055,0.42836452386185897,1.8164919283966434,0.0,nan,296.28939501833446,11.109821616846135
longest_prefix,none,0,200.08499148799612,47,0.72544080604534,0.26400000000001,0.9201643331472159,0.0,nan,296.28939501833446,11.109821616846135
longest_prefix,none,0,205.08499148799612,37,0.7386290839205637,0.22975103081299153,0.7169813191099843,0.0,nan,296.28939501833446,11.109821616846135
longest_prefix,none,0,210.08499148799612,48,0.7229862475442044,0.22413457969990702,1.6071350851424047,0.0,nan,296.28939501833446,11.109821616846135
longest_prefix,none,0,215.08499148799612,39,0.7174969623329283,0.2259267013654096,0.7643589402158727,0.0,nan,296.28939501833446,11.109821616846135
longest_prefix,none,0,220.08499148799612,41,0.7323943661971831,0.23224320504004936,0.7437721556898453,0.0,nan,296.28939501833446,11.109821616846135
longest_prefix,none,0,225.08499148799612,53,0.7529411764705882,0.24171304160842055,2.277812898685143,0.0,nan,296.28939501833446,11.109821616846135
longest_prefix,none,0,230.08499148799612,55,0.6796240922682615,0.5434241215999123,1.5667176072926225,0.0,nan,296.28939501833446,11.109821616846135
longest_prefix,none,0,235.08499148799612,48,0.7360774818401937,0.4087325268189801,1.3520580419133634,0.0,nan,296.28939501833446,11.109821616846135
longest_prefix,none,0,240.08499148799612,34,0.7057201929703653,0.23464480777650465,0.7230399999999928,0.0,nan,296.28939501833446,11.109821616846135
longest_prefix,none,0,245.08499148799612,45,0.76,0.2091089632766625,0.5568332220726169,0.0,nan,296.28939501833446,11.109821616846135
longest_prefix,none,0,250.08499148799612,42,0.7400881057268722,0.23981407475616834,0.5229926614465081,0.0,nan,296.28939501833446,11.109821616846135
longest_prefix,none,0,255.08499148799612,45,0.7044025157232704,0.45416380763307984,2.1824185822713047,0.0,nan,296.28939501833446,11.109821616846135
longest_prefix,none,0,260.08499148799615,56,0.7186036611323967,0.44732384285893545,1.2040732302899473,0.0,nan,296.28939501833446,11.109821616846135
longest_prefix,none,0,265.08499148799615,32,0.7342709104367136,0.2303929323731495,0.6297476944175009,0.0,nan,296.28939501833446,11.109821616846135
longest_prefix,none,0,270.08499148799615,43,0.743078626799557,0.23328668426688637,0.723159126577724,0.0,nan,296.28939501833446,11.109821616846135
longest_prefix,none,0,275.08499148799615,49,0.7298601061263869,0.27592019590662176,0.8719978867598928,0.0,nan,296.28939501833446,11.109821616846135
longest_prefix,none,0,280.08499148799615,38,0.693407960199005,0.21864040261189643,0.7107632989424738,0.0,nan,296.28939501833446,11.109821616846135
longest_prefix,none,0,285.08499148799615,47,0.7501293326435592,0.23200000000002774,0.6969725613809249,0.0,nan,296.28939501833446,11.109821616846135
longest_prefix,none,0,290.08499148799615,35,0.7266576454668471,0.23600368385382353,0.7056136868611195,0.0,nan,296.28939501833446,11.109821616846135
longest_prefix,none,0,295.08499148799615,41,0.7544565842438183,0.2254528360440986,0.6326993403154575,0.0,nan,296.28939501833446,11.109821616846135
longest_prefix,none,0,300.08499148799615,36,0.6936758893280632,0.2687833914262967,0.810537007444185,0.0,nan,296.28939501833446,11.109821616846135
longest_prefix,none,0,305.08499148799615,39,0.6893382352941176,0.24799999999999045,1.3130276929251719,0.0,nan,296.28939501833446,11.109821616846135
longest_prefix,none,0,310.08499148799615,43,0.7380560131795717,0.19999999999998863,0.6051371639200359,0.0,nan,296.28939501833446,11.109821616846135
longest_prefix,none,0,315.08499148799615,34,0.7564469914040115,0.18400000000002592,0.8053708355080337,0.0,nan,296.28939501833446,11.109821616846135
longest_prefix,none,0,320.08499148799615,43,0.7321428571428571,0.20522872806395753,0.9736749555327923,0.0,nan,296.28939501833446,11.109821616846135
longest_prefix,none,0,325.08499148799615,54,0.7462087421944692,0.30538718626706896,0.9127855092810142,0.0,nan,296.28939501833446,11.109821616846135
longest_prefix,none,0,330.08499148799615,33,0.735632183908046,0.22618795484959264,0.7612458415709806,0.0,nan,296.28939501833446,11.109821616846135
longest_prefix,none,0,335.08499148799615,40,0.6916167664670658,0.2710265299496939,0.8501646664912413,0.0,nan,296.28939501833446,11.109821616846135
longest_prefix,none,0,340.08499148799615,44,0.7321331151118385,0.27163248431807574,1.3763296806267722,0.0,nan,296.28939501833446,11.109821616846135
longest_prefix,none,0,345.08499148799615,36,0.7087947882736156,0.24054571441519101,0.7119999999999891,0.0,nan,296.28939501833446,11.109821616846135
longest_prefix,none,0,350.08499148799615,47,0.7335710646968925,0.23200000000002774,1.0832233055223868,0.0,nan,296.28939501833446,11.109821616846135
longest_prefix,none,0,355.08499148799615,40,0.7256425582785415,0.2518113828726882,0.6577600000000018,0.0,nan,296.28939501833446,11.109821616846135
longest_prefix,none,0,360.08499148799615,33,0.7620087336244541,0.2060728105744829,0.3363898974731069,0.0,nan,296.28939501833446,11.109821616846135
longest_prefix,none,0,365.08499148799615,29,0.7542087542087542,0.16800000000000637,0.5407950458318235,0.0,nan,296.28939501833446,11.109821616846135
longest_prefix,none,0,370.08499148799615,41,0.6341890315052509,0.4163344886139839,1.167278873716805,0.0,nan,296.28939501833446,11.109821616846135
longest_prefix,none,0,375.08499148799615,43,0.700561797752809,0.37931833986465335,1.1620288870634408,0.0,nan,296.28939501833446,11.109821616846135
longest_prefix,none,0,380.08499148799615,42,0.6454293628808865,0.7559395390871089,2.2141485400385035,0.0,nan,296.28939501833446,11.109821616846135
longest_prefix,none,0,385.08499148799615,35,0.6766712141882674,0.24756484706432502,1.3657538772576674,0.0,nan,296.28939501833446,11.109821616846135
longest_prefix,none,0,390.08499148799615,57,0.6768522394307241,0.5233546114362184,2.728531613361883,0.0,nan,296.28939501833446,11.109821616846135
longest_prefix,none,0,395.08499148799615,39,0.6971214017521903,0.632595647418043,3.096213637243769,0.0,nan,296.28939501833446,11.109821616846135
longest_prefix,none,0,400.08499148799615,29,0.6213592233009708,0.4715040369449639,0.9771060578482069,0.0,nan,296.28939501833446,11.109821616846135
longest_prefix,none,0,405.08499148799615,39,0.6305418719211823,0.6231576692331373,1.1568535147235603,0.0,nan,296.28939501833446,11.109821616846135
longest_prefix,none,0,410.08499148799615,35,0.5987780040733197,0.5405807152295665,1.7898994917724174,0.0,nan,296.28939501833446,11.109821616846135
longest_prefix,none,0,415.08499148799615,38,0.7337579617834394,0.31954440328431133,1.9353755012843632,0.0,nan,296.28939501833446,11.109821616846135
longest_prefix,none,0,420.08499148799615,36,0.6830087306917394,0.4113656440399893,2.0474316641298684,0.0,nan,296.28939501833446,11.109821616846135
longest_prefix,none,0,425.08499148799615,44,0.683982683982684,0.2942039073593037,1.2890885012679276,0.0,nan,296.28939501833446,11.109821616846135
longest_prefix,none,0,430.08499148799615,37,0.6440129449838188,0.5561744776198907,3.1999094099237846,0.0,nan,296.28939501833446,11.109821616846135
longest_prefix,none,0,435.08499148799615,44,0.685337726523888,0.5496660308836852,1.6435909281029506,0.0,nan,296.28939501833446,11.109821616846135
longest_prefix,none,0,440.08499148799615,52,0.6785063752276868,0.9111599144924583,2.5233549083359663,0.0,nan,296.28939501833446,11.109821616846135
longest_prefix,none,0,445.08499148799615,37,0.7195502810743285,1.492867948282651,3.270771651094556,0.0,nan,296.28939501833446,11.109821616846135
longest_prefix,none,0,450.08499148799615,37,0.6583172768143867,1.6025569867753688,2.5966086130130046,0.0,nan,296.28939501833446,11.109821616846135
longest_prefix,none,0,455.08499148799615,42,0.660472972972973,0.8388033074651844,1.6505149055132007,0.0,nan,296.28939501833446,11.109821616846135
longest_prefix,none,0,460.08499148799615,47,0.6754832146490336,0.6557819331613928,2.209557976798585,0.0,nan,296.28939501833446,11.109821616846135
longest_prefix,none,0,465.08499148799615,38,0.7108433734939759,0.44570698312551826,1.9716930718192103,0.0,nan,296.28939501833446,11.109821616846135
longest_prefix,none,0,470.08499148799615,42,0.709494030699261,0.4786146197692176,1.263225918393629,0.0,nan,296.28939501833446,11.109821616846135
longest_prefix,none,0,475.08499148799615,46,0.5721570627231004,1.052815771988321,3.604703754084968,0.0,nan,296.28939501833446,11.109821616846135
longest_prefix,none,0,480.08499148799615,46,0.6302742616033755,2.0387175528518924,2.9581619730721647,0.0,nan,296.28939501833446,11.109821616846135
longest_prefix,none,0,485.08499148799615,39,0.7536140791954745,1.1719948447732804,2.647091599361891,0.0,nan,296.28939501833446,11.109821616846135
longest_prefix,none,0,490.08499148799615,29,0.6797385620915033,0.3364149410900268,2.4292839114017823,0.0,nan,296.28939501833446,11.109821616846135
longest_prefix,none,0,495.08499148799615,35,0.7052341597796143,0.26090143777599906,0.724721508243133,0.0,nan,296.28939501833446,11.109821616846135
longest_prefix,none,0,500.08499148799615,33,0.6984815618221258,0.2727653826740948,1.4222762187291529,0.0,nan,296.28939501833446,11.109821616846135
longest_prefix,none,0,505.08499148799615,38,0.660122699386503,0.4365035465608287,1.4122430531422414,0.0,nan,296.28939501833446,11.109821616846135
longest_prefix,none,0,510.08499148799615,38,0.6830165542611895,0.2607692483539381,1.1975133227867885,0.0,nan,296.28939501833446,11.109821616846135
longest_prefix,none,0,515.0849914879961,49,0.6759082217973231,0.5150796041810963,2.260835148641217,0.0,nan,296.28939501833446,11.109821616846135
longest_prefix,none,0,520.0849914879961,48,0.6915103652517275,0.8532644223986381,1.6172017276545843,0.0,nan,296.28939501833446,11.109821616846135
longest_prefix,none,0,525.0849914879961,42,0.6765714285714286,0.42961438853535583,1.3984804964700208,0.0,nan,296.28939501833446,11.109821616846135
longest_prefix,none,0,530.0849914879961,47,0.7020950434338273,0.7931725831347194,1.5573163748528644,0.0,nan,296.28939501833446,11.109821616846135
longest_prefix,none,0,535.0849914879961,46,0.6809297411516112,0.8486272178782883,2.1400339890977365,0.0,nan,296.28939501833446,11.109821616846135
longest_prefix,none,0,540.0849914879961,29,0.7194004995836802,0.7232508959416464,1.8646262201324815,0.0,nan,296.28939501833446,11.109821616846135
longest_prefix,none,0,545.0849914879961,45,0.7161526398327235,0.32783940604304007,1.1620026500324008,0.0,nan,296.28939501833446,11.109821616846135
longest_prefix,none,0,550.0849914879961,45,0.6474973375931843,0.8539311353121093,3.622760578336752,0.0,nan,296.28939501833446,11.109821616846135
longest_prefix,none,0,555.0849914879961,34,0.6862745098039216,0.7803606241651551,4.515936315845231,0.0,nan,296.28939501833446,11.109821616846135
longest_prefix,none,0,560.0849914879961,37,0.6558861578266494,3.3314240241804782,5.571170370718091,0.0,nan,296.28939501833446,11.109821616846135
longest_prefix,none,0,565.0849914879961,38,0.6281499692685925,1.0824024656532174,6.739320733163725,0.0,nan,296.28939501833446,11.109821616846135
longest_prefix,none,0,570.0849914879961,26,0.7084870848708487,0.4696858118869045,5.446281121903155,0.0,nan,296.28939501833446,11.109821616846135
longest_prefix,none,0,575.0849914879961,40,0.666865671641791,0.6945924358527122,3.8533026659297036,0.0,nan,296.28939501833446,11.109821616846135
longest_prefix,none,0,580.0849914879961,39,0.6620813397129187,0.4113497201909695,1.2634909963213021,0.0,nan,296.28939501833446,11.109821616846135
longest_prefix,none,0,585.0849914879961,47,0.6420193778684344,0.5741030887727447,3.8326316657291404,0.0,nan,296.28939501833446,11.109821616846135
longest_prefix,none,0,590.0849914879961,36,0.6447457627118645,0.7190229799981012,2.519378999782503,0.0,nan,296.28939501833446,11.109821616846135
longest_prefix,none,0,595.0849914879961,34,0.7085714285714285,0.36063645196054495,2.0088085262725466,0.0,nan,296.28939501833446,11.109821616846135
longest_prefix,none,0,600.0849914879961,39,0.711645101663586,0.26238893742947766,0.9924011276771821,0.0,nan,296.28939501833446,11.109821616846135
longest_prefix,none,0,605.0849914879961,37,0.6189555125725339,0.3068102537415598,2.028609914985673,0.0,nan,296.28939501833446,11.109821616846135
longest_prefix,none,0,610.0849914879961,40,0.6627218934911243,0.6255367930041871,2.5693839215149543,0.0,nan,296.28939501833446,11.109821616846135
longest_prefix,none,0,615.0849914879961,44,0.6622807017543859,0.9054315093143828,1.8303670274672244,0.0,nan,296.28939501833446,11.109821616846135
longest_prefix,none,0,620.0849914879961,47,0.6865059004617753,1.5591393351022589,2.7168090831125595,0.0,nan,296.28939501833446,11.109821616846135
longest_prefix,none,0,625.0849914879961,44,0.6769400110071546,0.7070187194016739,2.629843282930841,0.0,nan,296.28939501833446,11.109821616846135
longest_prefix,none,0,630.0849914879961,46,0.7146624472573839,0.6861880647526846,1.8516192682126296,0.0,nan,296.28939501833446,11.109821616846135
longest_prefix,none,0,635.0849914879961,38,0.7098609355246523,0.8649734236082622,1.900322648792774,0.0,nan,296.28939501833446,11.109821616846135
longest_prefix,none,0,640.0849914879961,42,0.679639029892837,0.5190705412438206,1.1402723876179448,0.0,nan,296.28939501833446,11.109821616846135
longest_prefix,none,0,645.0849914879961,48,0.6722689075630253,0.44941916045132757,1.5933555694864505,0.0,nan,296.28939501833446,11.109821616846135
longest_prefix,none,0,650.0849914879961,33,0.6951484431571325,0.43797133019495504,1.4204940897302503,0.0,nan,296.28939501833446,11.109821616846135
longest_prefix,none,0,655.0849914879961,41,0.7082860385925085,0.3568607459916393,0.9484456766746462,0.0,nan,296.28939501833446,11.109821616846135
longest_prefix,none,0,660.0849914879961,33,0.6520198440822113,0.4903318236689529,1.441936058391707,0.0,nan,296.28939501833446,11.109821616846135
longest_prefix,none,0,665.0849914879961,39,0.6418092909535452,0.28593054707607735,1.5307273676527866,0.0,nan,296.28939501833446,11.109821616846135
longest_prefix,none,0,670.0849914879961,31,0.6650679456434853,0.2349993896810929,1.953336354973828,0.0,nan,296.28939501833446,11.109821616846135
longest_prefix,none,0,675.0849914879961,34,0.7026279391424619,0.4120977570688069,0.9229644231983025,0.0,nan,296.28939501833446,11.109821616846135
longest_prefix,none,0,680.0849914879961,43,0.6931628682601445,0.3712967192477663,1.5430006935955702,0.0,nan,296.28939501833446,11.109821616846135
longest_prefix,none,0,685.0849914879961,44,0.6793808734107242,0.8531637390526043,2.060664511768041,0.0,nan,296.28939501833446,11.109821616846135
longest_prefix,none,0,690.0849914879961,45,0.7187669010275824,0.9660403970615334,3.0182323524873134,0.0,nan,296.28939501833446,11.109821616846135
longest_prefix,none,0,695.0849914879961,48,0.6919664859536717,1.0530080002684485,3.1149179780341925,0.0,nan,296.28939501833446,11.109821616846135
longest_prefix,none,0,700.0849914879961,43,0.6937187326292384,0.831065042486216,3.01263710417272,0.0,nan,296.28939501833446,11.109821616846135
longest_prefix,none,0,705.0849914879961,46,0.7245005257623555,0.9322226769940016,1.9895924754821919,0.0,nan,296.28939501833446,11.109821616846135
longest_prefix,none,0,710.0849914879961,42,0.6823793490460157,0.5062968605958531,2.101104911168302,0.0,nan,296.28939501833446,11.109821616846135
longest_prefix,none,0,715.0849914879961,37,0.6290322580645161,0.7097726969456062,2.351694297367735,0.0,nan,296.28939501833446,11.109821616846135
longest_prefix,none,0,720.0849914879961,46,0.7316684378320936,0.39727632515507594,2.440665869479829,0.0,nan,296.28939501833446,11.109821616846135
longest_prefix,none,0,725.0849914879961,33,0.7079646017699115,0.21255806639544517,0.9116699188485835,0.0,nan,296.28939501833446,11.109821616846135
longest_prefix,none,0,730.0849914879961,47,0.6750127746550844,0.4454089394384937,2.0999541402544946,0.0,nan,296.28939501833446,11.109821616846135
longest_prefix,none,0,735.0849914879961,37,0.618925831202046,0.9414367338384864,3.6557716538897695,0.0,nan,296.28939501833446,11.109821616846135
longest_prefix,none,0,740.0849914879961,5,0.7960199004975125,0.2223009721391236,0.5075708932709495,0.0,nan,296.28939501833446,11.109821616846135
longest_prefix,none,1,0.13412862829656735,33,0.43867243867243866,0.744,1.7661667010736755,0.0,nan,301.3564596279388,11.109821616846135
longest_prefix,none,1,5.134128628296567,37,0.7551020408163265,0.1851300823733908,0.670536666967964,0.0,nan,301.3564596279388,11.109821616846135
longest_prefix,none,1,10.134128628296567,46,0.7341902313624679,0.23199246551314,0.9019176902842613,0.0,nan,301.3564596279388,11.109821616846135
longest_prefix,none,1,15.134128628296567,40,0.7468581687612208,0.2351198538081487,0.691282221633685,0.0,nan,301.3564596279388,11.109821616846135
longest_prefix,none,1,20.134128628296565,42,0.6811512415349887,0.22747737957825365,0.8993238053264617,0.0,nan,301.3564596279388,11.109821616846135
longest_prefix,none,1,25.134128628296565,31,0.7067783701447068,0.20974391550634053,0.6896000000000014,0.0,nan,301.3564596279388,11.109821616846135
longest_prefix,none,1,30.134128628296565,32,0.7048458149779736,0.21105525987197282,0.7363200000000035,0.0,nan,301.3564596279388,11.109821616846135
longest_prefix,none,1,35.134128628296565,38,0.7345679012345679,0.2575408249988804,0.6173059539212524,0.0,nan,301.3564596279388,11.109821616846135
longest_prefix,none,1,40.134128628296565,25,0.689784442361762,0.1952114631638011,0.7561599999999984,0.0,nan,301.3564596279388,11.109821616846135
longest_prefix,none,1,45.134128628296565,28,0.7386934673366834,0.22286892666157598,0.4458835418949968,0.0,nan,301.3564596279388,11.109821616846135
longest_prefix,none,1,50.134128628296565,39,0.7454100367197063,0.239027322704068,1.1052017973890964,0.0,nan,301.3564596279388,11.109821616846135
longest_prefix,none,1,55.134128628296565,39,0.7180109157064888,0.24011510408722359,1.0658162292418014,0.0,nan,301.3564596279388,11.109821616846135
longest_prefix,none,1,60.134128628296565,45,0.7425796006475985,0.1891065157877847,0.6627199999999996,0.0,nan,301.3564596279388,11.109821616846135
longest_prefix,none,1,65.13412862829657,40,0.6981689308919079,0.24237307781555018,0.882864784956668,0.0,nan,301.3564596279388,11.109821616846135
longest_prefix,none,1,70.13412862829657,37,0.7373417721518988,0.25602105938095576,0.7664593208111177,0.0,nan,301.3564596279388,11.109821616846135
longest_prefix,none,1,75.13412862829657,49,0.7174435367611726,0.28240934301739173,1.184828123328519,0.0,nan,301.3564596279388,11.109821616846135
longest_prefix,none,1,80.13412862829657,51,0.7209302325581395,0.31088245328660946,0.8490473646764087,0.0,nan,301.3564596279388,11.109821616846135
longest_prefix,none,1,85.13412862829657,38,0.7281921618204804,0.22227461113257618,0.8385731242307404,0.0,nan,301.3564596279388,11.109821616846135
longest_prefix,none,1,90.13412862829657,41,0.7336476134354744,0.23710340500414873,0.866375021618123,0.0,nan,301.3564596279388,11.109821616846135
longest_prefix,none,1,95.13412862829657,44,0.75,0.2538094637701178,0.6714468197379999,0.0,nan,301.3564596279388,11.109821616846135
longest_prefix,none,1,100.13412862829657,39,0.7520098948670377,0.2907118648606115,0.8297862915844045,0.0,nan,301.3564596279388,11.109821616846135
longest_prefix,none,1,105.13412862829657,35,0.7167325428194994,0.23966805519567913,0.7470998921999888,0.0,nan,301.3564596279388,11.109821616846135
longest_prefix,none,1,110.13412862829657,28,0.7260504201680672,0.22399999999999665,0.5681076547987701,0.0,nan,301.3564596279388,11.109821616846135
longest_prefix,none,1,115.13412862829657,40,0.7077997671711292,0.23941690723632547,0.753760000000003,0.0,nan,301.3564596279388,11.109821616846135
longest_prefix,none,1,120.13412862829657,47,0.7016828148903621,0.5579116449596313,1.1654979192965784,0.0,nan,301.3564596279388,11.109821616846135
longest_prefix,none,1,125.13412862829657,52,0.7241693218024579,0.48521733769881337,1.6599243817962648,0.0,nan,301.3564596279388,11.109821616846135
longest_prefix,none,1,130.13412862829657,39,0.7162734422262553,0.29293524004054916,1.2282505107541715,0.0,nan,301.3564596279388,11.109821616846135
longest_prefix,none,1,135.13412862829657,40,0.7158956109134045,0.23193671308740704,0.7900978711502151,0.0,nan,301.3564596279388,11.109821616846135
longest_prefix,none,1,140.13412862829657,43,0.6855870895937674,0.2694047032684068,1.278885466897251,0.0,nan,301.3564596279388,11.109821616846135
longest_prefix,none,1,145.13412862829657,39,0.7451573849878934,0.22947269863186648,0.5843213041472698,0.0,nan,301.3564596279388,11.109821616846135
longest_prefix,none,1,150.13412862829657,44,0.7366720516962844,0.3015062870483973,0.9765319458093032,0.0,nan,301.3564596279388,11.109821616846135
longest_prefix,none,1,155.13412862829657,43,0.7422447828539199,0.22253793384021492,1.1857662324556102,0.0,nan,301.3564596279388,11.109821616846135
longest_prefix,none,1,160.13412862829657,36,0.7272139625080801,0.28357630183158733,0.8083115347247299,0.0,nan,301.3564596279388,11.109821616846135
longest_prefix,none,1,165.13412862829657,36,0.7402511566424322,0.2524733785133151,0.8515562553084645,0.0,nan,301.3564596279388,11.109821616846135
longest_prefix,none,1,170.13412862829657,37,0.7544204322200393,0.22703824237240156,0.609482874712187,0.0,nan,301.3564596279388,11.109821616846135
longest_prefix,none,1,175.13412862829657,45,0.7222222222222222,0.2700898588985865,0.8883594286545978,0.0,nan,301.3564596279388,11.109821616846135
longest_prefix,none,1,180.13412862829657,46,0.745417515274949,0.7208092908479102,2.804251806126011,0.0,nan,301.3564596279388,11.109821616846135
longest_prefix,none,1,185.13412862829657,35,0.6668900804289544,0.7439999999999998,3.1673100396955345,0.0,nan,301.3564596279388,11.109821616846135
longest_prefix,none,1,190.13412862829657,47,0.7340372046254399,1.4331336906689387,3.6906587856119244,0.0,nan,301.3564596279388,11.109821616846135
longest_prefix,none,1,195.13412862829657,39,0.7313156269302038,0.3282528109573093,2.7994556782384494,0.0,nan,301.3564596279388,11.109821616846135
longest_prefix,none,1,200.13412862829657,34,0.7350069735006973,2.001940388924851,2.9040033456882863,0.0,nan,301.3564596279388,11.109821616846135
longest_prefix,none,1,205.13412862829657,34,0.7553648068669528,0.4612561055256066,2.501462030683248,0.0,nan,301.3564596279388,11.109821616846135
longest_prefix,none,1,210.13412862829657,34,0.7467625899280576,0.17600000000000193,1.2094608648492706,0.0,nan,301.3564596279388,11.109821616846135
longest_prefix,none,1,215.13412862829657,35,0.7106325706594886,0.23199999999999932,0.7821138036400801,0.0,nan,301.3564596279388,11.109821616846135
longest_prefix,none,1,220.13412862829657,30,0.7811228641171685,0.19503189941465848,0.35954346098941303,0.0,nan,301.3564596279388,11.109821616846135
longest_prefix,none,1,225.13412862829657,34,0.7065910701630049,0.2437143791356391,0.6684579754596844,0.0,nan,301.3564596279388,11.109821616846135
longest_prefix,none,1,230.13412862829657,45,0.7204244031830239,0.4579723729316072,2.0138640686204727,0.0,nan,301.3564596279388,11.109821616846135
longest_prefix,none,1,235.13412862829657,45,0.7194546407970634,0.2563457336058548,0.8179208245014503,0.0,nan,301.3564596279388,11.109821616846135
longest_prefix,none,1,240.13412862829657,35,0.7292225201072386,0.24799999999999045,1.1012347209346565,0.0,nan,301.3564596279388,11.109821616846135
longest_prefix,none,1,245.13412862829657,36,0.7003968253968254,0.21528444157081594,0.7652993792462098,0.0,nan,301.3564596279388,11.109821616846135
longest_prefix,none,1,250.13412862829657,42,0.7396247868106879,0.21851535879544315,0.9638732213362654,0.0,nan,301.3564596279388,11.109821616846135
longest_prefix,none,1,255.13412862829657,39,0.7320891029500302,0.2193000688266693,1.5086839870251476,0.0,nan,301.3564596279388,11.109821616846135
longest_prefix,none,1,260.1341286282966,33,0.7007299270072993,0.21600000000000819,1.2544097787175519,0.0,nan,301.3564596279388,11.109821616846135
longest_prefix,none,1,265.1341286282966,33,0.7724945135332846,0.2681815499606728,0.7915518573784925,0.0,nan,301.3564596279388,11.109821616846135
longest_prefix,none,1,270.1341286282966,42,0.767162471395881,0.24541204215333323,0.7616638662403247,0.0,nan,301.3564596279388,11.109821616846135
longest_prefix,none,1,275.1341286282966,38,0.7191011235955056,0.2519423358883728,1.6802584788858066,0.0,nan,301.3564596279388,11.109821616846135
longest_prefix,none,1,280.1341286282966,38,0.74,0.21876987947200632,0.6564087924462416,0.0,nan,301.3564596279388,11.109821616846135
longest_prefix,none,1,285.1341286282966,39,0.7215112736136502,0.2736038802456733,1.321315869865557,0.0,nan,301.3564596279388,11.109821616846135
longest_prefix,none,1,290.1341286282966,51,0.7447108603667136,0.32773198420426297,0.899273438564677,0.0,nan,301.3564596279388,11.109821616846135
longest_prefix,none,1,295.1341286282966,47,0.7622909275215408,0.26400000000001,1.2701121489490605,0.0,nan,301.3564596279388,11.109821616846135
longest_prefix,none,1,300.1341286282966,44,0.7033805888767721,0.4462920515370854,0.9993975638746428,0.0,nan,301.3564596279388,11.109821616846135
longest_prefix,none,1,305.1341286282966,38,0.7114051669817265,0.2850528427143786,0.8572770982651491,0.0,nan,301.3564596279388,11.109821616846135
longest_prefix,none,1,310.1341286282966,31,0.7447633824670287,0.199547348828105,0.5518302362058363,0.0,nan,301.3564596279388,11.109821616846135
longest_prefix,none,1,315.1341286282966,36,0.7243886318572372,0.22137020049660805,1.1174757687011803,0.0,nan,301.3564596279388,11.109821616846135
longest_prefix,none,1,320.1341286282966,33,0.678726483357453,0.45199387450918493,0.7743776606699635,0.0,nan,301.3564596279388,11.109821616846135
longest_prefix,none,1,325.1341286282966,45,0.7048066875653083,0.3869740946797151,1.4508917069378486,0.0,nan,301.3564596279388,11.109821616846135
longest_prefix,none,1,330.1341286282966,33,0.7781871775976419,0.26400000000001,1.3563612266585345,0.0,nan,301.3564596279388,11.109821616846135
longest_prefix,none,1,335.1341286282966,33,0.6642806012884753,0.23092770878002966,0.7119999999999891,0.0,nan,301.3564596279388,11.109821616846135
longest_prefix,none,1,340.1341286282966,28,0.7455166524338173,0.19956207035576767,0.5802500857315551,0.0,nan,301.3564596279388,11.109821616846135
longest_prefix,none,1,345.1341286282966,44,0.7055702917771883,0.2843073321991483,1.208632472700806,0.0,nan,301.3564596279388,11.109821616846135
longest_prefix,none,1,350.1341286282966,44,0.7623172712506767,0.22659316923832762,0.6802338472886725,0.0,nan,301.3564596279388,11.109821616846135
longest_prefix,none,1,355.1341286282966,33,0.7223396758280479,0.23391439582024987,0.6506010449830568,0.0,nan,301.3564596279388,11.109821616846135
longest_prefix,none,1,360.1341286282966,43,0.6994444444444444,0.2696191702583519,0.8743988078643984,0.0,nan,301.3564596279388,11.109821616846135
longest_prefix,none,1,365.1341286282966,40,0.7343283582089553,0.261033342343012,0.8756289224580944,0.0,nan,301.3564596279388,11.109821616846135
longest_prefix,none,1,370.1341286282966,45,0.7265415549597856,0.23882647629079656,0.743965719092305,0.0,nan,301.3564596279388,11.109821616846135
longest_prefix,none,1,375.1341286282966,45,0.6144265697976129,0.3695737041300049,3.1678552314935473,0.0,nan,301.3564596279388,11.109821616846135
longest_prefix,none,1,380.1341286282966,43,0.6038356164383561,1.3520113544922197,3.4616230678284414,0.0,nan,301.3564596279388,11.109821616846135
longest_prefix,none,1,385.1341286282966,58,0.6815734989648033,2.290430390559635,4.219451456303324,0.0,nan,301.3564596279388,11.109821616846135
longest_prefix,none,1,390.1341286282966,42,0.6575342465753424,3.5413218937244437,4.551653140295031,0.0,nan,301.3564596279388,11.109821616846135
longest_prefix,none,1,395.1341286282966,43,0.7084726867335563,1.4163529154520802,3.6669922347316133,0.0,nan,301.3564596279388,11.109821616846135
longest_prefix,none,1,400.1341286282966,39,0.6414978514426029,1.0286254228436746,3.151098394432718,0.0,nan,301.3564596279388,11.109821616846135
longest_prefix,none,1,405.1341286282966,39,0.6330108827085853,1.6672361011952717,2.817912291709316,0.0,nan,301.3564596279388,11.109821616846135
longest_prefix,none,1,410.1341286282966,38,0.6196127420362274,1.3330446926044601,2.8223835711750977,0.0,nan,301.3564596279388,11.109821616846135
longest_prefix,none,1,415.1341286282966,44,0.676175382989963,1.511864867829388,3.3466915778995925,0.0,nan,301.3564596279388,11.109821616846135
longest_prefix,none,1,420.1341286282966,32,0.6564102564102564,1.6506523285443961,2.7267907968956355,0.0,nan,301.3564596279388,11.109821616846135
longest_prefix,none,1,425.1341286282966,37,0.6666666666666666,0.9449375991721922,2.097796911732737,0.0,nan,301.3564596279388,11.109821616846135
longest_prefix,none,1,430.1341286282966,39,0.6590361445783133,0.45634614886046165,1.0384998996119927,0.0,nan,301.3564596279388,11.109821616846135
longest_prefix,none,1,435.1341286282966,40,0.5972906403940886,0.5271691898801407,1.526026066685625,0.0,nan,301.3564596279388,11.109821616846135
longest_prefix,none,1,440.1341286282966,40,0.7182089552238806,0.36249815427649423,1.0780768396122153,0.0,nan,301.3564596279388,11.109821616846135
longest_prefix,none,1,445.1341286282966,41,0.687170474516696,0.8758254310131974,1.9918834850956388,0.0,nan,301.3564596279388,11.109821616846135
longest_prefix,none,1,450.1341286282966,28,0.7344013490725126,0.44221643006960676,0.91574715486034,0.0,nan,301.3564596279388,11.109821616846135
longest_prefix,none,1,455.1341286282966,34,0.6704146170063247,0.37590470962069844,0.9535613575077249,0.0,nan,301.3564596279388,11.109821616846135
longest_prefix,none,1,460.1341286282966,41,0.7677004095962551,0.27150348390460977,1.2719794120315215,0.0,nan,301.3564596279388,11.109821616846135
longest_prefix,none,1,465.1341286282966,49,0.6653658536585366,1.589620316249352,3.291003535389809,0.0,nan,301.3564596279388,11.109821616846135
longest_prefix,none,1,470.1341286282966,39,0.7158536585365853,1.1009028087900674,3.2949424863348584,0.0,nan,301.3564596279388,11.109821616846135
longest_prefix,none,1,475.1341286282966,42,0.679479932165065,1.040575349322637,3.2417550800789994,0.0,nan,301.3564596279388,11.109821616846135
longest_prefix,none,1,480.1341286282966,49,0.666829506595017,2.872846400219146,4.847614698781365,0.0,nan,301.3564596279388,11.109821616846135
longest_prefix,none,1,485.1341286282966,36,0.7018229166666666,4.661785309857748,5.421057780891936,0.0,nan,301.3564596279388,11.109821616846135
longest_prefix,none,1,490.1341286282966,40,0.6865315852205006,1.6021408168008406,5.221051564150847,0.0,nan,301.3564596279388,11.109821616846135
longest_prefix,none,1,495.1341286282966,42,0.6809851088201604,1.5350602042688593,4.708425282142807,0.0,nan,301.3564596279388,11.109821616846135
longest_prefix,none,1,500.1341286282966,31,0.6679418515684774,2.7440164973324386,3.6693100530417153,0.0,nan,301.3564596279388,11.109821616846135
longest_prefix,none,1,505.1341286282966,48,0.6597938144329897,2.142763782166128,3.3121969841297347,0.0,nan,301.3564596279388,11.109821616846135
longest_prefix,none,1,510.1341286282966,55,0.7286956521739131,1.8101457077651162,4.405231325921955,0.0,nan,301.3564596279388,11.109821616846135
longest_prefix,none,1,515.1341286282966,36,0.7069525666016894,4.375709725085642,5.329793265515752,0.0,nan,301.3564596279388,11.109821616846135
longest_prefix,none,1,520.1341286282966,51,0.6044158233670653,2.5850757488511817,5.4186780341734675,0.0,nan,301.3564596279388,11.109821616846135
longest_prefix,none,1,525.1341286282966,36,0.6568313021167415,1.5533420291361608,5.865283905599005,0.0,nan,301.3564596279388,11.109821616846135
longest_prefix,none,1,530.1341286282966,45,0.6680805938494168,4.917001739456396,7.230999799143579,0.0,nan,301.3564596279388,11.109821616846135
longest_prefix,none,1,535.1341286282966,50,0.7058261700095511,7.135139923268525,8.828228558431036,0.0,nan,301.3564596279388,11.109821616846135
longest_prefix,none,1,540.1341286282966,49,0.6724137931034483,2.257809124936216,10.660922968836802,0.0,nan,301.3564596279388,11.109821616846135
longest_prefix,none,1,545.1341286282966,42,0.7002249718785152,0.6802872778893629,9.499274528564282,0.0,nan,301.3564596279388,11.109821616846135
longest_prefix,none,1,550.1341286282966,32,0.6364996260284218,1.4098642716375025,8.190930523743003,0.0,nan,301.3564596279388,11.109821616846135
longest_prefix,none,1,555.1341286282966,44,0.7131147540983607,6.288040615327873,8.407356240571753,0.0,nan,301.3564596279388,11.109821616846135
longest_prefix,none,1,560.1341286282966,50,0.6985901798736023,8.085928743523084,9.743928265299424,0.0,nan,301.3564596279388,11.109821616846135
longest_prefix,none,1,565.1341286282966,33,0.7523879500367376,9.186036536531788,10.088303298583005,0.0,nan,301.3564596279388,11.109821616846135
longest_prefix,none,1,570.1341286282966,36,0.7059206245933637,9.516660236784674,10.46707553583683,0.0,nan,301.3564596279388,11.109821616846135
longest_prefix,none,1,575.1341286282966,38,0.7565104166666666,0.35857783963984957,9.74918602547413,0.0,nan,301.3564596279388,11.109821616846135
longest_prefix,none,1,580.1341286282966,42,0.7305122494432071,8.241524344991035,10.92576306947931,0.0,nan,301.3564596279388,11.109821616846135
longest_prefix,none,1,585.1341286282966,37,0.6738991703892788,10.812255160266204,11.608602381894457,0.0,nan,301.3564596279388,11.109821616846135
longest_prefix,none,1,590.1341286282966,40,0.7045589105979869,11.843202114462827,13.247265798580957,0.0,nan,301.3564596279388,11.109821616846135
longest_prefix,none,1,595.1341286282966,50,0.6752997601918466,1.774104143488728,14.938630433366585,0.0,nan,301.3564596279388,11.109821616846135
longest_prefix,none,1,600.1341286282966,41,0.6764533176746917,1.904443879507312,15.81601079313939,0.0,nan,301.3564596279388,11.109821616846135
longest_prefix,none,1,605.1341286282966,34,0.6685878962536023,1.18307924056802,14.464519398312925,0.0,nan,301.3564596279388,11.109821616846135
longest_prefix,none,1,610.1341286282966,39,0.6559006211180124,1.606116894777415,12.803393165098278,0.0,nan,301.3564596279388,11.109821616846135
longest_prefix,none,1,615.1341286282966,34,0.6256983240223464,11.824502584652123,12.568892565783482,0.0,nan,301.3564596279388,11.109821616846135
longest_prefix,none,1,620.1341286282966,33,0.7235594456601021,0.6668632934637344,12.772271041385093,0.0,nan,301.3564596279388,11.109821616846135
longest_prefix,none,1,625.1341286282966,41,0.6784883720930233,9.652454095202188,11.332979320197683,0.0,nan,301.3564596279388,11.109821616846135
longest_prefix,none,1,630.1341286282966,41,0.6792452830188679,2.323881872832885,11.854426364506958,0.0,nan,301.3564596279388,11.109821616846135
longest_prefix,none,1,635.1341286282966,55,0.6868642193719593,1.2188353336426871,11.818911896892637,0.0,nan,301.3564596279388,11.109821616846135
longest_prefix,none,1,640.1341286282966,37,0.6972418216805645,1.083305061799365,11.392009145837424,0.0,nan,301.3564596279388,11.109821616846135
longest_prefix,none,1,645.1341286282966,32,0.7607361963190185,0.5576770212589963,9.959674571822726,0.0,nan,301.3564596279388,11.109821616846135
longest_prefix,none,1,650.1341286282966,42,0.6453781512605042,1.0710557499663764,8.697077302734623,0.0,nan,301.3564596279388,11.109821616846135
longest_prefix,none,1,655.1341286282966,38,0.6586599241466498,1.1053730535376758,7.382596186294744,0.0,nan,301.3564596279388,11.109821616846135
longest_prefix,none,1,660.1341286282966,46,0.6827268067657611,1.2628266780733384,7.619264682664044,0.0,nan,301.3564596279388,11.109821616846135
longest_prefix,none,1,665.1341286282966,45,0.654862579281184,2.0742051775872596,7.1016988971937005,0.0,nan,301.3564596279388,11.109821616846135
longest_prefix,none,1,670.1341286282966,39,0.6468489892984542,3.411741709493981,8.127393128039078,0.0,nan,301.3564596279388,11.109821616846135
longest_prefix,none,1,675.1341286282966,39,0.6514778325123153,1.3266646633700248,6.586737073896678,0.0,nan,301.3564596279388,11.109821616846135
longest_prefix,none,1,680.1341286282966,33,0.6673897324656544,1.513509168140331,5.21072107320133,0.0,nan,301.3564596279388,11.109821616846135
longest_prefix,none,1,685.1341286282966,43,0.6508549365692223,1.0163386398761531,3.7714947402244,0.0,nan,301.3564596279388,11.109821616846135
longest_prefix,none,1,690.1341286282966,44,0.6521739130434783,2.0113730395977427,3.100608913132853,0.0,nan,301.3564596279388,11.109821616846135
longest_prefix,none,1,695.1341286282966,29,0.6311818943839062,1.2373880061613818,2.692802001081122,0.0,nan,301.3564596279388,11.109821616846135
longest_prefix,none,1,700.1341286282966,38,0.6695384615384615,0.7192232056021908,1.5309939443693066,0.0,nan,301.3564596279388,11.109821616846135
longest_prefix,none,1,705.1341286282966,33,0.5706134094151213,0.8271313278003163,2.662517091887744,0.0,nan,301.3564596279388,11.109821616846135
longest_prefix,none,1,710.1341286282966,51,0.6719552029864676,0.8572181509701977,2.6115311139303117,0.0,nan,301.3564596279388,11.109821616846135
longest_prefix,none,1,715.1341286282966,43,0.6963003865267808,0.9280382065327331,3.1771004697476037,0.0,nan,301.3564596279388,11.109821616846135
longest_prefix,none,1,720.1341286282966,43,0.6480354178195905,0.35164231320288764,1.9662770382693944,0.0,nan,301.3564596279388,11.109821616846135
longest_prefix,none,1,725.1341286282966,36,0.6686626746506986,0.41202758680344687,1.7610838149942138,0.0,nan,301.3564596279388,11.109821616846135
longest_prefix,none,1,730.1341286282966,28,0.6980802792321117,0.28133046933231753,1.252156671928956,0.0,nan,301.3564596279388,11.109821616846135
longest_prefix,none,1,735.1341286282966,39,0.6765067650676507,0.2542323719106889,1.42246713521599,0.0,nan,301.3564596279388,11.109821616846135
longest_prefix,none,1,740.1341286282966,39,0.646050214329455,0.7957368876144528,1.5287443010300963,0.0,nan,301.3564596279388,11.109821616846135
longest_prefix,none,1,745.1341286282966,48,0.6799802761341223,0.818484986899648,2.5359974782339387,0.0,nan,301.3564596279388,11.109821616846135
longest_prefix,none,1,750.1341286282966,33,0.6322081575246132,1.509281759536293,2.685391111860049,0.0,nan,301.3564596279388,11.109821616846135
longest_prefix,none,2,0.01623264200049831,44,0.5665236051502146,0.41780408052535123,1.394704567075792,0.0,nan,296.93566534318944,11.109821616846135
longest_prefix,none,2,5.016232642000499,34,0.7394957983193278,0.23597210186293127,0.818434872643334,0.0,nan,296.93566534318944,11.109821616846135
longest_prefix,none,2,10.0162326420005,48,0.6807558428642466,0.28424142334815183,1.1303993426964072,0.0,nan,296.93566534318944,11.109821616846135
longest_prefix,none,2,15.0162326420005,50,0.7178638941398866,0.42038147275458115,1.3710539016257648,0.0,nan,296.93566534318944,11.109821616846135
longest_prefix,none,2,20.0162326420005,37,0.7365384615384616,0.24944654964014035,0.6779677963985278,0.0,nan,296.93566534318944,11.109821616846135
longest_prefix,none,2,25.0162326420005,41,0.6977272727272728,0.3546793817575953,1.0563078105073922,0.0,nan,296.93566534318944,11.109821616846135
longest_prefix,none,2,30.0162326420005,41,0.7476470588235294,0.24509642508097684,0.8980654771037395,0.0,nan,296.93566534318944,11.109821616846135
longest_prefix,none,2,35.0162326420005,40,0.6863446630888491,0.21075344499941195,0.7499614699616824,0.0,nan,296.93566534318944,11.109821616846135
longest_prefix,none,2,40.0162326420005,43,0.7520984890878567,0.25061553022631955,1.1199156464749689,0.0,nan,296.93566534318944,11.109821616846135
longest_prefix,none,2,45.0162326420005,28,0.7441860465116279,0.16609765468399829,0.6681326309347629,0.0,nan,296.93566534318944,11.109821616846135
longest_prefix,none,2,50.0162326420005,47,0.7409484956654768,0.2029059140076086,0.6397374282393097,0.0,nan,296.93566534318944,11.109821616846135
longest_prefix,none,2,55.0162326420005,31,0.711453744493392,0.2193317357398641,0.5074133839349478,0.0,nan,296.93566534318944,11.109821616846135
longest_prefix,none,2,60.0162326420005,38,0.76,0.21599999999999753,0.41353274464889556,0.0,nan,296.93566534318944,11.109821616846135
longest_prefix,none,2,65.0162326420005,42,0.6992567181246426,0.2615610320319064,0.9606737508377406,0.0,nan,296.93566534318944,11.109821616846135
longest_prefix,none,2,70.0162326420005,39,0.748780487804878,0.2430529935771233,1.041528467528129,0.0,nan,296.93566534318944,11.109821616846135
longest_prefix,none,2,75.0162326420005,39,0.7211714460036608,0.28734889417681586,1.2469720524315724,0.0,nan,296.93566534318944,11.109821616846135
longest_prefix,none,2,80.0162326420005,36,0.7214334009465855,0.20325632020726658,0.6684122805788312,0.0,nan,296.93566534318944,11.109821616846135
longest_prefix,none,2,85.0162326420005,50,0.7179856115107913,0.25806173508779295,0.9451150864015526,0.0,nan,296.93566534318944,11.109821616846135
longest_prefix,none,2,90.0162326420005,40,0.702527924750147,0.22303010386037414,1.0491095121193665,0.0,nan,296.93566534318944,11.109821616846135
longest_prefix,none,2,95.0162326420005,44,0.750402576489533,0.223189430502444,0.931395206097335,0.0,nan,296.93566534318944,11.109821616846135
longest_prefix,none,2,100.0162326420005,44,0.7042404723564144,0.2372646802791749,0.9265946398502087,0.0,nan,296.93566534318944,11.109821616846135
longest_prefix,none,2,105.0162326420005,41,0.7234782608695652,0.2570123818602781,0.8600324815056271,0.0,nan,296.93566534318944,11.109821616846135
longest_prefix,none,2,110.0162326420005,50,0.7144893111638955,0.24888920369475187,1.120216746358999,0.0,nan,296.93566534318944,11.109821616846135
longest_prefix,none,2,115.0162326420005,44,0.7594390507011867,0.3250057205911503,0.8402970661094966,0.0,nan,296.93566534318944,11.109821616846135
longest_prefix,none,2,120.0162326420005,40,0.711006474396704,0.26976768006503704,1.3400129631134188,0.0,nan,296.93566534318944,11.109821616846135
longest_prefix,none,2,125.0162326420005,46,0.7293076522644456,0.3133990720720661,3.1661097409380305,0.0,nan,296.93566534318944,11.109821616846135
longest_prefix,none,2,130.0162326420005,29,0.7305533279871692,0.49727123837053,2.0629326808336383,0.0,nan,296.93566534318944,11.109821616846135
longest_prefix,none,2,135.0162326420005,41,0.7177006260671599,0.22124114071996814,0.627119918425348,0.0,nan,296.93566534318944,11.109821616846135
longest_prefix,none,2,140.0162326420005,60,0.7393595460072964,0.2902425212332673,1.3857854717477858,0.0,nan,296.93566534318944,11.109821616846135
longest_prefix,none,2,145.0162326420005,24,0.7041540020263425,0.24169506991184164,1.0024088235634163,0.0,nan,296.93566534318944,11.109821616846135
longest_prefix,none,2,150.0162326420005,41,0.7362250879249707,0.20354081870601703,0.720118139847631,0.0,nan,296.93566534318944,11.109821616846135
longest_prefix,none,2,155.0162326420005,34,0.7231638418079096,0.21957278264049762,0.7424525284237637,0.0,nan,296.93566534318944,11.109821616846135
longest_prefix,none,2,160.0162326420005,44,0.7482327351821643,0.24057401058249184,0.7814878415593501,0.0,nan,296.93566534318944,11.109821616846135
longest_prefix,none,2,165.0162326420005,37,0.6970873786407767,0.27091598039260134,0.8806600594385874,0.0,nan,296.93566534318944,11.109821616846135
longest_prefix,none,2,170.0162326420005,41,0.7616550116550117,0.1839999999999975,0.3618075149998391,0.0,nan,296.93566534318944,11.109821616846135
longest_prefix,none,2,175.0162326420005,45,0.7038251366120218,0.22863098410789462,1.2703385757227246,0.0,nan,296.93566534318944,11.109821616846135
longest_prefix,none,2,180.0162326420005,35,0.7099596231493943,0.2535527082779936,0.8447239127948936,0.0,nan,296.93566534318944,11.109821616846135
longest_prefix,none,2,185.0162326420005,46,0.7441505595116988,0.24487929100581596,0.6377797718520242,0.0,nan,296.93566534318944,11.109821616846135
longest_prefix,none,2,190.0162326420005,41,0.7230590961761297,0.22257469930474372,0.9130866641770867,0.0,nan,296.93566534318944,11.109821616846135
longest_prefix,none,2,195.0162326420005,36,0.7361018084393838,0.2034421247577285,0.6727982196369026,0.0,nan,296.93566534318944,11.109821616846135
longest_prefix,none,2,200.0162326420005,41,0.7472270869819031,0.22389329218685816,0.7817767650187081,0.0,nan,296.93566534318944,11.109821616846135
longest_prefix,none,2,205.0162326420005,42,0.7127355796687607,0.24799999999999045,0.8565492057544847,0.0,nan,296.93566534318944,11.109821616846135
longest_prefix,none,2,210.0162326420005,38,0.7449748743718593,0.19806536178920453,0.6581476040293762,0.0,nan,296.93566534318944,11.109821616846135
longest_prefix,none,2,215.0162326420005,44,0.7244616234124793,0.2424582804563329,1.0072623220292856,0.0,nan,296.93566534318944,11.109821616846135
longest_prefix,none,2,220.0162326420005,53,0.6536388140161725,0.4443577292149996,1.3243715716343412,0.0,nan,296.93566534318944,11.109821616846135
longest_prefix,none,2,225.0162326420005,46,0.6783867631851086,0.503726102956648,1.2131424127089838,0.0,nan,296.93566534318944,11.109821616846135
longest_prefix,none,2,230.0162326420005,33,0.6912704045422285,0.26244486866164607,0.7896537976542595,0.0,nan,296.93566534318944,11.109821616846135
longest_prefix,none,2,235.0162326420005,55,0.6877944325481798,0.3168703138485398,1.9260944182816002,0.0,nan,296.93566534318944,11.109821616846135
longest_prefix,none,2,240.0162326420005,38,0.769620253164557,0.19072300790541874,0.7425302078150118,0.0,nan,296.93566534318944,11.109821616846135
longest_prefix,none,2,245.0162326420005,48,0.6860873932697137,0.25689024427708773,2.193714778062895,0.0,nan,296.93566534318944,11.109821616846135
longest_prefix,none,2,250.0162326420005,35,0.7018505825908157,0.26400000000001,1.713738639451541,0.0,nan,296.93566534318944,11.109821616846135
longest_prefix,none,2,255.0162326420005,41,0.6788990825688074,0.24970551250902417,0.934919495198659,0.0,nan,296.93566534318944,11.109821616846135
longest_prefix,none,2,260.0162326420005,40,0.7199526346950859,0.23784002064715537,0.7513678787654822,0.0,nan,296.93566534318944,11.109821616846135
longest_prefix,none,2,265.0162326420005,37,0.7239548772395488,0.18235877427997593,0.7680308953992175,0.0,nan,296.93566534318944,11.109821616846135
longest_prefix,none,2,270.0162326420005,59,0.7480635955972279,0.27984966583244386,1.2939750982034786,0.0,nan,296.93566534318944,11.109821616846135
longest_prefix,none,2,275.0162326420005,35,0.7095908786049631,0.26619454383774155,1.0539456883084515,0.0,nan,296.93566534318944,11.109821616846135
longest_prefix,none,2,280.0162326420005,32,0.7135217723453018,0.19681828046074656,0.8284895384974067,0.0,nan,296.93566534318944,11.109821616846135
longest_prefix,none,2,285.0162326420005,30,0.7290015847860539,0.2079999999999984,0.6292007704718547,0.0,nan,296.93566534318944,11.109821616846135
longest_prefix,none,2,290.0162326420005,47,0.7078934137757668,0.23200000000002774,0.8231240545444644,0.0,nan,296.93566534318944,11.109821616846135
longest_prefix,none,2,295.0162326420005,35,0.7421555252387448,0.18400000000002592,0.6221935935392955,0.0,nan,296.93566534318944,11.109821616846135
longest_prefix,none,2,300.0162326420005,38,0.742319749216301,0.21370825211351985,0.7875591247882114,0.0,nan,296.93566534318944,11.109821616846135
longest_prefix,none,2,305.0162326420005,47,0.7239074550128535,0.22968489454655128,1.4658200202685052,0.0,nan,296.93566534318944,11.109821616846135
longest_prefix,none,2,310.0162326420005,40,0.7692307692307693,0.18400000000002592,0.37861101709822376,0.0,nan,296.93566534318944,11.109821616846135
longest_prefix,none,2,315.0162326420005,36,0.7176781002638523,0.24799999999999045,0.9104408009491802,0.0,nan,296.93566534318944,11.109821616846135
longest_prefix,none,2,320.0162326420005,32,0.7193763919821826,0.25611615180713443,0.6217395571465479,0.0,nan,296.93566534318944,11.109821616846135
longest_prefix,none,2,325.0162326420005,39,0.6824644549763034,0.23862589953051838,0.9738508724008689,0.0,nan,296.93566534318944,11.109821616846135
longest_prefix,none,2,330.0162326420005,44,0.7122692725298588,0.23297118975699505,0.9117039500899075,0.0,nan,296.93566534318944,11.109821616846135
longest_prefix,none,2,335.0162326420005,51,0.7074829931972789,0.26400000000001,0.965817586677872,0.0,nan,296.93566534318944,11.109821616846135
longest_prefix,none,2,340.0162326420005,35,0.7242798353909465,0.1928408954029237,0.7152671508614952,0.0,nan,296.93566534318944,11.109821616846135
longest_prefix,none,2,345.0162326420005,33,0.7277298850574713,0.22622306615249954,0.6826932859347699,0.0,nan,296.93566534318944,11.109821616846135
longest_prefix,none,2,350.0162326420005,45,0.7168,0.24799999999999045,0.9535904743116567,0.0,nan,296.93566534318944,11.109821616846135
longest_prefix,none,2,355.0162326420005,48,0.7215568862275449,0.26515703917291944,0.9445967494879719,0.0,nan,296.93566534318944,11.109821616846135
longest_prefix,none,2,360.0162326420005,42,0.6461366181410975,0.29910483112030306,1.5728097537847086,0.0,nan,296.93566534318944,11.109821616846135
longest_prefix,none,2,365.0162326420005,38,0.6791995148574894,0.3304886414177588,1.379176453485049,0.0,nan,296.93566534318944,11.109821616846135
longest_prefix,none,2,370.0162326420005,41,0.6403659233847913,0.5996135900255695,1.8889099619356788,0.0,nan,296.93566534318944,11.109821616846135
longest_prefix,none,2,375.0162326420005,48,0.6599899849774662,0.6880263943511409,2.8521109744176534,0.0,nan,296.93566534318944,11.109821616846135
longest_prefix,none,2,380.0162326420005,39,0.7141133896260555,0.46117873273732357,1.9441309149277874,0.0,nan,296.93566534318944,11.109821616846135
longest_prefix,none,2,385.0162326420005,35,0.6032608695652174,0.6780862552889175,3.5061707214581115,0.0,nan,296.93566534318944,11.109821616846135
longest_prefix,none,2,390.0162326420005,40,0.6553428042001236,0.4410959030292645,2.3768096933677167,0.0,nan,296.93566534318944,11.109821616846135
longest_prefix,none,2,395.0162326420005,49,0.6919072408897302,0.38104747413893847,1.6202361290433775,0.0,nan,296.93566534318944,11.109821616846135
longest_prefix,none,2,400.0162326420005,36,0.6928062216461439,0.2767876779280698,0.8578324151096495,0.0,nan,296.93566534318944,11.109821616846135
longest_prefix,none,2,405.0162326420005,58,0.6432939258051366,1.2058004781617342,3.60515172693377,0.0,nan,296.93566534318944,11.109821616846135
longest_prefix,none,2,410.0162326420005,48,0.7113924050632912,1.6127852338366893,2.6695485400671135,0.0,nan,296.93566534318944,11.109821616846135
longest_prefix,none,2,415.0162326420005,35,0.6929133858267716,0.6756803981415374,2.095339261102973,0.0,nan,296.93566534318944,11.109821616846135
longest_prefix,none,2,420.0162326420005,41,0.6289017341040463,0.44180780821938015,2.155908765947391,0.0,nan,296.93566534318944,11.109821616846135
longest_prefix,none,2,425.0162326420005,33,0.643609022556391,0.7861542451061041,2.0026762510607274,0.0,nan,296.93566534318944,11.109821616846135
longest_prefix,none,2,430.0162326420005,37,0.7216494845360825,0.3355462367409814,1.1838392411189695,0.0,nan,296.93566534318944,11.109821616846135
longest_prefix,none,2,435.0162326420005,29,0.6509357200976403,0.24141510958679646,1.6137381201782977,0.0,nan,296.93566534318944,11.109821616846135
longest_prefix,none,2,440.0162326420005,48,0.6912280701754386,0.28308001024348073,2.2670084210502894,0.0,nan,296.93566534318944,11.109821616846135
longest_prefix,none,2,445.0162326420005,41,0.675100632547441,0.6582791596903803,1.3954815093209962,0.0,nan,296.93566534318944,11.109821616846135
longest_prefix,none,2,450.0162326420005,49,0.6821891502640423,0.4570433256073443,1.9054662887039213,0.0,nan,296.93566534318944,11.109821616846135
longest_prefix,none,2,455.0162326420005,36,0.6296296296296297,0.490046116616611,2.5174610922549108,0.0,nan,296.93566534318944,11.109821616846135
longest_prefix,none,2,460.0162326420005,28,0.6856414613423959,0.3845232135276717,1.5490279461870922,0.0,nan,296.93566534318944,11.109821616846135
longest_prefix,none,2,465.0162326420005,42,0.6996547756041427,0.343172383184708,0.9573381424352446,0.0,nan,296.93566534318944,11.109821616846135
longest_prefix,none,2,470.0162326420005,47,0.6398429833169774,0.6669670144871134,1.9430240959168221,0.0,nan,296.93566534318944,11.109821616846135
longest_prefix,none,2,475.0162326420005,49,0.6503597122302158,1.915830004507768,3.0911362849167445,0.0,nan,296.93566534318944,11.109821616846135
longest_prefix,none,2,480.0162326420005,34,0.6153314917127072,2.0714735516394853,3.849445292114537,0.0,nan,296.93566534318944,11.109821616846135
longest_prefix,none,2,485.0162326420005,46,0.6782203828246249,0.9958393341716203,3.317632033151639,0.0,nan,296.93566534318944,11.109821616846135
longest_prefix,none,2,490.0162326420005,32,0.6467065868263473,0.47318731206775055,1.4749754653518936,0.0,nan,296.93566534318944,11.109821616846135
longest_prefix,none,2,495.0162326420005,34,0.6727400140154169,0.29983322665552237,1.186374156913458,0.0,nan,296.93566534318944,11.109821616846135
longest_prefix,none,2,500.0162326420005,39,0.6492861576660459,0.3101256917295814,1.8846003772503592,0.0,nan,296.93566534318944,11.109821616846135
longest_prefix,none,2,505.0162326420005,38,0.6746532156368222,0.4181657313428957,1.3335106437594584,0.0,nan,296.93566534318944,11.109821616846135
longest_prefix,none,2,510.0162326420005,37,0.6811406351263772,0.3069940968091487,0.9316254614274204,0.0,nan,296.93566534318944,11.109821616846135
longest_prefix,none,2,515.0162326420004,30,0.7477840451248993,0.2747514905441335,0.9557523471271384,0.0,nan,296.93566534318944,11.109821616846135
longest_prefix,none,2,520.0162326420004,40,0.6381231671554253,0.38665248797315144,2.359839998999946,0.0,nan,296.93566534318944,11.109821616846135
longest_prefix,none,2,525.0162326420004,36,0.6727989487516426,0.2947874264880852,2.29554423909542,0.0,nan,296.93566534318944,11.109821616846135
longest_prefix,none,2,530.0162326420004,47,0.7110208227526663,0.7801075555443049,2.495590674079417,0.0,nan,296.93566534318944,11.109821616846135
longest_prefix,none,2,535.0162326420004,41,0.6292654713707345,0.9956292555330037,1.788387887666045,0.0,nan,296.93566534318944,11.109821616846135
longest_prefix,none,2,540.0162326420004,51,0.74158368895211,0.8751463872184786,1.5591792891491991,0.0,nan,296.93566534318944,11.109821616846135
longest_prefix,none,2,545.0162326420004,37,0.6121919584954605,1.1840438726262619,2.6194132454426065,0.0,nan,296.93566534318944,11.109821616846135
longest_prefix,none,2,550.0162326420004,40,0.710091743119266,0.5774813063349598,1.1425602836793165,0.0,nan,296.93566534318944,11.109821616846135
longest_prefix,none,2,555.0162326420004,39,0.6878048780487804,0.7823490049376005,2.280735020873021,0.0,nan,296.93566534318944,11.109821616846135
longest_prefix,none,2,560.0162326420004,52,0.6647111913357401,0.9996501885913176,3.1726134858726667,0.0,nan,296.93566534318944,11.109821616846135
longest_prefix,none,2,565.0162326420004,51,0.660722665415298,2.785748960592514,4.513285247500335,0.0,nan,296.93566534318944,11.109821616846135
longest_prefix,none,2,570.0162326420004,35,0.5988973121984839,2.053116338603104,5.025810504948731,0.0,nan,296.93566534318944,11.109821616846135
longest_prefix,none,2,575.0162326420004,35,0.6689895470383276,1.0887484176149655,2.758020344162903,0.0,nan,296.93566534318944,11.109821616846135
longest_prefix,none,2,580.0162326420004,38,0.7028423772609819,0.7492391407297987,1.7751843474289513,0.0,nan,296.93566534318944,11.109821616846135
longest_prefix,none,2,585.0162326420004,37,0.6839411388355726,0.32469300906939225,1.0969465749946723,0.0,nan,296.93566534318944,11.109821616846135
longest_prefix,none,2,590.0162326420004,44,0.6819392647842302,1.0011687258025859,1.865311098908627,0.0,nan,296.93566534318944,11.109821616846135
longest_prefix,none,2,595.0162326420004,41,0.5905420991926182,0.637808539335083,1.3944313761674494,0.0,nan,296.93566534318944,11.109821616846135
longest_prefix,none,2,600.0162326420004,36,0.6671177266576455,0.36813611186539674,1.5892420870733075,0.0,nan,296.93566534318944,11.109821616846135
longest_prefix,none,2,605.0162326420004,37,0.7327188940092166,0.2319999999999709,0.9813487454947745,0.0,nan,296.93566534318944,11.109821616846135
longest_prefix,none,2,610.0162326420004,40,0.6533650982727814,0.8784463720266444,2.6215727677350866,0.0,nan,296.93566534318944,11.109821616846135
longest_prefix,none,2,615.0162326420004,50,0.7351532567049809,0.5053982303548423,1.9397864245821796,0.0,nan,296.93566534318944,11.109821616846135
longest_prefix,none,2,620.0162326420004,33,0.6715010877447426,0.5169613336407792,1.2674929647563795,0.0,nan,296.93566534318944,11.109821616846135
longest_prefix,none,2,625.0162326420004,32,0.6934635612321562,0.2456365895531576,1.1772353764200936,0.0,nan,296.93566534318944,11.109821616846135
longest_prefix,none,2,630.0162326420004,41,0.718804920913884,0.25150914385585565,1.021630020585303,0.0,nan,296.93566534318944,11.109821616846135
longest_prefix,none,2,635.0162326420004,42,0.6805165637282425,0.381114963900302,2.0253033743115636,0.0,nan,296.93566534318944,11.109821616846135
longest_prefix,none,2,640.0162326420004,50,0.6385599242065372,0.6578372762888876,2.5566234152503173,0.0,nan,296.93566534318944,11.109821616846135
longest_prefix,none,2,645.0162326420004,36,0.68190598840953,0.767092273754713,3.51770192703172,0.0,nan,296.93566534318944,11.109821616846135
longest_prefix,none,2,650.0162326420004,47,0.6245578575037898,0.357289114041464,2.166994201585023,0.0,nan,296.93566534318944,11.109821616846135
longest_prefix,none,2,655.0162326420004,43,0.6882255389718076,0.9003750114587774,2.582449285281827,0.0,nan,296.93566534318944,11.109821616846135
longest_prefix,none,2,660.0162326420004,34,0.6846910112359551,0.3895780168424494,0.9551324749680726,0.0,nan,296.93566534318944,11.109821616846135
longest_prefix,none,2,665.0162326420004,30,0.6742301458670988,0.2685529413717518,1.3270481020739706,0.0,nan,296.93566534318944,11.109821616846135
longest_prefix,none,2,670.0162326420004,38,0.7107075767063243,0.29883144859849153,0.9927873550655182,0.0,nan,296.93566534318944,11.109821616846135
longest_prefix,none,2,675.0162326420004,31,0.6770280515542078,0.2828127945901997,1.2172471732317944,0.0,nan,296.93566534318944,11.109821616846135
longest_prefix,none,2,680.0162326420004,31,0.6386100386100386,0.3414223295485499,1.091713760594166,0.0,nan,296.93566534318944,11.109821616846135
longest_prefix,none,2,685.0162326420004,43,0.7021393307734504,0.5413659513340008,1.1436615768357727,0.0,nan,296.93566534318944,11.109821616846135
longest_prefix,none,2,690.0162326420004,44,0.6697497279651795,0.36905012682296956,1.5758238824496267,0.0,nan,296.93566534318944,11.109821616846135
longest_prefix,none,2,695.0162326420004,30,0.7111111111111111,0.4640250596669375,1.0693229204898194,0.0,nan,296.93566534318944,11.109821616846135
longest_prefix,none,2,700.0162326420004,39,0.6202301635372501,0.7011262688439501,1.9370119731965725,0.0,nan,296.93566534318944,11.109821616846135
longest_prefix,none,2,705.0162326420004,51,0.7094688221709007,0.6814964218298201,2.650394332984604,0.0,nan,296.93566534318944,11.109821616846135
longest_prefix,none,2,710.0162326420004,36,0.6555407209612817,0.6723131101819604,2.022301561759672,0.0,nan,296.93566534318944,11.109821616846135
longest_prefix,none,2,715.0162326420004,35,0.612859097127223,0.3811497123834897,2.1463166555587274,0.0,nan,296.93566534318944,11.109821616846135
longest_prefix,none,2,720.0162326420004,37,0.7075718015665796,0.3245520859637736,1.3914327460393405,0.0,nan,296.93566534318944,11.109821616846135
longest_prefix,none,2,725.0162326420004,38,0.676056338028169,0.26557470848194953,0.9224296628970888,0.0,nan,296.93566534318944,11.109821616846135
longest_prefix,none,2,730.0162326420004,47,0.6757575757575758,0.5904396990923715,1.1329824940441586,0.0,nan,296.93566534318944,11.109821616846135
longest_prefix,none,2,735.0162326420004,40,0.6992116434202547,0.22660038360214685,1.2859611376853797,0.0,nan,296.93566534318944,11.109821616846135
longest_prefix,none,2,740.0162326420004,18,0.68,0.32842570343910893,0.5933138376648591,0.0,nan,296.93566534318944,11.109821616846135
hybrid,none,0,0.0849914879961137,33,0.34285714285714286,0.7040898149723387,2.0075206115171995,0.0,nan,296.28939501833446,8.371142505125718
hybrid,none,0,5.084991487996113,37,0.5573874445149017,0.5558557646918434,1.5509598289880764,0.0,nan,296.28939501833446,8.371142505125718
hybrid,none,0,10.084991487996113,33,0.6505847953216374,0.2810607419086306,1.1609448773435609,0.0,nan,296.28939501833446,8.371142505125718
hybrid,none,0,15.084991487996113,36,0.5860039241334205,0.3130636359634611,1.2006269349391177,0.0,nan,296.28939501833446,8.371142505125718
hybrid,none,0,20.084991487996113,53,0.6672678088367899,0.2690401804161624,1.7994066326203941,0.0,nan,296.28939501833446,8.371142505125718
hybrid,none,0,25.084991487996113,49,0.607970342910102,0.6799999999999997,2.393351137074218,0.0,nan,296.28939501833446,8.371142505125718
hybrid,none,0,30.084991487996113,44,0.6277836691410392,0.41148353009508476,1.5553999157332112,0.0,nan,296.28939501833446,8.371142505125718
hybrid,none,0,35.08499148799611,38,0.6720197652872143,0.24858911104187342,0.9513304549133194,0.0,nan,296.28939501833446,8.371142505125718
hybrid,none,0,40.08499148799611,41,0.6592894583576004,0.3119999999999976,1.2466674830097388,0.0,nan,296.28939501833446,8.371142505125718
hybrid,none,0,45.08499148799611,34,0.6162310866574966,0.2704874730738247,0.9829290547247345,0.0,nan,296.28939501833446,8.371142505125718
hybrid,none,0,50.08499148799611,50,0.689784442361762,0.2685676418524814,1.2285074114918966,0.0,nan,296.28939501833446,8.371142505125718
hybrid,none,0,55.08499148799611,44,0.5998896247240618,0.4814250180873252,1.9055407294489835,0.0,nan,296.28939501833446,8.371142505125718
hybrid,none,0,60.08499148799611,50,0.6505910165484634,0.27565109034273405,1.328660408718661,0.0,nan,296.28939501833446,8.371142505125718
hybrid,none,0,65.08499148799612,33,0.5788712011577424,0.2710592210083149,1.3575361140255915,0.0,nan,296.28939501833446,8.371142505125718
hybrid,none,0,70.08499148799612,45,0.645656779661017,0.40453200276279233,1.6090185742075886,0.0,nan,296.28939501833446,8.371142505125718
hybrid,none,0,75.08499148799612,38,0.6952076677316293,0.20194799041226474,0.7781150832005617,0.0,nan,296.28939501833446,8.371142505125718
hybrid,none,0,80.08499148799612,46,0.6533945890760592,0.24800000000000466,1.0099787500492639,0.0,nan,296.28939501833446,8.371142505125718
hybrid,none,0,85.08499148799612,36,0.6750164798945286,0.22026772820668583,1.8197148820593694,0.0,nan,296.28939501833446,8.371142505125718
hybrid,none,0,90.08499148799612,35,0.6482106684672518,0.24800000000000466,1.1667776938552818,0.0,nan,296.28939501833446,8.371142505125718
hybrid,none,0,95.08499148799612,36,0.595445411922304,0.24649649707043153,0.869133582512365,0.0,nan,296.28939501833446,8.371142505125718
hybrid,none,0,100.08499148799612,43,0.6650300054555374,0.23199999999999932,1.0677108792151613,0.0,nan,296.28939501833446,8.371142505125718
hybrid,none,0,105.08499148799612,38,0.6597938144329897,0.21524774111311018,0.9387276803398114,0.0,nan,296.28939501833446,8.371142505125718
hybrid,none,0,110.08499148799612,31,0.6994535519125683,0.20000000000000284,0.9260060225522934,0.0,nan,296.28939501833446,8.371142505125718
hybrid,none,0,115.08499148799612,41,0.6414112203585888,0.25281081866421573,1.1329348479634518,0.0,nan,296.28939501833446,8.371142505125718
hybrid,none,0,120.08499148799612,43,0.6568144499178982,0.31891077765473597,1.0942896187347049,0.0,nan,296.28939501833446,8.371142505125718
hybrid,none,0,125.08499148799612,39,0.6450824679291387,0.25136585274526624,0.8744247429662552,0.0,nan,296.28939501833446,8.371142505125718
hybrid,none,0,130.08499148799612,42,0.6645856980703746,0.23345058641639582,0.8672536132623998,0.0,nan,296.28939501833446,8.371142505125718
hybrid,none,0,135.08499148799612,38,0.5847133757961783,0.28815775110757613,1.2462263462030045,0.0,nan,296.28939501833446,8.371142505125718
hybrid,none,0,140.08499148799612,33,0.6966292134831461,0.1950136695660376,0.6412019836710897,0.0,nan,296.28939501833446,8.371142505125718
hybrid,none,0,145.08499148799612,40,0.6756598240469208,0.24287280820939827,1.2373238414717418,0.0,nan,296.28939501833446,8.371142505125718
hybrid,none,0,150.08499148799612,33,0.6409155937052933,0.23199999999999932,0.9718877065662752,0.0,nan,296.28939501833446,8.371142505125718
hybrid,none,0,155.08499148799612,47,0.6644569097399287,0.26400000000001,0.9804618251914115,0.0,nan,296.28939501833446,8.371142505125718
hybrid,none,0,160.08499148799612,36,0.6475195822454308,0.24467963387762381,1.1657404750447098,0.0,nan,296.28939501833446,8.371142505125718
hybrid,none,0,165.08499148799612,35,0.596537949400799,0.26400000000001,1.3376603438526022,0.0,nan,296.28939501833446,8.371142505125718
hybrid,none,0,170.08499148799612,34,0.5749827228749136,0.28407440076237833,1.1290380745740778,0.0,nan,296.28939501833446,8.371142505125718
hybrid,none,0,175.08499148799612,34,0.5256673511293635,0.2716658318646097,2.063154642950058,0.0,nan,296.28939501833446,8.371142505125718
hybrid,none,0,180.08499148799612,50,0.6823087752229,0.26305655828416263,1.3555384241817008,0.0,nan,296.28939501833446,8.371142505125718
hybrid,none,0,185.08499148799612,31,0.6609642301710731,0.2776065730408277,0.9618065746351332,0.0,nan,296.28939501833446,8.371142505125718
hybrid,none,0,190.08499148799612,39,0.563887222555489,0.449659372857127,1.690940708222443,0.0,nan,296.28939501833446,8.371142505125718
hybrid,none,0,195.08499148799612,44,0.6518478843063739,0.2846178164272146,1.163541921540512,0.0,nan,296.28939501833446,8.371142505125718
hybrid,none,0,200.08499148799612,47,0.6236775818639798,0.41613442824902336,1.6453848963511322,0.0,nan,296.28939501833446,8.371142505125718
hybrid,none,0,205.08499148799612,37,0.6489429852658553,0.2758511804743762,0.8904398332022925,0.0,nan,296.28939501833446,8.371142505125718
hybrid,none,0,210.08499148799612,48,0.6129666011787819,0.32291753197024775,1.8435322088860824,0.0,nan,296.28939501833446,8.371142505125718
hybrid,none,0,215.08499148799612,39,0.6026731470230863,0.2658891400508594,0.8404518946341885,0.0,nan,296.28939501833446,8.371142505125718
hybrid,none,0,220.08499148799612,41,0.6948356807511737,0.23199999999999932,1.1424737895059658,0.0,nan,296.28939501833446,8.371142505125718
hybrid,none,0,225.08499148799612,53,0.6515837104072398,0.3846099586399703,1.4457087150713637,0.0,nan,296.28939501833446,8.371142505125718
hybrid,none,0,230.08499148799612,55,0.645877829987185,0.6771933149173606,1.8414590868576155,0.0,nan,296.28939501833446,8.371142505125718
hybrid,none,0,235.08499148799612,48,0.6532687651331719,0.5835418455182406,1.3166742932160325,0.0,nan,296.28939501833446,8.371142505125718
hybrid,none,0,240.08499148799612,34,0.5513439007580979,0.3928887453190413,1.4369384919928547,0.0,nan,296.28939501833446,8.371142505125718
hybrid,none,0,245.08499148799612,45,0.64,0.2531332983020036,0.9390289884193639,0.0,nan,296.28939501833446,8.371142505125718
hybrid,none,0,250.08499148799612,42,0.6624449339207048,0.2504626803379466,1.1067349116838059,0.0,nan,296.28939501833446,8.371142505125718
hybrid,none,0,255.08499148799612,45,0.6666666666666666,0.2989133859784374,1.2623085488480528,0.0,nan,296.28939501833446,8.371142505125718
hybrid,none,0,260.08499148799615,56,0.6679438058748404,0.26846198446051517,1.2300164609198365,0.0,nan,296.28939501833446,8.371142505125718
hybrid,none,0,265.08499148799615,32,0.6550703182827535,0.26527270854637663,0.8854583335834998,0.0,nan,296.28939501833446,8.371142505125718
hybrid,none,0,270.08499148799615,43,0.5758582502768549,0.5813257822302376,1.6510526993132055,0.0,nan,296.28939501833446,8.371142505125718
hybrid,none,0,275.08499148799615,49,0.6623251326579837,0.2914763102028246,1.165356143053861,0.0,nan,296.28939501833446,8.371142505125718
hybrid,none,0,280.08499148799615,38,0.5771144278606966,0.5471192186508631,1.5328820001025847,0.0,nan,296.28939501833446,8.371142505125718
hybrid,none,0,285.08499148799615,47,0.6787377133988619,0.29461421053019876,1.3268311450667953,0.0,nan,296.28939501833446,8.371142505125718
hybrid,none,0,290.08499148799615,35,0.6062246278755075,0.24799999999999045,1.1831744944420095,0.0,nan,296.28939501833446,8.371142505125718
hybrid,none,0,295.08499148799615,41,0.6584243818286372,0.26903020303501535,0.9674041000250896,0.0,nan,296.28939501833446,8.371142505125718
hybrid,none,0,300.08499148799615,36,0.6324110671936759,0.23511549655501085,0.9195088601774356,0.0,nan,296.28939501833446,8.371142505125718
hybrid,none,0,305.08499148799615,39,0.6047794117647058,0.3703728240476494,1.3826791979291793,0.0,nan,296.28939501833446,8.371142505125718
hybrid,none,0,310.08499148799615,43,0.6545853926414058,0.25803266287607585,1.1861155600139295,0.0,nan,296.28939501833446,8.371142505125718
hybrid,none,0,315.08499148799615,34,0.6138968481375359,0.2653445435133506,1.3780384235841696,0.0,nan,296.28939501833446,8.371142505125718
hybrid,none,0,320.08499148799615,43,0.6071428571428571,0.39797419647800325,0.9296947274294598,0.0,nan,296.28939501833446,8.371142505125718
hybrid,none,0,325.08499148799615,54,0.6851025869759143,0.3783487558995944,1.7455573388564931,0.0,nan,296.28939501833446,8.371142505125718
hybrid,none,0,330.08499148799615,33,0.6645114942528736,0.23200000000002774,0.9273209823206274,0.0,nan,296.28939501833446,8.371142505125718
hybrid,none,0,335.08499148799615,40,0.5700598802395209,0.39500800739139663,1.7809277816423872,0.0,nan,296.28939501833446,8.371142505125718
hybrid,none,0,340.08499148799615,44,0.6808510638297872,0.22826589201721958,0.9747996720353166,0.0,nan,296.28939501833446,8.371142505125718
hybrid,none,0,345.08499148799615,36,0.6462540716612378,0.2634018119948962,1.0065577894247577,0.0,nan,296.28939501833446,8.371142505125718
hybrid,none,0,350.08499148799615,47,0.6795720835455935,0.23200000000002774,1.7949860861112152,0.0,nan,296.28939501833446,8.371142505125718
hybrid,none,0,355.08499148799615,40,0.6335923490735206,0.28642595711613694,1.473141279323699,0.0,nan,296.28939501833446,8.371142505125718
hybrid,none,0,360.08499148799615,33,0.5749636098981077,0.2566198495140952,1.1041223099416242,0.0,nan,296.28939501833446,8.371142505125718
hybrid,none,0,365.08499148799615,29,0.5984848484848485,0.25413023933623435,0.8611972872610112,0.0,nan,296.28939501833446,8.371142505125718
hybrid,none,0,370.08499148799615,41,0.5933488914819136,0.6800000000000068,1.3179083875500965,0.0,nan,296.28939501833446,8.371142505125718
hybrid,none,0,375.08499148799615,43,0.6443820224719101,0.747679244262315,2.0020622918940134,0.0,nan,296.28939501833446,8.371142505125718
hybrid,none,0,380.08499148799615,42,0.628808864265928,0.6623085292401925,1.8814595920559785,0.0,nan,296.28939501833446,8.371142505125718
hybrid,none,0,385.08499148799615,35,0.5845839017735335,0.6343824407309739,2.0677399141786514,0.0,nan,296.28939501833446,8.371142505125718
hybrid,none,0,390.08499148799615,57,0.6320636249476769,1.300981376974903,3.4268019113428476,0.0,nan,296.28939501833446,8.371142505125718
hybrid,none,0,395.08499148799615,39,0.7027534418022529,1.0298442681565234,3.2863754160007463,0.0,nan,296.28939501833446,8.371142505125718
hybrid,none,0,400.08499148799615,29,0.5711974110032363,0.39984604907152743,1.5510697955232762,0.0,nan,296.28939501833446,8.371142505125718
hybrid,none,0,405.08499148799615,39,0.5935960591133005,0.6939348887052006,2.215668802435373,0.0,nan,296.28939501833446,8.371142505125718
hybrid,none,0,410.08499148799615,35,0.560081466395112,0.65889820156616,1.91127741279668,0.0,nan,296.28939501833446,8.371142505125718
hybrid,none,0,415.08499148799615,38,0.7133757961783439,0.20371726123272538,1.2772634482512397,0.0,nan,296.28939501833446,8.371142505125718
hybrid,none,0,420.08499148799615,36,0.6004029550033579,0.5816627466240334,1.4703680507785122,0.0,nan,296.28939501833446,8.371142505125718
hybrid,none,0,425.08499148799615,44,0.6352813852813853,0.5917651381425344,1.6386638996123157,0.0,nan,296.28939501833446,8.371142505125718
hybrid,none,0,430.08499148799615,37,0.656957928802589,0.5348110015070802,1.2105393123570662,0.0,nan,296.28939501833446,8.371142505125718
hybrid,none,0,435.08499148799615,44,0.6381109280615047,0.49975523131956834,2.4739140938890762,0.0,nan,296.28939501833446,8.371142505125718
hybrid,none,0,440.08499148799615,52,0.6161202185792349,1.367476125098051,2.19984953166214,0.0,nan,296.28939501833446,8.371142505125718
hybrid,none,0,445.08499148799615,37,0.6327295440349782,1.3309525249218837,3.8784103858189907,0.0,nan,296.28939501833446,8.371142505125718
hybrid,none,0,450.08499148799615,37,0.5549132947976878,0.8207400235040154,4.466211586611755,0.0,nan,296.28939501833446,8.371142505125718
hybrid,none,0,455.08499148799615,42,0.5365990990990991,2.2641821357206595,5.2168758595612985,0.0,nan,296.28939501833446,8.371142505125718
hybrid,none,0,460.08499148799615,47,0.6531027466937945,1.2510250199674147,4.2015891521103805,0.0,nan,296.28939501833446,8.371142505125718
hybrid,none,0,465.08499148799615,38,0.6886493341788206,1.142522577086055,5.362884722987355,0.0,nan,296.28939501833446,8.371142505125718
hybrid,none,0,470.08499148799615,42,0.5946560545764639,1.376707512087421,4.805835517440183,0.0,nan,296.28939501833446,8.371142505125718
hybrid,none,0,475.08499148799615,46,0.5583885772565018,1.9434963474701021,4.442375215815025,0.0,nan,296.28939501833446,8.371142505125718
hybrid,none,0,480.08499148799615,46,0.6729957805907173,2.8173538006470835,3.7556329786000786,0.0,nan,296.28939501833446,8.371142505125718
hybrid,none,0,485.08499148799615,39,0.7240729101194218,1.9841655191656855,3.530109679325588,0.0,nan,296.28939501833446,8.371142505125718
hybrid,none,0,490.08499148799615,29,0.5759803921568627,0.6946914832454354,3.076382686420313,0.0,nan,296.28939501833446,8.371142505125718
hybrid,none,0,495.08499148799615,35,0.6487603305785123,0.28477714027019374,1.8624720608914056,0.0,nan,296.28939501833446,8.371142505125718
hybrid,none,0,500.08499148799615,33,0.6247288503253796,0.2710904066608464,2.1865898657620506,0.0,nan,296.28939501833446,8.371142505125718
hybrid,none,0,505.08499148799615,38,0.5730061349693252,0.5587928009307177,1.4681091039673335,0.0,nan,296.28939501833446,8.371142505125718
hybrid,none,0,510.08499148799615,38,0.6597179644389944,0.28156412527704333,1.512194093911875,0.0,nan,296.28939501833446,8.371142505125718
hybrid,none,0,515.0849914879961,49,0.6625239005736138,0.8323149645723333,1.7460341101269157,0.0,nan,296.28939501833446,8.371142505125718
hybrid,none,0,520.0849914879961,48,0.6095755182625864,1.7179788675309169,4.763856556887739,0.0,nan,296.28939501833446,8.371142505125718
hybrid,none,0,525.0849914879961,42,0.6034285714285714,1.3142621162730848,2.8794264206275315,0.0,nan,296.28939501833446,8.371142505125718
hybrid,none,0,530.0849914879961,47,0.685743484925907,1.664091027345421,3.3638391059638337,0.0,nan,296.28939501833446,8.371142505125718
hybrid,none,0,535.0849914879961,46,0.5916534601162177,2.3389572427596477,3.2457346288077815,0.0,nan,296.28939501833446,8.371142505125718
hybrid,none,0,540.0849914879961,29,0.7194004995836802,1.4363414875770104,2.57141197705203,0.0,nan,296.28939501833446,8.371142505125718
hybrid,none,0,545.0849914879961,45,0.6450601150026137,0.6541881087362071,3.026761576816158,0.0,nan,296.28939501833446,8.371142505125718
hybrid,none,0,550.0849914879961,45,0.6118210862619808,0.9633963752993395,3.854685259382604,0.0,nan,296.28939501833446,8.371142505125718
hybrid,none,0,555.0849914879961,34,0.6491596638655462,0.8567731501784124,1.9927291677833217,0.0,nan,296.28939501833446,8.371142505125718
hybrid,none,0,560.0849914879961,37,0.5679172056921087,1.1221746390347107,2.436166556385201,0.0,nan,296.28939501833446,8.371142505125718
hybrid,none,0,565.0849914879961,38,0.6263060848186847,0.4602817982163856,1.97328422064051,0.0,nan,296.28939501833446,8.371142505125718
hybrid,none,0,570.0849914879961,26,0.6439114391143912,0.26602551497217064,0.7560964110292048,0.0,nan,296.28939501833446,8.371142505125718
hybrid,none,0,575.0849914879961,40,0.6113432835820896,0.5919999999999845,1.5283131481656005,0.0,nan,296.28939501833446,8.371142505125718
hybrid,none,0,580.0849914879961,39,0.6124401913875598,0.5344455861247752,2.131505643973701,0.0,nan,296.28939501833446,8.371142505125718
hybrid,none,0,585.0849914879961,47,0.6455889852116268,1.1871993496949926,2.9682283463832455,0.0,nan,296.28939501833446,8.371142505125718
hybrid,none,0,590.0849914879961,36,0.45559322033898303,1.6757358568954714,4.102797340998489,0.0,nan,296.28939501833446,8.371142505125718
hybrid,none,0,595.0849914879961,34,0.64,0.6878501063957856,3.5869456054966085,0.0,nan,296.28939501833446,8.371142505125718
hybrid,none,0,600.0849914879961,39,0.6728280961182994,0.3864395823754876,1.365756123066833,0.0,nan,296.28939501833446,8.371142505125718
hybrid,none,0,605.0849914879961,37,0.5570599613152805,1.0438558017281139,2.703303887752841,0.0,nan,296.28939501833446,8.371142505125718
hybrid,none,0,610.0849914879961,40,0.6183431952662722,0.6289049568566156,3.4279493769825136,0.0,nan,296.28939501833446,8.371142505125718
hybrid,none,0,615.0849914879961,44,0.5783991228070176,2.5959817832884937,4.499524339044954,0.0,nan,296.28939501833446,8.371142505125718
hybrid,none,0,620.0849914879961,47,0.6629040533606978,1.6598751227469393,2.588606026724658,0.0,nan,296.28939501833446,8.371142505125718
hybrid,none,0,625.0849914879961,44,0.5822784810126582,1.5923629694732426,4.177137146526156,0.0,nan,296.28939501833446,8.371142505125718
hybrid,none,0,630.0849914879961,46,0.6075949367088608,1.9705306432538805,3.9423722144714244,0.0,nan,296.28939501833446,8.371142505125718
hybrid,none,0,635.0849914879961,38,0.6125158027812895,2.1258021873605912,3.7290524430536665,0.0,nan,296.28939501833446,8.371142505125718
hybrid,none,0,640.0849914879961,42,0.6204173716864072,1.844579760216618,2.9133449088028645,0.0,nan,296.28939501833446,8.371142505125718
hybrid,none,0,645.0849914879961,48,0.6673257538309442,1.065835732732694,3.5096607027318782,0.0,nan,296.28939501833446,8.371142505125718
hybrid,none,0,650.0849914879961,33,0.6256335988414192,1.5234566264560954,2.572871631757266,0.0,nan,296.28939501833446,8.371142505125718
hybrid,none,0,655.0849914879961,41,0.6901248581157775,0.5532303530218314,1.2336264021017316,0.0,nan,296.28939501833446,8.371142505125718
hybrid,none,0,660.0849914879961,33,0.5442948263642806,1.1109780600830845,2.310748300183791,0.0,nan,296.28939501833446,8.371142505125718
hybrid,none,0,665.0849914879961,39,0.5672371638141809,0.8766577343088784,2.423502308776287,0.0,nan,296.28939501833446,8.371142505125718
hybrid,none,0,670.0849914879961,31,0.6235011990407674,0.6996106977851468,1.4639905850254762,0.0,nan,296.28939501833446,8.371142505125718
hybrid,none,0,675.0849914879961,34,0.6390041493775933,0.4264314167061798,1.1434503217623435,0.0,nan,296.28939501833446,8.371142505125718
hybrid,none,0,680.0849914879961,43,0.6259032795997777,0.5452450349711171,1.664641418252313,0.0,nan,296.28939501833446,8.371142505125718
hybrid,none,0,685.0849914879961,44,0.6721945826423439,0.3265509825907884,2.679192240207901,0.0,nan,296.28939501833446,8.371142505125718
hybrid,none,0,690.0849914879961,45,0.6598161168199026,0.6380754259854484,1.7984772024067388,0.0,nan,296.28939501833446,8.371142505125718
hybrid,none,0,695.0849914879961,48,0.6195170034499754,1.1828014739856485,2.3905422466954827,0.0,nan,296.28939501833446,8.371142505125718
hybrid,none,0,700.0849914879961,43,0.6670372429127293,0.8738899726587306,1.8332506335591234,0.0,nan,296.28939501833446,8.371142505125718
hybrid,none,0,705.0849914879961,46,0.7213459516298633,0.5098300260767132,1.8995821240121187,0.0,nan,296.28939501833446,8.371142505125718
hybrid,none,0,710.0849914879961,42,0.6548821548821548,0.28280378870744016,1.7480964207412057,0.0,nan,296.28939501833446,8.371142505125718
hybrid,none,0,715.0849914879961,37,0.6116129032258064,0.436978889682905,1.4836948017426221,0.0,nan,296.28939501833446,8.371142505125718
hybrid,none,0,720.0849914879961,46,0.6886291179596175,0.5247876511908203,1.8207422459054154,0.0,nan,296.28939501833446,8.371142505125718
hybrid,none,0,725.0849914879961,33,0.700589970501475,0.20609607277242503,0.887568621556029,0.0,nan,296.28939501833446,8.371142505125718
hybrid,none,0,730.0849914879961,47,0.6540623403168114,0.3499539549984547,2.1096024170023338,0.0,nan,296.28939501833446,8.371142505125718
hybrid,none,0,735.0849914879961,37,0.590153452685422,1.207798618993479,2.647122366634471,0.0,nan,296.28939501833446,8.371142505125718
hybrid,none,0,740.0849914879961,5,0.6368159203980099,0.7429618302602421,1.1307694188919686,0.0,nan,296.28939501833446,8.371142505125718
hybrid,none,1,0.13412862829656735,33,0.3924963924963925,0.7750210517037202,1.7661667010736755,0.0,nan,301.3564596279388,8.371142505125718
hybrid,none,1,5.134128628296567,37,0.6530612244897959,0.30873510383882774,1.062590694213906,0.0,nan,301.3564596279388,8.371142505125718
hybrid,none,1,10.134128628296567,46,0.6349614395886889,0.2710014413936115,0.9540955706409414,0.0,nan,301.3564596279388,8.371142505125718
hybrid,none,1,15.134128628296567,40,0.6846199880311191,0.24015811452317237,0.9684699752257858,0.0,nan,301.3564596279388,8.371142505125718
hybrid,none,1,20.134128628296565,42,0.5778781038374717,0.35902377413341036,1.5476163499813955,0.0,nan,301.3564596279388,8.371142505125718
hybrid,none,1,25.134128628296565,31,0.6336633663366337,0.3059559245511636,1.1145216731256327,0.0,nan,301.3564596279388,8.371142505125718
hybrid,none,1,30.134128628296565,32,0.6292217327459618,0.25389217630565497,0.8098257796784865,0.0,nan,301.3564596279388,8.371142505125718
hybrid,none,1,35.134128628296565,38,0.6462962962962963,0.2523649223670361,1.328656276228419,0.0,nan,301.3564596279388,8.371142505125718
hybrid,none,1,40.134128628296565,25,0.5454545454545454,0.21496314335812627,0.7753778305566987,0.0,nan,301.3564596279388,8.371142505125718
hybrid,none,1,45.134128628296565,28,0.5619765494137353,0.3570120158738703,0.8440708055938598,0.0,nan,301.3564596279388,8.371142505125718
hybrid,none,1,50.134128628296565,39,0.6505507955936353,0.26722383895614144,0.9106080676200716,0.0,nan,301.3564596279388,8.371142505125718
hybrid,none,1,55.134128628296565,39,0.6791995148574894,0.23893373045277855,1.024715153047781,0.0,nan,301.3564596279388,8.371142505125718
hybrid,none,1,60.134128628296565,45,0.6508364813815435,0.20897232479176608,0.818598748677502,0.0,nan,301.3564596279388,8.371142505125718
hybrid,none,1,65.13412862829657,40,0.61193148257531,0.32849535773515015,1.147692881573481,0.0,nan,301.3564596279388,8.371142505125718
hybrid,none,1,70.13412862829657,37,0.6177215189873417,0.32180530737579716,1.5408111401803848,0.0,nan,301.3564596279388,8.371142505125718
hybrid,none,1,75.13412862829657,49,0.6453628063431043,0.27506402761252957,0.9771137156756833,0.0,nan,301.3564596279388,8.371142505125718
hybrid,none,1,80.13412862829657,51,0.6525581395348837,0.5526104658519415,1.7433014480727351,0.0,nan,301.3564596279388,8.371142505125718
hybrid,none,1,85.13412862829657,38,0.6706700379266751,0.22432314871316805,0.7673491571170639,0.0,nan,301.3564596279388,8.371142505125718
hybrid,none,1,90.13412862829657,41,0.6582203889216264,0.25978944385353486,1.277068772478669,0.0,nan,301.3564596279388,8.371142505125718
hybrid,none,1,95.13412862829657,44,0.6416122004357299,0.24399031648061964,1.0607084672879241,0.0,nan,301.3564596279388,8.371142505125718
hybrid,none,1,100.13412862829657,39,0.6728509585652442,0.2259126446471953,1.217114683762417,0.0,nan,301.3564596279388,8.371142505125718
hybrid,none,1,105.13412862829657,35,0.5902503293807642,0.2777197687027808,1.4174182718348234,0.0,nan,301.3564596279388,8.371142505125718
hybrid,none,1,110.13412862829657,28,0.5647058823529412,0.25913005265116595,1.160179041237211,0.0,nan,301.3564596279388,8.371142505125718
hybrid,none,1,115.13412862829657,40,0.6629802095459837,0.25494665893246093,1.0398135767370607,0.0,nan,301.3564596279388,8.371142505125718
hybrid,none,1,120.13412862829657,47,0.6690464048954615,0.3122515094769369,0.9250556111802833,0.0,nan,301.3564596279388,8.371142505125718
hybrid,none,1,125.13412862829657,52,0.6513427401001366,0.322012953558108,1.3807975542239708,0.0,nan,301.3564596279388,8.371142505125718
hybrid,none,1,130.13412862829657,39,0.6751361161524501,0.2581516375946933,1.0086783611635084,0.0,nan,301.3564596279388,8.371142505125718
hybrid,none,1,135.13412862829657,40,0.5693950177935944,0.26644401003224516,1.1304218427359938,0.0,nan,301.3564596279388,8.371142505125718
hybrid,none,1,140.13412862829657,43,0.5820812465219811,0.556019715038957,1.2535478547380035,0.0,nan,301.3564596279388,8.371142505125718
hybrid,none,1,145.13412862829657,39,0.612590799031477,0.28439478126733775,1.9281469508356508,0.0,nan,301.3564596279388,8.371142505125718
hybrid,none,1,150.13412862829657,44,0.6101238556812062,0.4499487200119603,1.5091132051063894,0.0,nan,301.3564596279388,8.371142505125718
hybrid,none,1,155.13412862829657,43,0.7038917089678511,0.23709574645960174,1.2722366600040498,0.0,nan,301.3564596279388,8.371142505125718
hybrid,none,1,160.13412862829657,36,0.654169360051713,0.21919909434396345,1.2968524189578672,0.0,nan,301.3564596279388,8.371142505125718
hybrid,none,1,165.13412862829657,36,0.6318572372769332,0.2336296842509995,0.7583084301700097,0.0,nan,301.3564596279388,8.371142505125718
hybrid,none,1,170.13412862829657,37,0.6286836935166994,0.24799999999999045,0.84496510413563,0.0,nan,301.3564596279388,8.371142505125718
hybrid,none,1,175.13412862829657,45,0.6147455867082036,0.2841655370445153,0.8882379926332307,0.0,nan,301.3564596279388,8.371142505125718
hybrid,none,1,180.13412862829657,46,0.6644602851323829,0.27334534070368477,1.2710287265420672,0.0,nan,301.3564596279388,8.371142505125718
hybrid,none,1,185.13412862829657,35,0.49463806970509383,0.6710179415783557,1.982673729394069,0.0,nan,301.3564596279388,8.371142505125718
hybrid,none,1,190.13412862829657,47,0.6757164404223228,0.25110109159999183,1.7113528594978975,0.0,nan,301.3564596279388,8.371142505125718
hybrid,none,1,195.13412862829657,39,0.6324891908585547,0.2339773443985962,1.4375296124786425,0.0,nan,301.3564596279388,8.371142505125718
hybrid,none,1,200.13412862829657,34,0.6338912133891214,0.2627129650155524,0.9555026034070302,0.0,nan,301.3564596279388,8.371142505125718
hybrid,none,1,205.13412862829657,34,0.6638054363376252,0.22664634535141204,0.73729608182092,0.0,nan,301.3564596279388,8.371142505125718
hybrid,none,1,210.13412862829657,34,0.6215827338129496,0.2590136217270498,1.0491029427163727,0.0,nan,301.3564596279388,8.371142505125718
hybrid,none,1,215.13412862829657,35,0.6029609690444145,0.22366958176820617,0.7684678102006892,0.0,nan,301.3564596279388,8.371142505125718
hybrid,none,1,220.13412862829657,30,0.5467860048820179,0.37757739772597176,1.036007185859704,0.0,nan,301.3564596279388,8.371142505125718
hybrid,none,1,225.13412862829657,34,0.6350106307583274,0.24581076091254772,1.1556076314408976,0.0,nan,301.3564596279388,8.371142505125718
hybrid,none,1,230.13412862829657,45,0.646684350132626,0.29028443562611983,1.1542561160491376,0.0,nan,301.3564596279388,8.371142505125718
hybrid,none,1,235.13412862829657,45,0.6313581541688515,0.26400000000001,1.3324112606899667,0.0,nan,301.3564596279388,8.371142505125718
hybrid,none,1,240.13412862829657,35,0.6079088471849866,0.5999999999999943,1.3477166296246517,0.0,nan,301.3564596279388,8.371142505125718
hybrid,none,1,245.13412862829657,36,0.6051587301587301,0.30503357074843507,1.3648581655448582,0.0,nan,301.3564596279388,8.371142505125718
hybrid,none,1,250.13412862829657,42,0.6367254121660034,0.19571995675451603,1.3902545403282796,0.0,nan,301.3564596279388,8.371142505125718
hybrid,none,1,255.13412862829657,39,0.6164960866947622,0.3023475676569376,1.6124004423504328,0.0,nan,301.3564596279388,8.371142505125718
hybrid,none,1,260.1341286282966,33,0.654014598540146,0.21600000000000819,0.9208019154228964,0.0,nan,301.3564596279388,8.371142505125718
hybrid,none,1,265.1341286282966,33,0.7110460863204097,0.16800000000000637,0.8510608421625762,0.0,nan,301.3564596279388,8.371142505125718
hybrid,none,1,270.1341286282966,42,0.6556064073226545,0.23860858161739884,0.995346127273443,0.0,nan,301.3564596279388,8.371142505125718
hybrid,none,1,275.1341286282966,38,0.6448189762796505,0.5637896943565295,0.9875187023337094,0.0,nan,301.3564596279388,8.371142505125718
hybrid,none,1,280.1341286282966,38,0.64,0.2517306210805259,0.9966722062710837,0.0,nan,301.3564596279388,8.371142505125718
hybrid,none,1,285.1341286282966,39,0.5228519195612431,0.6159999999999854,2.067403089622038,0.0,nan,301.3564596279388,8.371142505125718
hybrid,none,1,290.1341286282966,51,0.6770098730606487,0.4235271442317412,1.4745072663887981,0.0,nan,301.3564596279388,8.371142505125718
hybrid,none,1,295.1341286282966,47,0.6487582361885453,0.36842305240077167,1.2851495118886724,0.0,nan,301.3564596279388,8.371142505125718
hybrid,none,1,300.1341286282966,44,0.6428571428571429,0.21751472288960372,0.9472110789758318,0.0,nan,301.3564596279388,8.371142505125718
hybrid,none,1,305.1341286282966,38,0.6855702583490864,0.2515016563399115,0.7751375492054678,0.0,nan,301.3564596279388,8.371142505125718
hybrid,none,1,310.1341286282966,31,0.634600465477114,0.23333041759900652,0.8256619107699975,0.0,nan,301.3564596279388,8.371142505125718
hybrid,none,1,315.1341286282966,36,0.5756774619960344,0.4268616998054142,0.848520628588318,0.0,nan,301.3564596279388,8.371142505125718
hybrid,none,1,320.1341286282966,33,0.5962373371924746,0.21600000000000819,0.7384342544477613,0.0,nan,301.3564596279388,8.371142505125718
hybrid,none,1,325.1341286282966,45,0.6227795193312434,0.4468625063865943,1.0265861854081164,0.0,nan,301.3564596279388,8.371142505125718
hybrid,none,1,330.1341286282966,33,0.6956521739130435,0.18400000000002592,0.8664579803205629,0.0,nan,301.3564596279388,8.371142505125718
hybrid,none,1,335.1341286282966,33,0.5268432355046528,0.2587941835109291,1.1660051963431555,0.0,nan,301.3564596279388,8.371142505125718
hybrid,none,1,340.1341286282966,28,0.5738684884713919,0.2603457460444929,0.9536194989020783,0.0,nan,301.3564596279388,8.371142505125718
hybrid,none,1,345.1341286282966,44,0.6063660477453581,0.3380539786867871,1.3498062053286566,0.0,nan,301.3564596279388,8.371142505125718
hybrid,none,1,350.1341286282966,44,0.6756903086085544,0.27976468567874235,1.0903984350915739,0.0,nan,301.3564596279388,8.371142505125718
hybrid,none,1,355.1341286282966,33,0.6046511627906976,0.36000000000001364,0.9759542629398742,0.0,nan,301.3564596279388,8.371142505125718
hybrid,none,1,360.1341286282966,43,0.5888888888888889,0.504144908431158,1.2181354577252543,0.0,nan,301.3564596279388,8.371142505125718
hybrid,none,1,365.1341286282966,40,0.6877611940298507,0.25097380834375826,1.0568766302090284,0.0,nan,301.3564596279388,8.371142505125718
hybrid,none,1,370.1341286282966,45,0.650402144772118,0.24842078564398662,0.9093309623787265,0.0,nan,301.3564596279388,8.371142505125718
hybrid,none,1,375.1341286282966,45,0.6009340944473275,0.39797625592774466,3.4727314829402833,0.0,nan,301.3564596279388,8.371142505125718
hybrid,none,1,380.1341286282966,43,0.6602739726027397,0.8920799302171645,2.611145602934755,0.0,nan,301.3564596279388,8.371142505125718
hybrid,none,1,385.1341286282966,58,0.687784679089027,0.5822465440870133,3.2416668176660233,0.0,nan,301.3564596279388,8.371142505125718
hybrid,none,1,390.1341286282966,42,0.6757990867579908,1.5895314689571762,3.3727888834814386,0.0,nan,301.3564596279388,8.371142505125718
hybrid,none,1,395.1341286282966,43,0.6616499442586399,1.342387377413047,2.759916007440332,0.0,nan,301.3564596279388,8.371142505125718
hybrid,none,1,400.1341286282966,39,0.6028238182934316,1.204401649763554,3.0054062540628848,0.0,nan,301.3564596279388,8.371142505125718
hybrid,none,1,405.1341286282966,39,0.6523579201934704,1.0354944829628039,2.6524966854871206,0.0,nan,301.3564596279388,8.371142505125718
hybrid,none,1,410.1341286282966,38,0.48782011242973145,1.3867312925892463,5.26267944989017,0.0,nan,301.3564596279388,8.371142505125718
hybrid,none,1,415.1341286282966,44,0.6582144743792921,0.5979656939337303,3.1315892815948745,0.0,nan,301.3564596279388,8.371142505125718
hybrid,none,1,420.1341286282966,32,0.6329670329670329,0.7437002101748078,1.7833289805132633,0.0,nan,301.3564596279388,8.371142505125718
hybrid,none,1,425.1341286282966,37,0.6262230919765166,0.35390299216038557,1.3943303170486685,0.0,nan,301.3564596279388,8.371142505125718
hybrid,none,1,430.1341286282966,39,0.6542168674698795,0.33209145199663226,1.759007140307185,0.0,nan,301.3564596279388,8.371142505125718
hybrid,none,1,435.1341286282966,40,0.5849753694581281,0.74902088249857,1.830412946471729,0.0,nan,301.3564596279388,8.371142505125718
hybrid,none,1,440.1341286282966,40,0.6543283582089552,0.4081268579654136,2.345677672333064,0.0,nan,301.3564596279388,8.371142505125718
hybrid,none,1,445.1341286282966,41,0.6028119507908611,0.7778036830134738,2.2697006139718043,0.0,nan,301.3564596279388,8.371142505125718
hybrid,none,1,450.1341286282966,28,0.6745362563237775,0.3512323767557177,1.1338815415844465,0.0,nan,301.3564596279388,8.371142505125718
hybrid,none,1,455.1341286282966,34,0.567814476458187,0.581749500569174,1.5428150262094653,0.0,nan,301.3564596279388,8.371142505125718
hybrid,none,1,460.1341286282966,41,0.7115272088940902,0.24746420019471316,0.8880550661631675,0.0,nan,301.3564596279388,8.371142505125718
hybrid,none,1,465.1341286282966,49,0.624390243902439,0.7567961861560661,2.1457648919086205,0.0,nan,301.3564596279388,8.371142505125718
hybrid,none,1,470.1341286282966,39,0.675609756097561,0.7954045731947303,1.8574838255893666,0.0,nan,301.3564596279388,8.371142505125718
hybrid,none,1,475.1341286282966,42,0.6359525155455059,0.4229127851211274,1.735806812162009,0.0,nan,301.3564596279388,8.371142505125718
hybrid,none,1,480.1341286282966,49,0.6345872007816317,0.6918191848434958,2.0862000929132796,0.0,nan,301.3564596279388,8.371142505125718
hybrid,none,1,485.1341286282966,36,0.6041666666666666,0.6379403073363221,2.0220734357291374,0.0,nan,301.3564596279388,8.371142505125718
hybrid,none,1,490.1341286282966,40,0.6483909415971395,0.5797948649534703,2.3088328869641632,0.0,nan,301.3564596279388,8.371142505125718
hybrid,none,1,495.1341286282966,42,0.6414662084765178,0.7310584614593552,2.126765991353401,0.0,nan,301.3564596279388,8.371142505125718
hybrid,none,1,500.1341286282966,31,0.6518745218056619,0.2672884878023183,0.9851492399231458,0.0,nan,301.3564596279388,8.371142505125718
hybrid,none,1,505.1341286282966,48,0.6445753559155621,1.173991387080207,1.9706644493756835,0.0,nan,301.3564596279388,8.371142505125718
hybrid,none,1,510.1341286282966,55,0.6665217391304348,1.323374785778583,2.428129995109414,0.0,nan,301.3564596279388,8.371142505125718
hybrid,none,1,515.1341286282966,36,0.6653671215074723,1.4207473926532543,3.7900277107778493,0.0,nan,301.3564596279388,8.371142505125718
hybrid,none,1,520.1341286282966,51,0.5653173873045079,1.6048440525004253,3.4853564761786515,0.0,nan,301.3564596279388,8.371142505125718
hybrid,none,1,525.1341286282966,36,0.5991019884541373,1.9740290678535644,3.008844298661955,0.0,nan,301.3564596279388,8.371142505125718
hybrid,none,1,530.1341286282966,45,0.6574761399787911,1.5288200583246407,3.217325160759174,0.0,nan,301.3564596279388,8.371142505125718
hybrid,none,1,535.1341286282966,50,0.6370582617000955,2.336797011915337,3.6357523430314083,0.0,nan,301.3564596279388,8.371142505125718
hybrid,none,1,540.1341286282966,49,0.6676245210727969,3.18595834727239,4.580290662629463,0.0,nan,301.3564596279388,8.371142505125718
hybrid,none,1,545.1341286282966,42,0.6310461192350956,2.122663532205763,3.421842190788977,0.0,nan,301.3564596279388,8.371142505125718
hybrid,none,1,550.1341286282966,32,0.6110695587135377,1.9154045204844579,4.182773212202847,0.0,nan,301.3564596279388,8.371142505125718
hybrid,none,1,555.1341286282966,44,0.6781420765027323,1.2629475976943354,2.5893315615645225,0.0,nan,301.3564596279388,8.371142505125718
hybrid,none,1,560.1341286282966,50,0.6562955760816723,1.6619437222979059,2.809094277095514,0.0,nan,301.3564596279388,8.371142505125718
hybrid,none,1,565.1341286282966,33,0.6818515797207936,1.747355150971316,2.616732123454185,0.0,nan,301.3564596279388,8.371142505125718
hybrid,none,1,570.1341286282966,36,0.5406636304489265,0.9668273620756622,3.47004344287119,0.0,nan,301.3564596279388,8.371142505125718
hybrid,none,1,575.1341286282966,38,0.67578125,0.4468493375209164,1.4447880356227802,0.0,nan,301.3564596279388,8.371142505125718
hybrid,none,1,580.1341286282966,42,0.6592427616926503,0.31260248340333874,1.3889176853992231,0.0,nan,301.3564596279388,8.371142505125718
hybrid,none,1,585.1341286282966,37,0.6330567964262923,0.4752442215882411,1.006012071800892,0.0,nan,301.3564596279388,8.371142505125718
hybrid,none,1,590.1341286282966,40,0.5731201894612197,0.602542721269117,2.8189507215239713,0.0,nan,301.3564596279388,8.371142505125718
hybrid,none,1,595.1341286282966,50,0.645083932853717,0.9950794042688358,2.20338019648899,0.0,nan,301.3564596279388,8.371142505125718
hybrid,none,1,600.1341286282966,41,0.6576629477392836,1.137395662266158,1.7038544555489807,0.0,nan,301.3564596279388,8.371142505125718
hybrid,none,1,605.1341286282966,34,0.5965417867435159,0.5801744937207332,3.1180709394791575,0.0,nan,301.3564596279388,8.371142505125718
hybrid,none,1,610.1341286282966,39,0.6186335403726708,0.8004779770304822,1.9040729388693534,0.0,nan,301.3564596279388,8.371142505125718
hybrid,none,1,615.1341286282966,34,0.6033519553072626,0.587770781694303,1.3845223158647741,0.0,nan,301.3564596279388,8.371142505125718
hybrid,none,1,620.1341286282966,33,0.6301969365426696,0.4781828000134283,1.554824019805492,0.0,nan,301.3564596279388,8.371142505125718
hybrid,none,1,625.1341286282966,41,0.5953488372093023,0.41388736418434746,1.9492800443214278,0.0,nan,301.3564596279388,8.371142505125718
hybrid,none,1,630.1341286282966,41,0.625,0.6247063971981106,3.137702488146556,0.0,nan,301.3564596279388,8.371142505125718
hybrid,none,1,635.1341286282966,55,0.6917293233082706,1.2245841460097608,2.4990587106984914,0.0,nan,301.3564596279388,8.371142505125718
hybrid,none,1,640.1341286282966,37,0.5747273893521488,1.2609949915420202,3.0020317665626317,0.0,nan,301.3564596279388,8.371142505125718
hybrid,none,1,645.1341286282966,32,0.6633435582822086,0.2725360553510541,1.9166038311848401,0.0,nan,301.3564596279388,8.371142505125718
hybrid,none,1,650.1341286282966,42,0.6274509803921569,0.7359377971999379,1.8948583537422752,0.0,nan,301.3564596279388,8.371142505125718
hybrid,none,1,655.1341286282966,38,0.6150442477876106,0.5381534035547588,1.854556266628056,0.0,nan,301.3564596279388,8.371142505125718
hybrid,none,1,660.1341286282966,46,0.67247565351102,0.9105118367883733,2.469720752052353,0.0,nan,301.3564596279388,8.371142505125718
hybrid,none,1,665.1341286282966,45,0.6464059196617337,0.7185632907828676,1.6961715114021856,0.0,nan,301.3564596279388,8.371142505125718
hybrid,none,1,670.1341286282966,39,0.6242568370986921,1.1447072193840313,2.004861353137421,0.0,nan,301.3564596279388,8.371142505125718
hybrid,none,1,675.1341286282966,39,0.6003694581280788,0.8044123264702421,1.6126942096240804,0.0,nan,301.3564596279388,8.371142505125718
hybrid,none,1,680.1341286282966,33,0.6254519161243673,0.7380210221424477,2.5653295012561967,0.0,nan,301.3564596279388,8.371142505125718
hybrid,none,1,685.1341286282966,43,0.5929398786541644,0.7238316266841593,1.6585592506904299,0.0,nan,301.3564596279388,8.371142505125718
hybrid,none,1,690.1341286282966,44,0.5774125132555673,0.8912596748960482,3.511225393086842,0.0,nan,301.3564596279388,8.371142505125718
hybrid,none,1,695.1341286282966,29,0.6085498742665549,0.6779084187766102,2.8986173688185723,0.0,nan,301.3564596279388,8.371142505125718
hybrid,none,1,700.1341286282966,38,0.6498461538461539,0.7343729310724711,2.3818463342435923,0.0,nan,301.3564596279388,8.371142505125718
hybrid,none,1,705.1341286282966,33,0.5677603423680456,0.6092516467423366,1.2861918400654258,0.0,nan,301.3564596279388,8.371142505125718
hybrid,none,1,710.1341286282966,51,0.5972935137657489,1.3402737104966036,3.6203117223036543,0.0,nan,301.3564596279388,8.371142505125718
hybrid,none,1,715.1341286282966,43,0.695196024295969,0.8412071885060186,2.312068189579486,0.0,nan,301.3564596279388,8.371142505125718
hybrid,none,1,720.1341286282966,43,0.6519092418372994,0.7178425752694011,2.1717529905028368,0.0,nan,301.3564596279388,8.371142505125718
hybrid,none,1,725.1341286282966,36,0.6114437791084497,0.7338081631415889,1.9435453262186626,0.0,nan,301.3564596279388,8.371142505125718
hybrid,none,1,730.1341286282966,28,0.6221640488656196,0.42979058003516,0.9719764725545099,0.0,nan,301.3564596279388,8.371142505125718
hybrid,none,1,735.1341286282966,39,0.6217712177121771,0.27517027499118285,2.1940165834766954,0.0,nan,301.3564596279388,8.371142505125718
hybrid,none,1,740.1341286282966,39,0.6056338028169014,0.7222044350489796,1.9853898093574616,0.0,nan,301.3564596279388,8.371142505125718
hybrid,none,1,745.1341286282966,48,0.6252465483234714,0.9559978174985417,1.7276341920394374,0.0,nan,301.3564596279388,8.371142505125718
hybrid,none,1,750.1341286282966,33,0.5935302390998594,1.1438071659625848,2.5250602665966926,0.0,nan,301.3564596279388,8.371142505125718
hybrid,none,2,0.01623264200049831,44,0.4978540772532189,0.7764783738687144,1.889146110074805,0.0,nan,296.93566534318944,8.371142505125718
hybrid,none,2,5.016232642000499,34,0.6498599439775911,0.365358749003176,0.992305490211985,0.0,nan,296.93566534318944,8.371142505125718
hybrid,none,2,10.0162326420005,48,0.6046742913973148,0.37621901937945257,1.336802969277335,0.0,nan,296.93566534318944,8.371142505125718
hybrid,none,2,15.0162326420005,50,0.6862003780718336,0.4094694707486308,1.2508402374627108,0.0,nan,296.93566534318944,8.371142505125718
hybrid,none,2,20.0162326420005,37,0.6423076923076924,0.235486716603738,0.7602588853628172,0.0,nan,296.93566534318944,8.371142505125718
hybrid,none,2,25.0162326420005,41,0.6392045454545454,0.25835281672808463,1.5752729241987167,0.0,nan,296.93566534318944,8.371142505125718
hybrid,none,2,30.0162326420005,41,0.6711764705882353,0.23651002326406,1.0441545969285901,0.0,nan,296.93566534318944,8.371142505125718
hybrid,none,2,35.0162326420005,40,0.5963029218843172,0.2759652947856921,1.4510954751031728,0.0,nan,296.93566534318944,8.371142505125718
hybrid,none,2,40.0162326420005,43,0.7090095131505316,0.35650633135237797,1.1247656957181147,0.0,nan,296.93566534318944,8.371142505125718
hybrid,none,2,45.0162326420005,28,0.6546080964685616,0.21600000000000108,0.9609050214952637,0.0,nan,296.93566534318944,8.371142505125718
hybrid,none,2,50.0162326420005,47,0.6879143294237634,0.21311197191455022,0.8330734870429494,0.0,nan,296.93566534318944,8.371142505125718
hybrid,none,2,55.0162326420005,31,0.5873715124816447,0.27321349518828697,0.9543135610893427,0.0,nan,296.93566534318944,8.371142505125718
hybrid,none,2,60.0162326420005,38,0.64,0.24426136635528906,1.4236182596279379,0.0,nan,296.93566534318944,8.371142505125718
hybrid,none,2,65.0162326420005,42,0.5969125214408233,0.47149536493544986,1.3115732326859857,0.0,nan,296.93566534318944,8.371142505125718
hybrid,none,2,70.0162326420005,39,0.6396341463414634,0.26714446280676896,1.5080620361775903,0.0,nan,296.93566534318944,8.371142505125718
hybrid,none,2,75.0162326420005,39,0.6442953020134228,0.23199999999999932,1.4781960990908196,0.0,nan,296.93566534318944,8.371142505125718
hybrid,none,2,80.0162326420005,36,0.605814739688979,0.23131585103963914,2.424527380597733,0.0,nan,296.93566534318944,8.371142505125718
hybrid,none,2,85.0162326420005,50,0.6196642685851319,0.3990368071441779,1.435815065770089,0.0,nan,296.93566534318944,8.371142505125718
hybrid,none,2,90.0162326420005,40,0.6108171663727219,0.3506069817639812,1.2847242758097666,0.0,nan,296.93566534318944,8.371142505125718
hybrid,none,2,95.0162326420005,44,0.6162104133118625,0.2887260952976973,2.5357670184481735,0.0,nan,296.93566534318944,8.371142505125718
hybrid,none,2,100.0162326420005,44,0.6602254428341385,0.2694937848955945,1.4296630736233293,0.0,nan,296.93566534318944,8.371142505125718
hybrid,none,2,105.0162326420005,41,0.6968115942028985,0.23199999999999932,0.8591849386154252,0.0,nan,296.93566534318944,8.371142505125718
hybrid,none,2,110.0162326420005,50,0.6836104513064133,0.2623327550797825,1.3358209891756057,0.0,nan,296.93566534318944,8.371142505125718
hybrid,none,2,115.0162326420005,44,0.6763754045307443,0.3464063013187584,1.020802145704406,0.0,nan,296.93566534318944,8.371142505125718
hybrid,none,2,120.0162326420005,40,0.6215420835785757,0.25823446247145654,0.9687257026432093,0.0,nan,296.93566534318944,8.371142505125718
hybrid,none,2,125.0162326420005,46,0.6533055700156168,0.28584395995959255,0.8763373166971898,0.0,nan,296.93566534318944,8.371142505125718
hybrid,none,2,130.0162326420005,29,0.6744186046511628,0.23806995336005343,0.8190758849613166,0.0,nan,296.93566534318944,8.371142505125718
hybrid,none,2,135.0162326420005,41,0.6522481502561184,0.20984732108522053,1.3285908742501022,0.0,nan,296.93566534318944,8.371142505125718
hybrid,none,2,140.0162326420005,60,0.6226185650587759,0.2841317322447168,2.989112616900202,0.0,nan,296.93566534318944,8.371142505125718
hybrid,none,2,145.0162326420005,24,0.6484295845997974,0.2774666858562682,2.4694308137462606,0.0,nan,296.93566534318944,8.371142505125718
hybrid,none,2,150.0162326420005,41,0.6817116060961314,0.2024838162039373,0.8794280191444956,0.0,nan,296.93566534318944,8.371142505125718
hybrid,none,2,155.0162326420005,34,0.6744350282485876,0.2061200895924742,0.7462512861760401,0.0,nan,296.93566534318944,8.371142505125718
hybrid,none,2,160.0162326420005,44,0.6264274061990212,0.35862867232954443,0.8795452751502928,0.0,nan,296.93566534318944,8.371142505125718
hybrid,none,2,165.0162326420005,37,0.6213592233009708,0.2676536287088993,1.0784095105463065,0.0,nan,296.93566534318944,8.371142505125718
hybrid,none,2,170.0162326420005,41,0.6713286713286714,0.2068915500856292,0.7568000000000098,0.0,nan,296.93566534318944,8.371142505125718
hybrid,none,2,175.0162326420005,45,0.6715846994535519,0.23908516412782888,1.056276217210041,0.0,nan,296.93566534318944,8.371142505125718
hybrid,none,2,180.0162326420005,35,0.5995962314939435,0.2951710676532855,1.0489168443728376,0.0,nan,296.93566534318944,8.371142505125718
hybrid,none,2,185.0162326420005,46,0.6998982706002035,0.24471459970163778,1.359655551917889,0.0,nan,296.93566534318944,8.371142505125718
hybrid,none,2,190.0162326420005,41,0.6460023174971031,0.2741547398512125,1.0629542294734735,0.0,nan,296.93566534318944,8.371142505125718
hybrid,none,2,195.0162326420005,36,0.6644340254521098,0.20990230538288301,0.7681909699530733,0.0,nan,296.93566534318944,8.371142505125718
hybrid,none,2,200.0162326420005,41,0.6538237011091652,0.23816776023625152,1.2742139511231874,0.0,nan,296.93566534318944,8.371142505125718
hybrid,none,2,205.0162326420005,42,0.6150770988006853,0.42946747652761985,1.4242065168412168,0.0,nan,296.93566534318944,8.371142505125718
hybrid,none,2,210.0162326420005,38,0.6331658291457286,0.24562804291360862,1.250698610242476,0.0,nan,296.93566534318944,8.371142505125718
hybrid,none,2,215.0162326420005,44,0.6714522363335174,0.2216973942198024,1.544881903785103,0.0,nan,296.93566534318944,8.371142505125718
hybrid,none,2,220.0162326420005,53,0.6720575022461814,0.37751129511460135,1.6521044456604057,0.0,nan,296.93566534318944,8.371142505125718
hybrid,none,2,225.0162326420005,46,0.6230610134436402,0.39920443062116817,1.4780282763659585,0.0,nan,296.93566534318944,8.371142505125718
hybrid,none,2,230.0162326420005,33,0.6132008516678495,0.2977779951539219,1.0868181432066035,0.0,nan,296.93566534318944,8.371142505125718
hybrid,none,2,235.0162326420005,55,0.5618843683083512,0.7599999999999909,2.2519082871168825,0.0,nan,296.93566534318944,8.371142505125718
hybrid,none,2,240.0162326420005,38,0.6683544303797468,0.2727539003174684,1.145209702618129,0.0,nan,296.93566534318944,8.371142505125718
hybrid,none,2,245.0162326420005,48,0.6474133601205424,0.29310777497354934,1.2240185768224352,0.0,nan,296.93566534318944,8.371142505125718
hybrid,none,2,250.0162326420005,35,0.63262508567512,0.22420075198635914,1.0429345212968544,0.0,nan,296.93566534318944,8.371142505125718
hybrid,none,2,255.0162326420005,41,0.6479357798165137,0.22392777112520434,1.1437087823518142,0.0,nan,296.93566534318944,8.371142505125718
hybrid,none,2,260.0162326420005,40,0.5683836589698046,0.3428758388311053,0.8390658803064867,0.0,nan,296.93566534318944,8.371142505125718
hybrid,none,2,265.0162326420005,37,0.6131386861313869,0.23200000000002774,1.3612128558851078,0.0,nan,296.93566534318944,8.371142505125718
hybrid,none,2,270.0162326420005,59,0.6844679983693437,0.40159722212382576,2.077429759272192,0.0,nan,296.93566534318944,8.371142505125718
hybrid,none,2,275.0162326420005,35,0.5747820254862508,0.39200196511552576,1.8271356533571628,0.0,nan,296.93566534318944,8.371142505125718
hybrid,none,2,280.0162326420005,32,0.6050420168067226,0.2186440649165604,1.1187756128126165,0.0,nan,296.93566534318944,8.371142505125718
hybrid,none,2,285.0162326420005,30,0.6339144215530903,0.1909898691692149,0.7720545258243726,0.0,nan,296.93566534318944,8.371142505125718
hybrid,none,2,290.0162326420005,47,0.6435394670688789,0.25074069494831974,1.4895100190480217,0.0,nan,296.93566534318944,8.371142505125718
hybrid,none,2,295.0162326420005,35,0.6207366984993179,0.20764298409989124,1.4129883895826012,0.0,nan,296.93566534318944,8.371142505125718
hybrid,none,2,300.0162326420005,38,0.6557993730407523,0.25028734402468444,1.5956821972992616,0.0,nan,296.93566534318944,8.371142505125718
hybrid,none,2,305.0162326420005,47,0.6724935732647815,0.44053393845894107,1.4669952744296677,0.0,nan,296.93566534318944,8.371142505125718
hybrid,none,2,310.0162326420005,40,0.6219951923076923,0.26613701417358016,1.3723662477721785,0.0,nan,296.93566534318944,8.371142505125718
hybrid,none,2,315.0162326420005,36,0.6306068601583114,0.2634643573381368,0.9334037991553569,0.0,nan,296.93566534318944,8.371142505125718
hybrid,none,2,320.0162326420005,32,0.6399406087602079,0.21821250165274364,0.8040152413065426,0.0,nan,296.93566534318944,8.371142505125718
hybrid,none,2,325.0162326420005,39,0.5687203791469194,0.46208216796600254,1.027861523117307,0.0,nan,296.93566534318944,8.371142505125718
hybrid,none,2,330.0162326420005,44,0.6775244299674267,0.2535826423022911,1.0105911495696296,0.0,nan,296.93566534318944,8.371142505125718
hybrid,none,2,335.0162326420005,51,0.5904761904761905,0.6274019787042562,1.4591677895414534,0.0,nan,296.93566534318944,8.371142505125718
hybrid,none,2,340.0162326420005,35,0.6474622770919067,0.30638122887444297,1.1549448805025972,0.0,nan,296.93566534318944,8.371142505125718
hybrid,none,2,345.0162326420005,33,0.6666666666666666,0.19999999999998863,0.9321632716454928,0.0,nan,296.93566534318944,8.371142505125718
hybrid,none,2,350.0162326420005,45,0.6426666666666667,0.2912580473690696,1.164389816050041,0.0,nan,296.93566534318944,8.371142505125718
hybrid,none,2,355.0162326420005,48,0.6541916167664671,0.29267983975165635,1.2686723327682852,0.0,nan,296.93566534318944,8.371142505125718
hybrid,none,2,360.0162326420005,42,0.5991041433370661,0.5411464185059458,1.3817559408421087,0.0,nan,296.93566534318944,8.371142505125718
hybrid,none,2,365.0162326420005,38,0.6209824135839903,0.2788088118819303,1.05429239472803,0.0,nan,296.93566534318944,8.371142505125718
hybrid,none,2,370.0162326420005,41,0.516295025728988,1.1554366823505688,3.3584852021356824,0.0,nan,296.93566534318944,8.371142505125718
hybrid,none,2,375.0162326420005,48,0.5923885828743115,1.5993571247621503,3.2898909971507755,0.0,nan,296.93566534318944,8.371142505125718
hybrid,none,2,380.0162326420005,39,0.6948130277442702,1.684043150037553,2.593944787128729,0.0,nan,296.93566534318944,8.371142505125718
hybrid,none,2,385.0162326420005,35,0.5869565217391305,1.3362237982693728,2.875924161724081,0.0,nan,296.93566534318944,8.371142505125718
hybrid,none,2,390.0162326420005,40,0.6670784434836319,0.4988774078070435,1.2791797046564872,0.0,nan,296.93566534318944,8.371142505125718
hybrid,none,2,395.0162326420005,49,0.6161855182205395,0.7824419127134092,2.815555520225848,0.0,nan,296.93566534318944,8.371142505125718
hybrid,none,2,400.0162326420005,36,0.592352559948153,1.3792710650129436,3.0778445300153208,0.0,nan,296.93566534318944,8.371142505125718
hybrid,none,2,405.0162326420005,58,0.46922136159804323,3.079927886773362,6.825646194461818,0.0,nan,296.93566534318944,8.371142505125718
hybrid,none,2,410.0162326420005,48,0.6475949367088608,4.647516636372586,7.756149154024504,0.0,nan,296.93566534318944,8.371142505125718
hybrid,none,2,415.0162326420005,35,0.6509186351706037,4.230818548688376,6.310517656154165,0.0,nan,296.93566534318944,8.371142505125718
hybrid,none,2,420.0162326420005,41,0.4976878612716763,4.077998346500522,6.238305574544053,0.0,nan,296.93566534318944,8.371142505125718
hybrid,none,2,425.0162326420005,33,0.6007518796992481,4.840968424315292,6.8902822181353915,0.0,nan,296.93566534318944,8.371142505125718
hybrid,none,2,430.0162326420005,37,0.7216494845360825,2.744378766651664,4.79873917471741,0.0,nan,296.93566534318944,8.371142505125718
hybrid,none,2,435.0162326420005,29,0.6240846216436127,1.690632297110085,3.355949181706485,0.0,nan,296.93566534318944,8.371142505125718
hybrid,none,2,440.0162326420005,48,0.6877192982456141,1.2865756314401722,2.312368782997298,0.0,nan,296.93566534318944,8.371142505125718
hybrid,none,2,445.0162326420005,41,0.6175963197239793,0.7859704056367036,1.6593726532271722,0.0,nan,296.93566534318944,8.371142505125718
hybrid,none,2,450.0162326420005,49,0.6605856937109937,0.6526213550813509,1.7119528619310422,0.0,nan,296.93566534318944,8.371142505125718
hybrid,none,2,455.0162326420005,36,0.5952380952380952,0.740724832175971,2.3031028047756448,0.0,nan,296.93566534318944,8.371142505125718
hybrid,none,2,460.0162326420005,28,0.6066270178419712,0.8052846508037987,1.632265987282359,0.0,nan,296.93566534318944,8.371142505125718
hybrid,none,2,465.0162326420005,42,0.6536248561565017,0.34010164683022026,1.2621141962387021,0.0,nan,296.93566534318944,8.371142505125718
hybrid,none,2,470.0162326420005,47,0.5789990186457311,0.5518963565905324,5.719557620642707,0.0,nan,296.93566534318944,8.371142505125718
hybrid,none,2,475.0162326420005,49,0.5424460431654676,1.4134152843569154,7.4026642082185,0.0,nan,296.93566534318944,8.371142505125718
hybrid,none,2,480.0162326420005,34,0.5718232044198895,1.2457437236573412,7.509248780100137,0.0,nan,296.93566534318944,8.371142505125718
hybrid,none,2,485.0162326420005,46,0.6456285566476979,2.658411539230002,5.957690118253964,0.0,nan,296.93566534318944,8.371142505125718
hybrid,none,2,490.0162326420005,32,0.6639221556886228,2.337026308667987,3.724786795309888,0.0,nan,296.93566534318944,8.371142505125718
hybrid,none,2,495.0162326420005,34,0.5830413454800281,0.632286706163967,3.8832779246170395,0.0,nan,296.93566534318944,8.371142505125718
hybrid,none,2,500.0162326420005,39,0.6480446927374302,0.42980483140479464,3.257938879900778,0.0,nan,296.93566534318944,8.371142505125718
hybrid,none,2,505.0162326420005,38,0.5725094577553594,0.9315477783164283,2.4292355105059538,0.0,nan,296.93566534318944,8.371142505125718
hybrid,none,2,510.0162326420005,37,0.6351263771872975,0.42658241796129914,1.257258576936454,0.0,nan,296.93566534318944,8.371142505125718
hybrid,none,2,515.0162326420004,30,0.709105560032232,0.325950667362747,1.3038835902154846,0.0,nan,296.93566534318944,8.371142505125718
hybrid,none,2,520.0162326420004,40,0.632258064516129,0.25134329631254104,1.276048420483953,0.0,nan,296.93566534318944,8.371142505125718
hybrid,none,2,525.0162326420004,36,0.59526938239159,0.5772732881138722,2.2656893365954547,0.0,nan,296.93566534318944,8.371142505125718
hybrid,none,2,530.0162326420004,47,0.6663280853224988,0.6546996873533999,3.425158776532637,0.0,nan,296.93566534318944,8.371142505125718
hybrid,none,2,535.0162326420004,41,0.589358010410642,1.0882007716028284,2.8000949496818754,0.0,nan,296.93566534318944,8.371142505125718
hybrid,none,2,540.0162326420004,51,0.6666666666666666,0.896806135981592,1.7041150884977583,0.0,nan,296.93566534318944,8.371142505125718
hybrid,none,2,545.0162326420004,37,0.6044098573281452,1.1557042319079756,2.340499097178995,0.0,nan,296.93566534318944,8.371142505125718
hybrid,none,2,550.0162326420004,40,0.7247706422018348,0.3206713880664438,0.9751230966475701,0.0,nan,296.93566534318944,8.371142505125718
hybrid,none,2,555.0162326420004,39,0.625609756097561,0.5919660157691169,1.750348239043355,0.0,nan,296.93566534318944,8.371142505125718
hybrid,none,2,560.0162326420004,52,0.6105595667870036,1.1562271511311337,2.780951065580116,0.0,nan,296.93566534318944,8.371142505125718
hybrid,none,2,565.0162326420004,51,0.6006569685593618,3.2901241860151913,4.445415628089279,0.0,nan,296.93566534318944,8.371142505125718
hybrid,none,2,570.0162326420004,35,0.48173673328738803,2.891508909734398,4.4783601978789465,0.0,nan,296.93566534318944,8.371142505125718
hybrid,none,2,575.0162326420004,35,0.6606271777003484,2.6317569254243836,3.968402477438328,0.0,nan,296.93566534318944,8.371142505125718
hybrid,none,2,580.0162326420004,38,0.6821705426356589,1.5514423709971084,2.5205327313460226,0.0,nan,296.93566534318944,8.371142505125718
hybrid,none,2,585.0162326420004,37,0.654510556621881,0.7537039666744931,2.490947126325159,0.0,nan,296.93566534318944,8.371142505125718
hybrid,none,2,590.0162326420004,44,0.5322322855620671,2.4078942579637896,5.560237769014873,0.0,nan,296.93566534318944,8.371142505125718
hybrid,none,2,595.0162326420004,41,0.6211072664359861,1.2768474382448858,4.237919120458992,0.0,nan,296.93566534318944,8.371142505125718
hybrid,none,2,600.0162326420004,36,0.6400541271989174,1.36714108982153,3.0370460461502478,0.0,nan,296.93566534318944,8.371142505125718
hybrid,none,2,605.0162326420004,37,0.67412771560237,0.6322093438534466,1.9091142961996093,0.0,nan,296.93566534318944,8.371142505125718
hybrid,none,2,610.0162326420004,40,0.6134603930911257,0.5997172958179817,1.3303430044638673,0.0,nan,296.93566534318944,8.371142505125718
hybrid,none,2,615.0162326420004,50,0.7198275862068966,0.504349695965459,1.8157821474529783,0.0,nan,296.93566534318944,8.371142505125718
hybrid,none,2,620.0162326420004,33,0.6171138506163887,0.2631795915225439,1.813910934551818,0.0,nan,296.93566534318944,8.371142505125718
hybrid,none,2,625.0162326420004,32,0.6461307287753568,0.2818530809184949,1.3443744676274085,0.0,nan,296.93566534318944,8.371142505125718
hybrid,none,2,630.0162326420004,41,0.6936145284124194,0.24063022689426816,0.9826447885209746,0.0,nan,296.93566534318944,8.371142505125718
hybrid,none,2,635.0162326420004,42,0.6400898371701291,0.6357302394383169,1.3846062786818363,0.0,nan,296.93566534318944,8.371142505125718
hybrid,none,2,640.0162326420004,50,0.5717669351018475,0.9545228311465053,2.2419805190682855,0.0,nan,296.93566534318944,8.371142505125718
hybrid,none,2,645.0162326420004,36,0.6387636831938184,1.7753756058745012,3.5241611303003073,0.0,nan,296.93566534318944,8.371142505125718
hybrid,none,2,650.0162326420004,47,0.5765538150581102,1.5331297275787392,3.342939701163748,0.0,nan,296.93566534318944,8.371142505125718
hybrid,none,2,655.0162326420004,43,0.65616362631288,1.485454074408267,3.1279876791678816,0.0,nan,296.93566534318944,8.371142505125718
hybrid,none,2,660.0162326420004,34,0.6299157303370787,0.7912123647444105,3.3496784411342553,0.0,nan,296.93566534318944,8.371142505125718
hybrid,none,2,665.0162326420004,30,0.6620745542949756,0.2820211563192174,1.3938327884641435,0.0,nan,296.93566534318944,8.371142505125718
hybrid,none,2,670.0162326420004,38,0.6199123356293049,0.45626333391930984,1.5172420965781317,0.0,nan,296.93566534318944,8.371142505125718
hybrid,none,2,675.0162326420004,31,0.6383623957543594,0.38738991310071924,1.0618929677820232,0.0,nan,296.93566534318944,8.371142505125718
hybrid,none,2,680.0162326420004,31,0.5196911196911197,0.5369810004066267,1.3729038131972402,0.0,nan,296.93566534318944,8.371142505125718
hybrid,none,2,685.0162326420004,43,0.6664838178826111,0.5326130548180572,1.8753357641881618,0.0,nan,296.93566534318944,8.371142505125718
hybrid,none,2,690.0162326420004,44,0.6267682263329706,0.6001951863493673,2.252582456229394,0.0,nan,296.93566534318944,8.371142505125718
hybrid,none,2,695.0162326420004,30,0.7111111111111111,0.5511658252760299,1.8819503772008443,0.0,nan,296.93566534318944,8.371142505125718
hybrid,none,2,700.0162326420004,39,0.45003028467595396,1.5443024802066248,3.2375712758724213,0.0,nan,296.93566534318944,8.371142505125718
hybrid,none,2,705.0162326420004,51,0.7080831408775982,1.350605108381842,3.675699416427449,0.0,nan,296.93566534318944,8.371142505125718
hybrid,none,2,710.0162326420004,36,0.6321762349799733,1.1298561230979658,2.2643235442827687,0.0,nan,296.93566534318944,8.371142505125718
hybrid,none,2,715.0162326420004,35,0.5704514363885089,0.7402870671276105,3.493492081997999,0.0,nan,296.93566534318944,8.371142505125718
hybrid,none,2,720.0162326420004,37,0.6892950391644909,0.2619162129038841,1.6143503953039544,0.0,nan,296.93566534318944,8.371142505125718
hybrid,none,2,725.0162326420004,38,0.5915492957746479,0.44312804080846036,1.180477122025626,0.0,nan,296.93566534318944,8.371142505125718
hybrid,none,2,730.0162326420004,47,0.6439393939393939,0.5458945870428806,1.957752419098267,0.0,nan,296.93566534318944,8.371142505125718
hybrid,none,2,735.0162326420004,40,0.6403881140084899,0.475091003789089,1.884702102266883,0.0,nan,296.93566534318944,8.371142505125718
hybrid,none,2,740.0162326420004,18,0.64625,0.46248180868252575,0.7757025445971464,0.0,nan,296.93566534318944,8.371142505125718
dualmap,none,0,0.0849914879961137,33,0.4342857142857143,1.2827595641954517,2.9521926261847327,0.0,nan,296.28939501833446,11.109821616846135
dualmap,none,0,5.084991487996113,37,0.7102092580849715,0.23723597264018714,1.0549391964384662,0.0,nan,296.28939501833446,11.109821616846135
dualmap,none,0,10.084991487996113,33,0.6915204678362573,0.2061570573117777,1.2267851946773152,0.0,nan,296.28939501833446,11.109821616846135
dualmap,none,0,15.084991487996113,36,0.7534336167429693,0.1999999999999993,0.5122349914740276,0.0,nan,296.28939501833446,11.109821616846135
dualmap,none,0,20.084991487996113,53,0.7051397655545536,0.3791758782930863,2.4252010384678746,0.0,nan,296.28939501833446,11.109821616846135
dualmap,none,0,25.084991487996113,49,0.6672845227062094,1.588151902606974,4.046884044080729,0.0,nan,296.28939501833446,11.109821616846135
dualmap,none,0,30.084991487996113,44,0.7110286320254506,2.4339052422485246,4.356523129566425,0.0,nan,296.28939501833446,11.109821616846135
dualmap,none,0,35.08499148799611,38,0.7510809141445337,1.3211288917073531,3.1296919651644988,0.0,nan,296.28939501833446,11.109821616846135
dualmap,none,0,40.08499148799611,41,0.745486313337216,1.3003509305490653,3.222723450708139,0.0,nan,296.28939501833446,11.109821616846135
dualmap,none,0,45.08499148799611,34,0.7262723521320495,0.2770564313682371,1.6431598248171988,0.0,nan,296.28939501833446,11.109821616846135
dualmap,none,0,50.08499148799611,50,0.7319587628865979,0.7434243161942824,2.854322596431931,0.0,nan,296.28939501833446,11.109821616846135
dualmap,none,0,55.08499148799611,44,0.7075055187637969,0.2778960485920763,2.2197716935244194,0.0,nan,296.28939501833446,11.109821616846135
dualmap,none,0,60.08499148799611,50,0.7111111111111111,0.560791505706149,1.7020691555126488,0.0,nan,296.28939501833446,11.109821616846135
dualmap,none,0,65.08499148799612,33,0.7409551374819102,0.22114473758865927,0.8480729981521653,0.0,nan,296.28939501833446,11.109821616846135
dualmap,none,0,70.08499148799612,45,0.7018008474576272,0.3124974268028353,1.0969177990362358,0.0,nan,296.28939501833446,11.109821616846135
dualmap,none,0,75.08499148799612,38,0.7769968051118211,0.18455279909021982,0.48302696562811226,0.0,nan,296.28939501833446,11.109821616846135
dualmap,none,0,80.08499148799612,46,0.7187340479836651,0.26684846431629694,1.686836982907818,0.0,nan,296.28939501833446,11.109821616846135
dualmap,none,0,85.08499148799612,36,0.7382992748846408,0.2761651674247858,1.1490728109119035,0.0,nan,296.28939501833446,11.109821616846135
dualmap,none,0,90.08499148799612,35,0.713031735313977,0.24800000000000466,0.7992297180833049,0.0,nan,296.28939501833446,11.109821616846135
dualmap,none,0,95.08499148799612,36,0.7193569993302076,0.22137875749684355,0.5897746086009362,0.0,nan,296.28939501833446,11.109821616846135
dualmap,none,0,100.08499148799612,43,0.7157665030005456,0.26867694014713095,1.3249869416507933,0.0,nan,296.28939501833446,11.109821616846135
dualmap,none,0,105.08499148799612,38,0.7474226804123711,0.20449298428905394,0.7204514714530451,0.0,nan,296.28939501833446,11.109821616846135
dualmap,none,0,110.08499148799612,31,0.7743950039032006,0.2155938720631383,0.49349983150992777,0.0,nan,296.28939501833446,11.109821616846135
dualmap,none,0,115.08499148799612,41,0.6662810873337189,0.2516353474711792,1.6042909118708082,0.0,nan,296.28939501833446,11.109821616846135
dualmap,none,0,120.08499148799612,43,0.7394636015325671,0.2158171988360209,0.8711161985922372,0.0,nan,296.28939501833446,11.109821616846135
dualmap,none,0,125.08499148799612,39,0.7232742822235797,0.21600000000000819,0.7379200000000031,0.0,nan,296.28939501833446,11.109821616846135
dualmap,none,0,130.08499148799612,42,0.7094211123723042,0.2462951526748185,0.999357538505758,0.0,nan,296.28939501833446,11.109821616846135
dualmap,none,0,135.08499148799612,38,0.7133757961783439,0.19236980859201935,1.0701559319019585,0.0,nan,296.28939501833446,11.109821616846135
dualmap,none,0,140.08499148799612,33,0.7782771535580524,0.16800000000000637,0.535010834862312,0.0,nan,296.28939501833446,11.109821616846135
dualmap,none,0,145.08499148799612,40,0.7319648093841642,0.25272322101596956,0.9075909999880701,0.0,nan,296.28939501833446,11.109821616846135
dualmap,none,0,150.08499148799612,33,0.7553648068669528,0.18975797281248674,0.9039411946135828,0.0,nan,296.28939501833446,11.109821616846135
dualmap,none,0,155.08499148799612,47,0.7414584395716471,0.22026704517259077,1.0199612064811554,0.0,nan,296.28939501833446,11.109821616846135
dualmap,none,0,160.08499148799612,36,0.7310704960835509,0.23479323140128372,0.6729874310374441,0.0,nan,296.28939501833446,11.109821616846135
dualmap,none,0,165.08499148799612,35,0.7030625832223701,0.23157547662250977,0.8815160404216703,0.0,nan,296.28939501833446,11.109821616846135
dualmap,none,0,170.08499148799612,34,0.7297857636489288,0.24002876940099327,0.6040469628591026,0.0,nan,296.28939501833446,11.109821616846135
dualmap,none,0,175.08499148799612,34,0.6666666666666666,0.3376978976017142,1.0626337564391952,0.0,nan,296.28939501833446,11.109821616846135
dualmap,none,0,180.08499148799612,50,0.7358047864852182,0.35364738408789265,0.9897704425792279,0.0,nan,296.28939501833446,11.109821616846135
dualmap,none,0,185.08499148799612,31,0.7465007776049767,0.19222968574447918,0.7111074029768985,0.0,nan,296.28939501833446,11.109821616846135
dualmap,none,0,190.08499148799612,39,0.7186562687462508,0.25294243729945265,0.6678142595579276,0.0,nan,296.28939501833446,11.109821616846135
dualmap,none,0,195.08499148799612,44,0.7220139260846278,0.24851271810230458,0.705259433198766,0.0,nan,296.28939501833446,11.109821616846135
dualmap,none,0,200.08499148799612,47,0.7415617128463476,0.23199999999999932,0.9535628132986806,0.0,nan,296.28939501833446,11.109821616846135
dualmap,none,0,205.08499148799612,37,0.737988468930173,0.23048545915256113,1.0412126333022456,0.0,nan,296.28939501833446,11.109821616846135
dualmap,none,0,210.08499148799612,48,0.7387033398821218,0.22822730771177646,0.7391172166362834,0.0,nan,296.28939501833446,11.109821616846135
dualmap,none,0,215.08499148799612,39,0.6834750911300121,0.2523937343129603,1.3819037977437159,0.0,nan,296.28939501833446,11.109821616846135
dualmap,none,0,220.08499148799612,41,0.7511737089201878,0.19748452146859563,0.5883292070474171,0.0,nan,296.28939501833446,11.109821616846135
dualmap,none,0,225.08499148799612,53,0.7384615384615385,0.28177085200493934,3.305350838528424,0.0,nan,296.28939501833446,11.109821616846135
dualmap,none,0,230.08499148799612,55,0.7005553182400683,0.8601470184351001,3.0461517694718396,0.0,nan,296.28939501833446,11.109821616846135
dualmap,none,0,235.08499148799612,48,0.7283292978208232,0.5534326124731308,2.794637629999456,0.0,nan,296.28939501833446,11.109821616846135
dualmap,none,0,240.08499148799612,34,0.7277739490006891,0.25871196685511677,1.688243111449759,0.0,nan,296.28939501833446,11.109821616846135
dualmap,none,0,245.08499148799612,45,0.7562162162162163,0.24249237409577518,0.6946606296602481,0.0,nan,296.28939501833446,11.109821616846135
dualmap,none,0,250.08499148799612,42,0.7400881057268722,0.2714917459760926,0.8207355177530019,0.0,nan,296.28939501833446,11.109821616846135
dualmap,none,0,255.08499148799612,45,0.7211740041928721,0.35016621586771635,1.207164221218816,0.0,nan,296.28939501833446,11.109821616846135
dualmap,none,0,260.08499148799615,56,0.7445721583652618,0.35037580368972954,1.1836931552299264,0.0,nan,296.28939501833446,11.109821616846135
dualmap,none,0,265.08499148799615,32,0.7342709104367136,0.22818652947046303,0.6123652163339424,0.0,nan,296.28939501833446,11.109821616846135
dualmap,none,0,270.08499148799615,43,0.7264673311184939,0.24799999999999045,1.4166421527028352,0.0,nan,296.28939501833446,11.109821616846135
dualmap,none,0,275.08499148799615,49,0.728895320791124,0.2856756198755761,1.179295386749793,0.0,nan,296.28939501833446,11.109821616846135
dualmap,none,0,280.08499148799615,38,0.6784825870646766,0.2812501813976098,0.7359951872926991,0.0,nan,296.28939501833446,11.109821616846135
dualmap,none,0,285.08499148799615,47,0.760475944128298,0.19876889196302727,0.5343388750846871,0.0,nan,296.28939501833446,11.109821616846135
dualmap,none,0,290.08499148799615,35,0.7246278755074425,0.21600000000000819,0.7411673453295046,0.0,nan,296.28939501833446,11.109821616846135
dualmap,none,0,295.08499148799615,41,0.7360552041403106,0.21600000000000819,0.7031505102451662,0.0,nan,296.28939501833446,11.109821616846135
dualmap,none,0,300.08499148799615,36,0.6976284584980237,0.2727283998878818,0.692181896237011,0.0,nan,296.28939501833446,11.109821616846135
dualmap,none,0,305.08499148799615,39,0.7095588235294118,0.24350486964578977,1.5602477607025829,0.0,nan,296.28939501833446,11.109821616846135
dualmap,none,0,310.08499148799615,43,0.7259747391543108,0.26400000000001,1.0841942313599742,0.0,nan,296.28939501833446,11.109821616846135
dualmap,none,0,315.08499148799615,34,0.7793696275071633,0.181625547100424,0.3919364202441836,0.0,nan,296.28939501833446,11.109821616846135
dualmap,none,0,320.08499148799615,43,0.7321428571428571,0.21686190746379452,0.8074727951601366,0.0,nan,296.28939501833446,11.109821616846135
dualmap,none,0,325.08499148799615,54,0.7270294380017841,0.37477884848854615,1.6327855092809846,0.0,nan,296.28939501833446,11.109821616846135
dualmap,none,0,330.08499148799615,33,0.735632183908046,0.2229273018140816,0.65326185393787,0.0,nan,296.28939501833446,11.109821616846135
dualmap,none,0,335.08499148799615,40,0.7089820359281437,0.27372560529244083,1.4056250666309824,0.0,nan,296.28939501833446,11.109821616846135
dualmap,none,0,340.08499148799615,44,0.7332242225859247,0.47753851215139775,1.885923236062276,0.0,nan,296.28939501833446,11.109821616846135
dualmap,none,0,345.08499148799615,36,0.7087947882736156,0.2952992523023852,0.8273410874191768,0.0,nan,296.28939501833446,11.109821616846135
dualmap,none,0,350.08499148799615,47,0.7335710646968925,0.27650154424736684,1.0908645493306097,0.0,nan,296.28939501833446,11.109821616846135
dualmap,none,0,355.08499148799615,40,0.7322175732217573,0.2146060647993977,0.6793271744119568,0.0,nan,296.28939501833446,11.109821616846135
dualmap,none,0,360.08499148799615,33,0.722707423580786,0.2100558270249735,0.6141729124458106,0.0,nan,296.28939501833446,11.109821616846135
dualmap,none,0,365.08499148799615,29,0.7542087542087542,0.17264988739827913,0.8596350867614433,0.0,nan,296.28939501833446,11.109821616846135
dualmap,none,0,370.08499148799615,41,0.5974329054842473,0.6800000000000068,2.8859565994566654,0.0,nan,296.28939501833446,11.109821616846135
dualmap,none,0,375.08499148799615,43,0.701123595505618,0.7440000000000282,3.839247273331422,0.0,nan,296.28939501833446,11.109821616846135
dualmap,none,0,380.08499148799615,42,0.6426592797783933,0.7252499589313288,2.0343395652935437,0.0,nan,296.28939501833446,11.109821616846135
dualmap,none,0,385.08499148799615,35,0.6916780354706685,0.5303411168332559,1.1307871783220917,0.0,nan,296.28939501833446,11.109821616846135
dualmap,none,0,390.08499148799615,57,0.6831310171619924,0.5312126443539569,2.4454793529783774,0.0,nan,296.28939501833446,11.109821616846135
dualmap,none,0,395.08499148799615,39,0.7409261576971214,0.5696668357196017,1.5442497712196277,0.0,nan,296.28939501833446,11.109821616846135
dualmap,none,0,400.08499148799615,29,0.6731391585760518,0.24923403839386538,0.8493857293849736,0.0,nan,296.28939501833446,11.109821616846135
dualmap,none,0,405.08499148799615,39,0.6884236453201971,0.371105496303187,0.8311320908670493,0.0,nan,296.28939501833446,11.109821616846135
dualmap,none,0,410.08499148799615,35,0.6245756958587916,0.37563624124902617,2.2789877293758307,0.0,nan,296.28939501833446,11.109821616846135
dualmap,none,0,415.08499148799615,38,0.7528662420382166,0.225445777476466,1.5600018381276866,0.0,nan,296.28939501833446,11.109821616846135
dualmap,none,0,420.08499148799615,36,0.6783075889858966,0.3000023531384386,1.5050208163435341,0.0,nan,296.28939501833446,11.109821616846135
dualmap,none,0,425.08499148799615,44,0.6774891774891775,0.31413030568873523,1.335704138783101,0.0,nan,296.28939501833446,11.109821616846135
dualmap,none,0,430.08499148799615,37,0.6634304207119741,0.49463652388766377,1.3489012191130703,0.0,nan,296.28939501833446,11.109821616846135
dualmap,none,0,435.08499148799615,44,0.6880834706205382,0.5373285062638615,1.498120100602335,0.0,nan,296.28939501833446,11.109821616846135
dualmap,none,0,440.08499148799615,52,0.6980874316939891,0.7001741279918292,1.5958884175362291,0.0,nan,296.28939501833446,11.109821616846135
dualmap,none,0,445.08499148799615,37,0.7051842598376015,0.7960053400556717,2.5331917532087282,0.0,nan,296.28939501833446,11.109821616846135
dualmap,none,0,450.08499148799615,37,0.6820809248554913,0.5372724300328855,2.110772025203303,0.0,nan,296.28939501833446,11.109821616846135
dualmap,none,0,455.08499148799615,42,0.6677927927927928,0.5512404814660101,1.3807500418725316,0.0,nan,296.28939501833446,11.109821616846135
dualmap,none,0,460.08499148799615,47,0.6810783316378434,0.8346978588301681,3.287717565347683,0.0,nan,296.28939501833446,11.109821616846135
dualmap,none,0,465.08499148799615,38,0.7133798351299937,1.4866882637628294,2.8890446726784034,0.0,nan,296.28939501833446,11.109821616846135
dualmap,none,0,470.08499148799615,42,0.709494030699261,0.8787453339042202,2.30712264212227,0.0,nan,296.28939501833446,11.109821616846135
dualmap,none,0,475.08499148799615,46,0.6088730239673635,1.281245130147596,3.0063197536140196,0.0,nan,296.28939501833446,11.109821616846135
dualmap,none,0,480.08499148799615,46,0.6751054852320675,1.9421487563273558,3.2515733620463263,0.0,nan,296.28939501833446,11.109821616846135
dualmap,none,0,485.08499148799615,39,0.7391577624135763,0.9680124199641114,2.7188839113984256,0.0,nan,296.28939501833446,11.109821616846135
dualmap,none,0,490.08499148799615,29,0.6593137254901961,0.4663718906240888,1.2285875088990563,0.0,nan,296.28939501833446,11.109821616846135
dualmap,none,0,495.08499148799615,35,0.71900826446281,0.2709614145342698,0.9121985206226448,0.0,nan,296.28939501833446,11.109821616846135
dualmap,none,0,500.08499148799615,33,0.7360809833694866,0.24102876431715003,1.025006442156116,0.0,nan,296.28939501833446,11.109821616846135
dualmap,none,0,505.08499148799615,38,0.6079754601226994,0.6582796731943574,1.995466724065355,0.0,nan,296.28939501833446,11.109821616846135
dualmap,none,0,510.08499148799615,38,0.6866952789699571,0.278555642365518,1.0073195713451337,0.0,nan,296.28939501833446,11.109821616846135
dualmap,none,0,515.0849914879961,49,0.6830783938814532,0.5420101983912673,1.3329430969893925,0.0,nan,296.28939501833446,11.109821616846135
dualmap,none,0,520.0849914879961,48,0.7043435340572557,0.9013975141036212,2.304822759640688,0.0,nan,296.28939501833446,11.109821616846135
dualmap,none,0,525.0849914879961,42,0.6777142857142857,0.7601373760508636,2.198999892416474,0.0,nan,296.28939501833446,11.109821616846135
dualmap,none,0,530.0849914879961,47,0.713847726111395,1.3009828959587821,1.8680718630756632,0.0,nan,296.28939501833446,11.109821616846135
dualmap,none,0,535.0849914879961,46,0.681986265187533,0.970015137232906,2.6700172375140085,0.0,nan,296.28939501833446,11.109821616846135
dualmap,none,0,540.0849914879961,29,0.7194004995836802,0.46085868244449557,1.396393899608274,0.0,nan,296.28939501833446,11.109821616846135
dualmap,none,0,545.0849914879961,45,0.7062205959226346,0.44810910963258266,1.5964855485212412,0.0,nan,296.28939501833446,11.109821616846135
dualmap,none,0,550.0849914879961,45,0.674653887113951,1.59932528400077,2.2264205429812045,0.0,nan,296.28939501833446,11.109821616846135
dualmap,none,0,555.0849914879961,34,0.6624649859943977,1.7932862836360073,2.647978899332485,0.0,nan,296.28939501833446,11.109821616846135
dualmap,none,0,560.0849914879961,37,0.6752910737386805,0.7116997318694303,4.022045020424853,0.0,nan,296.28939501833446,11.109821616846135
dualmap,none,0,565.0849914879961,38,0.6711739397664414,0.7214459563332412,4.18554835583103,0.0,nan,296.28939501833446,11.109821616846135
dualmap,none,0,570.0849914879961,26,0.6494464944649446,0.6639999999999873,2.583079203046566,0.0,nan,296.28939501833446,11.109821616846135
dualmap,none,0,575.0849914879961,40,0.6943283582089552,0.3792717085764252,2.1385234060479,0.0,nan,296.28939501833446,11.109821616846135
dualmap,none,0,580.0849914879961,39,0.6698564593301436,0.28840522104576394,1.0775092881638075,0.0,nan,296.28939501833446,11.109821616846135
dualmap,none,0,585.0849914879961,47,0.6874043855175931,0.3769059823916905,1.8757886930293328,0.0,nan,296.28939501833446,11.109821616846135
dualmap,none,0,590.0849914879961,36,0.6684745762711864,0.4641225910565936,1.8641865075700874,0.0,nan,296.28939501833446,11.109821616846135
dualmap,none,0,595.0849914879961,34,0.6628571428571428,0.38140214322010024,1.127620217389556,0.0,nan,296.28939501833446,11.109821616846135
dualmap,none,0,600.0849914879961,39,0.7264325323475046,0.23717515614237072,0.7258278873340848,0.0,nan,296.28939501833446,11.109821616846135
dualmap,none,0,605.0849914879961,37,0.6382978723404256,0.4628091381522381,2.769650903461075,0.0,nan,296.28939501833446,11.109821616846135
dualmap,none,0,610.0849914879961,40,0.6781065088757396,0.7454153636726915,1.8190970658721721,0.0,nan,296.28939501833446,11.109821616846135
dualmap,none,0,615.0849914879961,44,0.6666666666666666,1.1232965660185528,2.5440693777917884,0.0,nan,296.28939501833446,11.109821616846135
dualmap,none,0,620.0849914879961,47,0.7090815802975885,1.4382779546614302,2.2673598268659294,0.0,nan,296.28939501833446,11.109821616846135
dualmap,none,0,625.0849914879961,44,0.6576774903687397,1.2996539927757453,3.3201074763664,0.0,nan,296.28939501833446,11.109821616846135
dualmap,none,0,630.0849914879961,46,0.7257383966244726,0.7872178509825858,3.1076358649369804,0.0,nan,296.28939501833446,11.109821616846135
dualmap,none,0,635.0849914879961,38,0.7130214917825537,1.358841842948891,3.372256678454391,0.0,nan,296.28939501833446,11.109821616846135
dualmap,none,0,640.0849914879961,42,0.6858432036097011,0.8247901121224004,2.7576210900447595,0.0,nan,296.28939501833446,11.109821616846135
dualmap,none,0,645.0849914879961,48,0.6579337617399901,1.2649688093108011,4.01935131498873,0.0,nan,296.28939501833446,11.109821616846135
dualmap,none,0,650.0849914879961,33,0.724112961622013,2.5925576413162617,3.734515215118522,0.0,nan,296.28939501833446,11.109821616846135
dualmap,none,0,655.0849914879961,41,0.6980703745743473,1.6179541412010394,3.561342273898186,0.0,nan,296.28939501833446,11.109821616846135
dualmap,none,0,660.0849914879961,33,0.5917788802267895,1.8558592278485548,3.4794135196512888,0.0,nan,296.28939501833446,11.109821616846135
dualmap,none,0,665.0849914879961,39,0.64119804400978,1.2274085721600159,3.049684610688088,0.0,nan,296.28939501833446,11.109821616846135
dualmap,none,0,670.0849914879961,31,0.7370103916866507,0.3746110362150148,1.8550481830338177,0.0,nan,296.28939501833446,11.109821616846135
dualmap,none,0,675.0849914879961,34,0.7012448132780082,0.2955652803163389,0.7081463417367412,0.0,nan,296.28939501833446,11.109821616846135
dualmap,none,0,680.0849914879961,43,0.6876042245692051,0.45455978556913124,1.2873836440436093,0.0,nan,296.28939501833446,11.109821616846135
dualmap,none,0,685.0849914879961,44,0.7191818684355997,0.7142029900809916,1.5701650143214148,0.0,nan,296.28939501833446,11.109821616846135
dualmap,none,0,690.0849914879961,45,0.709572742022715,0.37973243725059547,1.84865309423612,0.0,nan,296.28939501833446,11.109821616846135
dualmap,none,0,695.0849914879961,48,0.6939379004435683,0.8284179167800971,2.462129746597585,0.0,nan,296.28939501833446,11.109821616846135
dualmap,none,0,700.0849914879961,43,0.6937187326292384,1.283927137065234,2.10506504822142,0.0,nan,296.28939501833446,11.109821616846135
dualmap,none,0,705.0849914879961,46,0.7539432176656151,0.6363616810632493,1.3990466413165905,0.0,nan,296.28939501833446,11.109821616846135
dualmap,none,0,710.0849914879961,42,0.7081930415263749,0.6478629337742632,1.4071039543168284,0.0,nan,296.28939501833446,11.109821616846135
dualmap,none,0,715.0849914879961,37,0.6638709677419354,0.5755049591563193,2.107238592714916,0.0,nan,296.28939501833446,11.109821616846135
dualmap,none,0,720.0849914879961,46,0.7311370882040382,0.4487287496715453,1.5221811429471064,0.0,nan,296.28939501833446,11.109821616846135
dualmap,none,0,725.0849914879961,33,0.7079646017699115,0.2319999999999709,0.745153982070492,0.0,nan,296.28939501833446,11.109821616846135
dualmap,none,0,730.0849914879961,47,0.7031170158405723,0.7480568643622973,1.729179713709477,0.0,nan,296.28939501833446,11.109821616846135
dualmap,none,0,735.0849914879961,37,0.6547314578005116,0.779956989455286,2.1687655939923616,0.0,nan,296.28939501833446,11.109821616846135
dualmap,none,0,740.0849914879961,5,0.7960199004975125,0.1959322764804483,0.3188661910806695,0.0,nan,296.28939501833446,11.109821616846135
dualmap,none,1,0.13412862829656735,33,0.43867243867243866,0.744,2.3083217522013766,0.0,nan,301.3564596279388,11.109821616846135
dualmap,none,1,5.134128628296567,37,0.7531270572745227,0.182416492006511,0.7557045591733331,0.0,nan,301.3564596279388,11.109821616846135
dualmap,none,1,10.134128628296567,46,0.7506426735218509,0.22669849913943985,0.3903480705802604,0.0,nan,301.3564596279388,11.109821616846135
dualmap,none,1,15.134128628296567,40,0.7109515260323159,0.23960008230520558,0.9557070468328525,0.0,nan,301.3564596279388,11.109821616846135
dualmap,none,1,20.134128628296565,42,0.6862302483069977,0.25163470799556187,1.1287865172156453,0.0,nan,301.3564596279388,11.109821616846135
dualmap,none,1,25.134128628296565,31,0.7311500380807312,0.23199999999999932,0.7581681172580903,0.0,nan,301.3564596279388,11.109821616846135
dualmap,none,1,30.134128628296565,32,0.6945668135095447,0.2159347457360994,0.7604607334788601,0.0,nan,301.3564596279388,11.109821616846135
dualmap,none,1,35.134128628296565,38,0.7382716049382716,0.23552122400701236,1.1588247035236876,0.0,nan,301.3564596279388,11.109821616846135
dualmap,none,1,40.134128628296565,25,0.689784442361762,0.20000000000000284,0.7566882888598772,0.0,nan,301.3564596279388,11.109821616846135
dualmap,none,1,45.134128628296565,28,0.7236180904522613,0.22191823721203008,0.5563282333517925,0.0,nan,301.3564596279388,11.109821616846135
dualmap,none,1,50.134128628296565,39,0.7441860465116279,0.20000000000000284,0.6938689090546935,0.0,nan,301.3564596279388,11.109821616846135
dualmap,none,1,55.134128628296565,39,0.7374166161309885,0.19377716115250365,1.0670260052021983,0.0,nan,301.3564596279388,11.109821616846135
dualmap,none,1,60.134128628296565,45,0.7425796006475985,0.22012908884696003,0.6738720619515365,0.0,nan,301.3564596279388,11.109821616846135
dualmap,none,1,65.13412862829657,40,0.6875369167158889,0.23825372927421995,1.2289006865822878,0.0,nan,301.3564596279388,11.109821616846135
dualmap,none,1,70.13412862829657,37,0.6974683544303798,0.30887516708044416,1.395264599378138,0.0,nan,301.3564596279388,11.109821616846135
dualmap,none,1,75.13412862829657,49,0.7198462277751081,0.25223006323575703,0.7296010822688334,0.0,nan,301.3564596279388,11.109821616846135
dualmap,none,1,80.13412862829657,51,0.6995348837209302,0.2734040744140174,1.3196880883667035,0.0,nan,301.3564596279388,11.109821616846135
dualmap,none,1,85.13412862829657,38,0.7256637168141593,0.23204973968906728,1.1511552142910833,0.0,nan,301.3564596279388,11.109821616846135
dualmap,none,1,90.13412862829657,41,0.7100766057748968,0.22300371067805713,0.987375290616211,0.0,nan,301.3564596279388,11.109821616846135
dualmap,none,1,95.13412862829657,44,0.7483660130718954,0.21311744125298304,0.5337630574073108,0.0,nan,301.3564596279388,11.109821616846135
dualmap,none,1,100.13412862829657,39,0.7322201607915894,0.20585565636960723,0.6280058891637099,0.0,nan,301.3564596279388,11.109821616846135
dualmap,none,1,105.13412862829657,35,0.6752305665349143,0.24749031636380892,1.6434408239748304,0.0,nan,301.3564596279388,11.109821616846135
dualmap,none,1,110.13412862829657,28,0.7226890756302521,0.2175533639427556,0.5820944092339325,0.0,nan,301.3564596279388,11.109821616846135
dualmap,none,1,115.13412862829657,40,0.670547147846333,0.2469909859157724,1.7313442252664544,0.0,nan,301.3564596279388,11.109821616846135
dualmap,none,1,120.13412862829657,47,0.6950535441101479,0.2922341412100309,1.9743133350283408,0.0,nan,301.3564596279388,11.109821616846135
dualmap,none,1,125.13412862829657,52,0.7105143377332727,0.3050471017396177,0.9844638890501924,0.0,nan,301.3564596279388,11.109821616846135
dualmap,none,1,130.13412862829657,39,0.6969147005444646,0.24408269455176423,1.172481166992091,0.0,nan,301.3564596279388,11.109821616846135
dualmap,none,1,135.13412862829657,40,0.7396204033214709,0.2251143287709283,0.5880587176639992,0.0,nan,301.3564596279388,11.109821616846135
dualmap,none,1,140.13412862829657,43,0.6867000556483027,0.23199999999999932,1.3719339427250286,0.0,nan,301.3564596279388,11.109821616846135
dualmap,none,1,145.13412862829657,39,0.6749394673123487,0.26400000000001,1.50158163679278,0.0,nan,301.3564596279388,11.109821616846135
dualmap,none,1,150.13412862829657,44,0.7199784598815293,0.2657034090539554,2.105123679808399,0.0,nan,301.3564596279388,11.109821616846135
dualmap,none,1,155.13412862829657,43,0.7332205301748449,0.2645075447187537,1.1907210817626326,0.0,nan,301.3564596279388,11.109821616846135
dualmap,none,1,160.13412862829657,36,0.7440206851971558,0.21920735521386803,0.8876423843199787,0.0,nan,301.3564596279388,11.109821616846135
dualmap,none,1,165.13412862829657,36,0.7303370786516854,0.2144849126784294,0.6189256015072672,0.0,nan,301.3564596279388,11.109821616846135
dualmap,none,1,170.13412862829657,37,0.733464309102816,0.22203815016402473,0.640517341975999,0.0,nan,301.3564596279388,11.109821616846135
dualmap,none,1,175.13412862829657,45,0.7087227414330218,0.24799999999999045,1.0706330246553502,0.0,nan,301.3564596279388,11.109821616846135
dualmap,none,1,180.13412862829657,46,0.7494908350305499,0.29863615600977766,0.9947021030020405,0.0,nan,301.3564596279388,11.109821616846135
dualmap,none,1,185.13412862829657,35,0.6219839142091153,0.2880604947882546,1.2388860890438045,0.0,nan,301.3564596279388,11.109821616846135
dualmap,none,1,190.13412862829657,47,0.7290095525389643,0.27065726024744663,1.5239617591894625,0.0,nan,301.3564596279388,11.109821616846135
dualmap,none,1,195.13412862829657,39,0.7405806053119209,0.20844098740971617,0.8965421599338937,0.0,nan,301.3564596279388,11.109821616846135
dualmap,none,1,200.13412862829657,34,0.7140864714086471,0.22435753082237397,0.7204906819478641,0.0,nan,301.3564596279388,11.109821616846135
dualmap,none,1,205.13412862829657,34,0.7267525035765379,0.20560095433576464,0.9212666537820376,0.0,nan,301.3564596279388,11.109821616846135
dualmap,none,1,210.13412862829657,34,0.7597122302158273,0.15844044826954473,0.6345784825494473,0.0,nan,301.3564596279388,11.109821616846135
dualmap,none,1,215.13412862829657,35,0.6675639300134589,0.24159450138301963,0.8947622869516256,0.0,nan,301.3564596279388,11.109821616846135
dualmap,none,1,220.13412862829657,30,0.7526444263628966,0.15752272605367068,0.684751511167928,0.0,nan,301.3564596279388,11.109821616846135
dualmap,none,1,225.13412862829657,34,0.7108433734939759,0.22570279072650123,0.6573604131573383,0.0,nan,301.3564596279388,11.109821616846135
dualmap,none,1,230.13412862829657,45,0.7469496021220159,0.27261921534733347,1.552545228983219,0.0,nan,301.3564596279388,11.109821616846135
dualmap,none,1,235.13412862829657,45,0.7042475091767174,0.2595613698741488,1.3779638152739018,0.0,nan,301.3564596279388,11.109821616846135
dualmap,none,1,240.13412862829657,35,0.7292225201072386,0.2345602990328075,0.9721649448097768,0.0,nan,301.3564596279388,11.109821616846135
dualmap,none,1,245.13412862829657,36,0.6792328042328042,0.2337476832736911,0.8225225052151571,0.0,nan,301.3564596279388,11.109821616846135
dualmap,none,1,250.13412862829657,42,0.7583854462762933,0.20295174732238763,0.444946512424849,0.0,nan,301.3564596279388,11.109821616846135
dualmap,none,1,255.13412862829657,39,0.7320891029500302,0.19214223807668418,0.6192522379964046,0.0,nan,301.3564596279388,11.109821616846135
dualmap,none,1,260.1341286282966,33,0.724087591240876,0.20904511320310348,0.7007534020949379,0.0,nan,301.3564596279388,11.109821616846135
dualmap,none,1,265.1341286282966,33,0.7578639356254572,0.23200000000002774,0.733527624083697,0.0,nan,301.3564596279388,11.109821616846135
dualmap,none,1,270.1341286282966,42,0.7322654462242563,0.22006054386909568,0.7714897593417939,0.0,nan,301.3564596279388,11.109821616846135
dualmap,none,1,275.1341286282966,38,0.7172284644194756,0.2579118329872472,1.7063352662555984,0.0,nan,301.3564596279388,11.109821616846135
dualmap,none,1,280.1341286282966,38,0.72625,0.21141593953950633,0.6678190563849017,0.0,nan,301.3564596279388,11.109821616846135
dualmap,none,1,285.1341286282966,39,0.6904326630103595,0.2664200715390166,0.8112620506611598,0.0,nan,301.3564596279388,11.109821616846135
dualmap,none,1,290.1341286282966,51,0.7414198401504466,0.3947865126808665,0.9590118183525078,0.0,nan,301.3564596279388,11.109821616846135
dualmap,none,1,295.1341286282966,47,0.7622909275215408,0.22678860827659264,0.9386476316838204,0.0,nan,301.3564596279388,11.109821616846135
dualmap,none,1,300.1341286282966,44,0.7153762268266085,0.2155120365983123,1.057386887904264,0.0,nan,301.3564596279388,11.109821616846135
dualmap,none,1,305.1341286282966,38,0.6912413358538122,0.3423385953447564,1.2033241256412937,0.0,nan,301.3564596279388,11.109821616846135
dualmap,none,1,310.1341286282966,31,0.7447633824670287,0.21600000000000819,1.0314240725029435,0.0,nan,301.3564596279388,11.109821616846135
dualmap,none,1,315.1341286282966,36,0.7614011896893589,0.21600000000000819,0.8669095189912042,0.0,nan,301.3564596279388,11.109821616846135
dualmap,none,1,320.1341286282966,33,0.7134587554269175,0.32084672628479893,0.7587950357331329,0.0,nan,301.3564596279388,11.109821616846135
dualmap,none,1,325.1341286282966,45,0.735632183908046,0.2594002193332017,1.4113048021292025,0.0,nan,301.3564596279388,11.109821616846135
dualmap,none,1,330.1341286282966,33,0.7619749447310243,0.24513314678665665,0.7189943229178902,0.0,nan,301.3564596279388,11.109821616846135
dualmap,none,1,335.1341286282966,33,0.6671438797423049,0.26728285133265217,0.8131998830682414,0.0,nan,301.3564596279388,11.109821616846135
dualmap,none,1,340.1341286282966,28,0.7327070879590094,0.21926845312529508,0.9717440225646636,0.0,nan,301.3564596279388,11.109821616846135
dualmap,none,1,345.1341286282966,44,0.6679045092838196,0.25072465420842605,1.0886414492604097,0.0,nan,301.3564596279388,11.109821616846135
dualmap,none,1,350.1341286282966,44,0.7623172712506767,0.2253263160465906,0.6486580762509283,0.0,nan,301.3564596279388,11.109821616846135
dualmap,none,1,355.1341286282966,33,0.7441860465116279,0.22805054241564449,0.4392740637124052,0.0,nan,301.3564596279388,11.109821616846135
dualmap,none,1,360.1341286282966,43,0.7111111111111111,0.2507835854817131,1.4181953540075585,0.0,nan,301.3564596279388,11.109821616846135
dualmap,none,1,365.1341286282966,40,0.7259701492537314,0.2571990724817397,1.0112779043748565,0.0,nan,301.3564596279388,11.109821616846135
dualmap,none,1,370.1341286282966,45,0.6857908847184987,0.25338216320847096,1.6564088164176256,0.0,nan,301.3564596279388,11.109821616846135
dualmap,none,1,375.1341286282966,45,0.5812143227815257,0.754909210970311,2.6602136898253366,0.0,nan,301.3564596279388,11.109821616846135
dualmap,none,1,380.1341286282966,43,0.6575342465753424,0.9735565914169229,2.478648271695416,0.0,nan,301.3564596279388,11.109821616846135
dualmap,none,1,385.1341286282966,58,0.6790890269151139,1.9889099931118892,4.214586695629067,0.0,nan,301.3564596279388,11.109821616846135
dualmap,none,1,390.1341286282966,42,0.6518264840182648,2.2664020445643587,5.380030392706475,0.0,nan,301.3564596279388,11.109821616846135
dualmap,none,1,395.1341286282966,43,0.6672240802675585,3.9159783203015763,5.971859913405037,0.0,nan,301.3564596279388,11.109821616846135
dualmap,none,1,400.1341286282966,39,0.6482504604051565,0.9254914391601119,6.114115879509987,0.0,nan,301.3564596279388,11.109821616846135
dualmap,none,1,405.1341286282966,39,0.656590084643289,1.4295924746402306,7.388718488018794,0.0,nan,301.3564596279388,11.109821616846135
dualmap,none,1,410.1341286282966,38,0.6196127420362274,0.8806878473848769,7.905994952107918,0.0,nan,301.3564596279388,11.109821616846135
dualmap,none,1,415.1341286282966,44,0.7268885367142103,1.5482352026281205,7.122211544931122,0.0,nan,301.3564596279388,11.109821616846135
dualmap,none,1,420.1341286282966,32,0.6754578754578755,1.071287550131217,6.724680187904431,0.0,nan,301.3564596279388,11.109821616846135
dualmap,none,1,425.1341286282966,37,0.7175472928897586,0.5658710180154003,4.773902771961905,0.0,nan,301.3564596279388,11.109821616846135
dualmap,none,1,430.1341286282966,39,0.6855421686746987,0.6480000000000246,4.991702228218381,0.0,nan,301.3564596279388,11.109821616846135
dualmap,none,1,435.1341286282966,40,0.6366995073891626,1.116636024277767,3.381976323673543,0.0,nan,301.3564596279388,11.109821616846135
dualmap,none,1,440.1341286282966,40,0.6877611940298507,1.1568022571081258,1.7872460017557381,0.0,nan,301.3564596279388,11.109821616846135
dualmap,none,1,445.1341286282966,41,0.6877562975981254,0.7302322509505075,1.757768637373522,0.0,nan,301.3564596279388,11.109821616846135
dualmap,none,1,450.1341286282966,28,0.6703204047217538,0.5686119070054758,1.615097813714868,0.0,nan,301.3564596279388,11.109821616846135
dualmap,none,1,455.1341286282966,34,0.6886858749121574,0.43826520380210354,1.0808217858878497,0.0,nan,301.3564596279388,11.109821616846135
dualmap,none,1,460.1341286282966,41,0.7489760093622001,0.24237968329998694,0.7215744690329645,0.0,nan,301.3564596279388,11.109821616846135
dualmap,none,1,465.1341286282966,49,0.6517073170731708,0.6682575424920287,1.544812085328817,0.0,nan,301.3564596279388,11.109821616846135
dualmap,none,1,470.1341286282966,39,0.7219512195121951,0.36447736622920957,1.6279609894001494,0.0,nan,301.3564596279388,11.109821616846135
dualmap,none,1,475.1341286282966,42,0.6873940079140758,0.8747813668436777,2.0900102614991605,0.0,nan,301.3564596279388,11.109821616846135
dualmap,none,1,480.1341286282966,49,0.6809965803615047,0.7240075051741428,2.0212727601431393,0.0,nan,301.3564596279388,11.109821616846135
dualmap,none,1,485.1341286282966,36,0.7083333333333334,0.29473299130273745,2.0867327396478172,0.0,nan,301.3564596279388,11.109821616846135
dualmap,none,1,490.1341286282966,40,0.6954707985697258,0.4044793193258158,1.7118225666417815,0.0,nan,301.3564596279388,11.109821616846135
dualmap,none,1,495.1341286282966,42,0.7147766323024055,0.35419066697903645,1.0288071876549099,0.0,nan,301.3564596279388,11.109821616846135
dualmap,none,1,500.1341286282966,31,0.685539403213466,0.3895079385073359,1.0235793804288333,0.0,nan,301.3564596279388,11.109821616846135
dualmap,none,1,505.1341286282966,48,0.6681394207167403,0.7224344030727821,2.6578867006605376,0.0,nan,301.3564596279388,11.109821616846135
dualmap,none,1,510.1341286282966,55,0.7221739130434782,0.8095957480521747,2.9275793721231005,0.0,nan,301.3564596279388,11.109821616846135
dualmap,none,1,515.1341286282966,36,0.7069525666016894,1.2787761243600357,3.1258084260466146,0.0,nan,301.3564596279388,11.109821616846135
dualmap,none,1,520.1341286282966,51,0.6002759889604415,1.772216095862973,2.7889845391489985,0.0,nan,301.3564596279388,11.109821616846135
dualmap,none,1,525.1341286282966,36,0.6440025657472739,1.2339538944518154,3.3892469864149684,0.0,nan,301.3564596279388,11.109821616846135
dualmap,none,1,530.1341286282966,45,0.6378579003181336,0.9836077711265716,5.048557618946371,0.0,nan,301.3564596279388,11.109821616846135
dualmap,none,1,535.1341286282966,50,0.6723973256924546,0.9873783395556757,6.26577119298889,0.0,nan,301.3564596279388,11.109821616846135
dualmap,none,1,540.1341286282966,49,0.6867816091954023,2.969366102476556,6.396251914044245,0.0,nan,301.3564596279388,11.109821616846135
dualmap,none,1,545.1341286282966,42,0.7019122609673791,2.1146552718516887,4.0932631932312304,0.0,nan,301.3564596279388,11.109821616846135
dualmap,none,1,550.1341286282966,32,0.6222887060583395,1.7874373724353632,2.579593130386611,0.0,nan,301.3564596279388,11.109821616846135
dualmap,none,1,555.1341286282966,44,0.7021857923497268,0.5948970362783825,1.9624324424905868,0.0,nan,301.3564596279388,11.109821616846135
dualmap,none,1,560.1341286282966,50,0.6718522119591638,0.9459826203110424,1.8546813735414884,0.0,nan,301.3564596279388,11.109821616846135
dualmap,none,1,565.1341286282966,33,0.7523879500367376,0.48739984922406165,1.310682302878781,0.0,nan,301.3564596279388,11.109821616846135
dualmap,none,1,570.1341286282966,36,0.6317501626545218,0.2536183163280157,1.5009605912640436,0.0,nan,301.3564596279388,11.109821616846135
dualmap,none,1,575.1341286282966,38,0.75,0.22865238487776196,0.8901397031122981,0.0,nan,301.3564596279388,11.109821616846135
dualmap,none,1,580.1341286282966,42,0.7188195991091314,0.28660933742338557,1.0575028463221996,0.0,nan,301.3564596279388,11.109821616846135
dualmap,none,1,585.1341286282966,37,0.6758136566687939,0.5147465641487088,1.0003616229430372,0.0,nan,301.3564596279388,11.109821616846135
dualmap,none,1,590.1341286282966,40,0.6595618709295441,0.4763119869400043,1.4011874147067862,0.0,nan,301.3564596279388,11.109821616846135
dualmap,none,1,595.1341286282966,50,0.6628297362110311,0.7387614220422734,2.8120793516871,0.0,nan,301.3564596279388,11.109821616846135
dualmap,none,1,600.1341286282966,41,0.6764533176746917,0.7093572895461193,1.7944293271283647,0.0,nan,301.3564596279388,11.109821616846135
dualmap,none,1,605.1341286282966,34,0.6678674351585014,0.3949320172050079,1.8880540162657624,0.0,nan,301.3564596279388,11.109821616846135
dualmap,none,1,610.1341286282966,39,0.6888198757763975,0.26235219797899845,1.827610331301875,0.0,nan,301.3564596279388,11.109821616846135
dualmap,none,1,615.1341286282966,34,0.6801675977653632,0.8421911382583858,2.048022520227785,0.0,nan,301.3564596279388,11.109821616846135
dualmap,none,1,620.1341286282966,33,0.6834427425237053,1.7878022299994427,3.8468992823796997,0.0,nan,301.3564596279388,11.109821616846135
dualmap,none,1,625.1341286282966,41,0.6662790697674419,1.4914250800070477,4.588205746408017,0.0,nan,301.3564596279388,11.109821616846135
dualmap,none,1,630.1341286282966,41,0.7034198113207547,1.2730933588661628,4.785121951339079,0.0,nan,301.3564596279388,11.109821616846135
dualmap,none,1,635.1341286282966,55,0.6877487837240159,1.690081570850225,5.2315522790821865,0.0,nan,301.3564596279388,11.109821616846135
dualmap,none,1,640.1341286282966,37,0.7190506735086594,1.7896573437252528,3.8901141532857584,0.0,nan,301.3564596279388,11.109821616846135
dualmap,none,1,645.1341286282966,32,0.7607361963190185,1.3116794263847282,2.3746785907411914,0.0,nan,301.3564596279388,11.109821616846135
dualmap,none,1,650.1341286282966,42,0.6711484593837534,0.3736767344794316,1.2569357238986771,0.0,nan,301.3564596279388,11.109821616846135
dualmap,none,1,655.1341286282966,38,0.6877370417193426,0.39939905569383427,1.269310550334774,0.0,nan,301.3564596279388,11.109821616846135
dualmap,none,1,660.1341286282966,46,0.7052793439261917,0.851638584848672,1.5855279165584988,0.0,nan,301.3564596279388,11.109821616846135
dualmap,none,1,665.1341286282966,45,0.6596194503171248,1.1688490090700725,1.9680836615901083,0.0,nan,301.3564596279388,11.109821616846135
dualmap,none,1,670.1341286282966,39,0.6206896551724138,1.741314961574858,4.892453147930134,0.0,nan,301.3564596279388,11.109821616846135
dualmap,none,1,675.1341286282966,39,0.6699507389162561,0.8034072336776035,4.910857110240473,0.0,nan,301.3564596279388,11.109821616846135
dualmap,none,1,680.1341286282966,33,0.6941431670281996,0.7297810869350769,4.834244150770569,0.0,nan,301.3564596279388,11.109821616846135
dualmap,none,1,685.1341286282966,43,0.6905681191395477,0.7911612240302475,3.9113671504838043,0.0,nan,301.3564596279388,11.109821616846135
dualmap,none,1,690.1341286282966,44,0.6813361611876988,1.1441449768443022,3.5264366634061046,0.0,nan,301.3564596279388,11.109821616846135
dualmap,none,1,695.1341286282966,29,0.683151718357083,0.994916508797246,4.138651267812356,0.0,nan,301.3564596279388,11.109821616846135
dualmap,none,1,700.1341286282966,38,0.6498461538461539,1.2727486316258592,2.7409424362741355,0.0,nan,301.3564596279388,11.109821616846135
dualmap,none,1,705.1341286282966,33,0.6027104136947218,1.394406012669151,2.8023881680691103,0.0,nan,301.3564596279388,11.109821616846135
dualmap,none,1,710.1341286282966,51,0.679888007466169,1.4621946397162446,3.0583328391554687,0.0,nan,301.3564596279388,11.109821616846135
dualmap,none,1,715.1341286282966,43,0.6836002208724462,1.3518331370621581,2.473460209032705,0.0,nan,301.3564596279388,11.109821616846135
dualmap,none,1,720.1341286282966,43,0.6729385722191478,1.4638949907289316,2.2662873053694916,0.0,nan,301.3564596279388,11.109821616846135
dualmap,none,1,725.1341286282966,36,0.6520292747837658,2.4534099358155004,4.079602513637508,0.0,nan,301.3564596279388,11.109821616846135
dualmap,none,1,730.1341286282966,28,0.6780104712041884,0.5477346021390872,3.5085793823109306,0.0,nan,301.3564596279388,11.109821616846135
dualmap,none,1,735.1341286282966,39,0.6697416974169742,0.5654183002864102,2.3258652021701107,0.0,nan,301.3564596279388,11.109821616846135
dualmap,none,1,740.1341286282966,39,0.6870789957134109,0.3313010707970534,1.3908617352122723,0.0,nan,301.3564596279388,11.109821616846135
dualmap,none,1,745.1341286282966,48,0.658284023668639,0.3453978181454431,1.4732858407904084,0.0,nan,301.3564596279388,11.109821616846135
dualmap,none,1,750.1341286282966,33,0.6526019690576652,0.9052730741899495,3.0509928379854636,0.0,nan,301.3564596279388,11.109821616846135
dualmap,none,2,0.01623264200049831,44,0.5665236051502146,0.8076787727003202,2.2471687709999335,0.0,nan,296.93566534318944,11.109821616846135
dualmap,none,2,5.016232642000499,34,0.7394957983193278,0.2460385700027361,1.6016918404036664,0.0,nan,296.93566534318944,11.109821616846135
dualmap,none,2,10.0162326420005,48,0.6817503729487817,0.5143698355230466,1.5318354873672295,0.0,nan,296.93566534318944,11.109821616846135
dualmap,none,2,15.0162326420005,50,0.7268431001890359,0.4447488928150314,1.789485939433399,0.0,nan,296.93566534318944,11.109821616846135
dualmap,none,2,20.0162326420005,37,0.717948717948718,0.360893864468796,1.5031299299118082,0.0,nan,296.93566534318944,11.109821616846135
dualmap,none,2,25.0162326420005,41,0.7335227272727273,0.5314712846824996,1.821250157655575,0.0,nan,296.93566534318944,11.109821616846135
dualmap,none,2,30.0162326420005,41,0.7529411764705882,0.22592657426677576,1.07028531009673,0.0,nan,296.93566534318944,11.109821616846135
dualmap,none,2,35.0162326420005,40,0.6958855098389982,0.2560739024826937,1.3623567964066814,0.0,nan,296.93566534318944,11.109821616846135
dualmap,none,2,40.0162326420005,43,0.7341913822048125,0.24799999999999756,1.2248420141816025,0.0,nan,296.93566534318944,11.109821616846135
dualmap,none,2,45.0162326420005,28,0.7717484926787253,0.17772295083157275,0.6123557508541241,0.0,nan,296.93566534318944,11.109821616846135
dualmap,none,2,50.0162326420005,47,0.7429882712901581,0.23700026528884166,0.8024182402387473,0.0,nan,296.93566534318944,11.109821616846135
dualmap,none,2,55.0162326420005,31,0.7048458149779736,0.22876235350815932,0.6428240269841978,0.0,nan,296.93566534318944,11.109821616846135
dualmap,none,2,60.0162326420005,38,0.76,0.2111137159184615,0.42925708456549605,0.0,nan,296.93566534318944,11.109821616846135
dualmap,none,2,65.0162326420005,42,0.6872498570611778,0.44663219657251574,1.727695306887244,0.0,nan,296.93566534318944,11.109821616846135
dualmap,none,2,70.0162326420005,39,0.7609756097560976,0.3713851471344327,1.1433844338661614,0.0,nan,296.93566534318944,11.109821616846135
dualmap,none,2,75.0162326420005,39,0.7223917022574741,0.3566456755962406,0.9875783354870026,0.0,nan,296.93566534318944,11.109821616846135
dualmap,none,2,80.0162326420005,36,0.7572684246112238,0.21708447347883464,1.227144321812389,0.0,nan,296.93566534318944,11.109821616846135
dualmap,none,2,85.0162326420005,50,0.7366906474820144,0.2799816603518579,0.9011481649746682,0.0,nan,296.93566534318944,11.109821616846135
dualmap,none,2,90.0162326420005,40,0.7413286302175192,0.237369708341177,0.7715250275728717,0.0,nan,296.93566534318944,11.109821616846135
dualmap,none,2,95.0162326420005,44,0.7214170692431562,0.3316402255918831,2.0955508777488534,0.0,nan,296.93566534318944,11.109821616846135
dualmap,none,2,100.0162326420005,44,0.7332259796027912,0.30053931764113173,2.2448261507449536,0.0,nan,296.93566534318944,11.109821616846135
dualmap,none,2,105.0162326420005,41,0.7049275362318841,0.7919622946109826,2.1333468000119016,0.0,nan,296.93566534318944,11.109821616846135
dualmap,none,2,110.0162326420005,50,0.7263657957244656,0.6715466690782321,1.771708728554249,0.0,nan,296.93566534318944,11.109821616846135
dualmap,none,2,115.0162326420005,44,0.7594390507011867,0.4947918076669495,1.7840580408084732,0.0,nan,296.93566534318944,11.109821616846135
dualmap,none,2,120.0162326420005,40,0.6868746321365509,0.44388642923578203,1.3615649656820952,0.0,nan,296.93566534318944,11.109821616846135
dualmap,none,2,125.0162326420005,46,0.7017178552837064,0.48220256366488456,1.7149657728468033,0.0,nan,296.93566534318944,11.109821616846135
dualmap,none,2,130.0162326420005,29,0.6904570970328789,0.5570916211302404,3.0085986118725696,0.0,nan,296.93566534318944,11.109821616846135
dualmap,none,2,135.0162326420005,41,0.7023335230506546,0.25828303833384325,2.084996013333432,0.0,nan,296.93566534318944,11.109821616846135
dualmap,none,2,140.0162326420005,60,0.7417916497770571,0.5182028047810974,2.356822755394001,0.0,nan,296.93566534318944,11.109821616846135
dualmap,none,2,145.0162326420005,24,0.7365754812563323,0.283920423276129,1.7659894780432168,0.0,nan,296.93566534318944,11.109821616846135
dualmap,none,2,150.0162326420005,41,0.7690504103165299,0.23199999999999932,0.7520810294457763,0.0,nan,296.93566534318944,11.109821616846135
dualmap,none,2,155.0162326420005,34,0.7436440677966102,0.24580036044503117,1.073797782762901,0.0,nan,296.93566534318944,11.109821616846135
dualmap,none,2,160.0162326420005,44,0.7308319738988581,0.2539628543493393,0.6717893802699555,0.0,nan,296.93566534318944,11.109821616846135
dualmap,none,2,165.0162326420005,37,0.7533980582524272,0.21737376360366056,0.414167939684736,0.0,nan,296.93566534318944,11.109821616846135
dualmap,none,2,170.0162326420005,41,0.7645687645687645,0.21600000000000819,0.5266594527446958,0.0,nan,296.93566534318944,11.109821616846135
dualmap,none,2,175.0162326420005,45,0.7344262295081967,0.21600000000000819,1.394338575723203,0.0,nan,296.93566534318944,11.109821616846135
dualmap,none,2,180.0162326420005,35,0.6857335127860027,0.24457284673525237,1.2574368108395526,0.0,nan,296.93566534318944,11.109821616846135
dualmap,none,2,185.0162326420005,46,0.71617497456765,0.3804515909044426,1.1884587392760164,0.0,nan,296.93566534318944,11.109821616846135
dualmap,none,2,190.0162326420005,41,0.7595596755504056,0.19999999999998863,0.4947067806229427,0.0,nan,296.93566534318944,11.109821616846135
dualmap,none,2,195.0162326420005,36,0.7287340924313462,0.21243728664589412,1.0428191107883433,0.0,nan,296.93566534318944,11.109821616846135
dualmap,none,2,200.0162326420005,41,0.7659077641564507,0.22295052213428335,0.714403297176273,0.0,nan,296.93566534318944,11.109821616846135
dualmap,none,2,205.0162326420005,42,0.7235865219874358,0.3098725793505537,1.1871485670351607,0.0,nan,296.93566534318944,11.109821616846135
dualmap,none,2,210.0162326420005,38,0.7255025125628141,0.20944560752408847,1.5471845949187613,0.0,nan,296.93566534318944,11.109821616846135
dualmap,none,2,215.0162326420005,44,0.7774710104914412,0.30779879840011404,1.8583330731163807,0.0,nan,296.93566534318944,11.109821616846135
dualmap,none,2,220.0162326420005,53,0.7044025157232704,1.2302282054401132,3.188197593027301,0.0,nan,296.93566534318944,11.109821616846135
dualmap,none,2,225.0162326420005,46,0.7321613236814891,1.8951627294405,4.68921088243928,0.0,nan,296.93566534318944,11.109821616846135
dualmap,none,2,230.0162326420005,33,0.7040454222853088,0.8870484516697275,3.9571930998915694,0.0,nan,296.93566534318944,11.109821616846135
dualmap,none,2,235.0162326420005,55,0.7126338329764454,0.7119999999999891,3.1259515324474836,0.0,nan,296.93566534318944,11.109821616846135
dualmap,none,2,240.0162326420005,38,0.7493670886075949,0.24023677043683733,2.6924799738607046,0.0,nan,296.93566534318944,11.109821616846135
dualmap,none,2,245.0162326420005,48,0.6911099949773983,0.5475284884456499,2.3743629369456647,0.0,nan,296.93566534318944,11.109821616846135
dualmap,none,2,250.0162326420005,35,0.7532556545579164,0.2967646833027402,2.1186240567398533,0.0,nan,296.93566534318944,11.109821616846135
dualmap,none,2,255.0162326420005,41,0.6972477064220184,0.30320300518349086,1.9735907007662377,0.0,nan,296.93566534318944,11.109821616846135
dualmap,none,2,260.0162326420005,40,0.7187685020722321,0.38305804180836844,2.0279664222855573,0.0,nan,296.93566534318944,11.109821616846135
dualmap,none,2,265.0162326420005,37,0.7856668878566688,0.16251312511838023,0.4129766978866951,0.0,nan,296.93566534318944,11.109821616846135
dualmap,none,2,270.0162326420005,59,0.7284957195271097,0.45781469891943516,1.1738991184603471,0.0,nan,296.93566534318944,11.109821616846135
dualmap,none,2,275.0162326420005,35,0.6975184439973172,0.26400000000001,0.6483815112226282,0.0,nan,296.93566534318944,11.109821616846135
dualmap,none,2,280.0162326420005,32,0.747135217723453,0.17031044123001493,0.6464100717552144,0.0,nan,296.93566534318944,11.109821616846135
dualmap,none,2,285.0162326420005,30,0.7606973058637084,0.21600000000000819,0.3571438902619713,0.0,nan,296.93566534318944,11.109821616846135
dualmap,none,2,290.0162326420005,47,0.738562091503268,0.24718980003535762,0.7780574222948335,0.0,nan,296.93566534318944,11.109821616846135
dualmap,none,2,295.0162326420005,35,0.7639836289222374,0.26400000000001,0.8454813284507382,0.0,nan,296.93566534318944,11.109821616846135
dualmap,none,2,300.0162326420005,38,0.742319749216301,0.2265228485682087,1.4777240334394706,0.0,nan,296.93566534318944,11.109821616846135
dualmap,none,2,305.0162326420005,47,0.72853470437018,1.0892127381956698,2.1236333394984457,0.0,nan,296.93566534318944,11.109821616846135
dualmap,none,2,310.0162326420005,40,0.7692307692307693,0.2433989783067716,0.9841934445203059,0.0,nan,296.93566534318944,11.109821616846135
dualmap,none,2,315.0162326420005,36,0.7176781002638523,0.680390223037989,1.5395858388074344,0.0,nan,296.93566534318944,11.109821616846135
dualmap,none,2,320.0162326420005,32,0.7364513734224202,0.43975269006367057,1.4455157663103546,0.0,nan,296.93566534318944,11.109821616846135
dualmap,none,2,325.0162326420005,39,0.7014218009478673,0.3165964554297602,0.7763679452649928,0.0,nan,296.93566534318944,11.109821616846135
dualmap,none,2,330.0162326420005,44,0.741042345276873,0.25238563437437733,0.7973218080246227,0.0,nan,296.93566534318944,11.109821616846135
dualmap,none,2,335.0162326420005,51,0.7396825396825397,0.37971473414438606,1.192925440855248,0.0,nan,296.93566534318944,11.109821616846135
dualmap,none,2,340.0162326420005,35,0.7462277091906722,0.22678848745300684,0.9180317417196052,0.0,nan,296.93566534318944,11.109821616846135
dualmap,none,2,345.0162326420005,33,0.7126436781609196,0.25049172921472973,1.0725085109832455,0.0,nan,296.93566534318944,11.109821616846135
dualmap,none,2,350.0162326420005,45,0.7338666666666667,0.2716758450820862,1.0265353819137775,0.0,nan,296.93566534318944,11.109821616846135
dualmap,none,2,355.0162326420005,48,0.7335329341317365,1.0968089884269716,1.8016414302394175,0.0,nan,296.93566534318944,11.109821616846135
dualmap,none,2,360.0162326420005,42,0.734602463605823,0.22841979028959258,0.9479522784891963,0.0,nan,296.93566534318944,11.109821616846135
dualmap,none,2,365.0162326420005,38,0.698605215281989,0.3068325424845284,1.4963432937308154,0.0,nan,296.93566534318944,11.109821616846135
dualmap,none,2,370.0162326420005,41,0.5477415666094911,1.0518884164351334,4.0032077462468925,0.0,nan,296.93566534318944,11.109821616846135
dualmap,none,2,375.0162326420005,48,0.6179268903355033,1.5498236575792248,7.4582738560761594,0.0,nan,296.93566534318944,11.109821616846135
dualmap,none,2,380.0162326420005,39,0.7316043425814234,0.5366915984820366,6.8989767922162955,0.0,nan,296.93566534318944,11.109821616846135
dualmap,none,2,385.0162326420005,35,0.6331521739130435,1.151084425635986,7.35682571385155,0.0,nan,296.93566534318944,11.109821616846135
dualmap,none,2,390.0162326420005,40,0.6991970352069179,0.47804766855074377,6.585859636489029,0.0,nan,296.93566534318944,11.109821616846135
dualmap,none,2,395.0162326420005,49,0.6814955040227165,0.764922924031282,5.330060128786542,0.0,nan,296.93566534318944,11.109821616846135
dualmap,none,2,400.0162326420005,36,0.7051198963058976,0.5454340406142535,5.767365719660876,0.0,nan,296.93566534318944,11.109821616846135
dualmap,none,2,405.0162326420005,58,0.6653077863840196,2.756868194771698,4.198716928125153,0.0,nan,296.93566534318944,11.109821616846135
dualmap,none,2,410.0162326420005,48,0.7189873417721518,3.761318757569512,4.820107423341939,0.0,nan,296.93566534318944,11.109821616846135
dualmap,none,2,415.0162326420005,35,0.7047244094488189,2.8253810258064505,4.107691035876527,0.0,nan,296.93566534318944,11.109821616846135
dualmap,none,2,420.0162326420005,41,0.6468208092485549,1.8693452810487656,2.986685626711278,0.0,nan,296.93566534318944,11.109821616846135
dualmap,none,2,425.0162326420005,33,0.6977443609022557,1.2064288570523445,2.4843586998634692,0.0,nan,296.93566534318944,11.109821616846135
dualmap,none,2,430.0162326420005,37,0.7422680412371134,0.942519730320555,2.1873967708372426,0.0,nan,296.93566534318944,11.109821616846135
dualmap,none,2,435.0162326420005,29,0.6851098454027664,0.22562794641675055,1.1342600037759911,0.0,nan,296.93566534318944,11.109821616846135
dualmap,none,2,440.0162326420005,48,0.6897243107769424,0.5610223763086708,2.011309519313696,0.0,nan,296.93566534318944,11.109821616846135
dualmap,none,2,445.0162326420005,41,0.6072455434157562,0.6793426635733226,4.5010050967228725,0.0,nan,296.93566534318944,11.109821616846135
dualmap,none,2,450.0162326420005,49,0.6509841574651944,1.0423458705706707,4.587592004415426,0.0,nan,296.93566534318944,11.109821616846135
dualmap,none,2,455.0162326420005,36,0.6369047619047619,0.657667092240132,4.31693642088141,0.0,nan,296.93566534318944,11.109821616846135
dualmap,none,2,460.0162326420005,28,0.7264231096006797,0.40186671513643546,3.3755449696482076,0.0,nan,296.93566534318944,11.109821616846135
dualmap,none,2,465.0162326420005,42,0.6731875719217492,0.3681844909894778,1.1824215984895978,0.0,nan,296.93566534318944,11.109821616846135
dualmap,none,2,470.0162326420005,47,0.6437684003925417,0.5303967992605294,2.1519631210851378,0.0,nan,296.93566534318944,11.109821616846135
dualmap,none,2,475.0162326420005,49,0.6177458033573141,1.204758923772772,5.535480528312557,0.0,nan,296.93566534318944,11.109821616846135
dualmap,none,2,480.0162326420005,34,0.6401933701657458,0.8781732557422401,5.677152724357257,0.0,nan,296.93566534318944,11.109821616846135
dualmap,none,2,485.0162326420005,46,0.7118468701500259,1.8646643788579524,3.5261617817998903,0.0,nan,296.93566534318944,11.109821616846135
dualmap,none,2,490.0162326420005,32,0.6467065868263473,0.7325828212436818,1.9184288148907203,0.0,nan,296.93566534318944,11.109821616846135
dualmap,none,2,495.0162326420005,34,0.6783461807988788,0.27145007640160657,1.3984649135751266,0.0,nan,296.93566534318944,11.109821616846135
dualmap,none,2,500.0162326420005,39,0.6908752327746741,0.2593494859064549,1.296459825135557,0.0,nan,296.93566534318944,11.109821616846135
dualmap,none,2,505.0162326420005,38,0.6582597730138714,0.36615746408548944,1.0716726797630987,0.0,nan,296.93566534318944,11.109821616846135
dualmap,none,2,510.0162326420005,37,0.6843810758263124,0.3030041162651287,0.9766711098137331,0.0,nan,296.93566534318944,11.109821616846135
dualmap,none,2,515.0162326420004,30,0.7566478646253022,0.25916140025555023,0.5969776749728886,0.0,nan,296.93566534318944,11.109821616846135
dualmap,none,2,520.0162326420004,40,0.644574780058651,0.4271417388364398,1.7589388618715895,0.0,nan,296.93566534318944,11.109821616846135
dualmap,none,2,525.0162326420004,36,0.6727989487516426,0.32516291132907327,1.0625242122085579,0.0,nan,296.93566534318944,11.109821616846135
dualmap,none,2,530.0162326420004,47,0.6988318943626206,0.8047759373718009,2.1777921285449198,0.0,nan,296.93566534318944,11.109821616846135
dualmap,none,2,535.0162326420004,41,0.6223250433776749,0.8893372391513594,1.7137656827394496,0.0,nan,296.93566534318944,11.109821616846135
dualmap,none,2,540.0162326420004,51,0.6619250829777146,0.7146703277794586,2.4226066499230114,0.0,nan,296.93566534318944,11.109821616846135
dualmap,none,2,545.0162326420004,37,0.6530479896238651,0.874581286250077,1.9407281536139818,0.0,nan,296.93566534318944,11.109821616846135
dualmap,none,2,550.0162326420004,40,0.7241590214067278,0.2294661546560519,0.7924342364304618,0.0,nan,296.93566534318944,11.109821616846135
dualmap,none,2,555.0162326420004,39,0.6737804878048781,0.2972351492165899,1.57659098287891,0.0,nan,296.93566534318944,11.109821616846135
dualmap,none,2,560.0162326420004,52,0.648014440433213,0.8085450432052994,2.1797417753220407,0.0,nan,296.93566534318944,11.109821616846135
dualmap,none,2,565.0162326420004,51,0.660722665415298,2.362488589441,3.611943460306236,0.0,nan,296.93566534318944,11.109821616846135
dualmap,none,2,570.0162326420004,35,0.653342522398346,1.694378381852971,3.17346262841708,0.0,nan,296.93566534318944,11.109821616846135
dualmap,none,2,575.0162326420004,35,0.6829268292682927,0.2992504328776704,1.3880495641810824,0.0,nan,296.93566534318944,11.109821616846135
dualmap,none,2,580.0162326420004,38,0.7235142118863049,0.24503536290814054,1.5469890219387321,0.0,nan,296.93566534318944,11.109821616846135
dualmap,none,2,585.0162326420004,37,0.653870761356366,0.4125124920919916,1.5772992058193636,0.0,nan,296.93566534318944,11.109821616846135
dualmap,none,2,590.0162326420004,44,0.6478423015450187,0.8354041314220808,3.669227235115991,0.0,nan,296.93566534318944,11.109821616846135
dualmap,none,2,595.0162326420004,41,0.6401384083044983,0.5299498107301588,1.9967061525995864,0.0,nan,296.93566534318944,11.109821616846135
dualmap,none,2,600.0162326420004,36,0.6677943166441137,0.27951121601387285,2.139011725121639,0.0,nan,296.93566534318944,11.109821616846135
dualmap,none,2,605.0162326420004,37,0.695194206714944,0.4507883635243388,1.2778653793621197,0.0,nan,296.93566534318944,11.109821616846135
dualmap,none,2,610.0162326420004,40,0.6384752829064919,0.63271140082378,3.022891832658956,0.0,nan,296.93566534318944,11.109821616846135
dualmap,none,2,615.0162326420004,50,0.735632183908046,0.710275073424441,2.567273271143748,0.0,nan,296.93566534318944,11.109821616846135
dualmap,none,2,620.0162326420004,33,0.6439448875997099,0.579483431592962,1.3093536493992315,0.0,nan,296.93566534318944,11.109821616846135
dualmap,none,2,625.0162326420004,32,0.6634109691960932,0.28655187834260687,1.5127698213305631,0.0,nan,296.93566534318944,11.109821616846135
dualmap,none,2,630.0162326420004,41,0.7047451669595782,0.29850636548746934,1.1923790042764497,0.0,nan,296.93566534318944,11.109821616846135
dualmap,none,2,635.0162326420004,42,0.6642335766423357,0.3592164540690419,1.711387698199643,0.0,nan,296.93566534318944,11.109821616846135
dualmap,none,2,640.0162326420004,50,0.6589294173377546,1.1267878055461438,2.4817506796199367,0.0,nan,296.93566534318944,11.109821616846135
dualmap,none,2,645.0162326420004,36,0.7205408886027045,1.439239252931145,2.3541354703455566,0.0,nan,296.93566534318944,11.109821616846135
dualmap,none,2,650.0162326420004,47,0.5816068721576554,2.032663824639144,3.9055337725057733,0.0,nan,296.93566534318944,11.109821616846135
dualmap,none,2,655.0162326420004,43,0.6804864566058596,3.6355268974135697,5.170195139029488,0.0,nan,296.93566534318944,11.109821616846135
dualmap,none,2,660.0162326420004,34,0.6762640449438202,1.0328028836939325,4.6390017240053885,0.0,nan,296.93566534318944,11.109821616846135
dualmap,none,2,665.0162326420004,30,0.7042139384116693,1.3851390330652293,3.832101308738858,0.0,nan,296.93566534318944,11.109821616846135
dualmap,none,2,670.0162326420004,38,0.6812773951158422,0.33443846877787564,1.6598019818902028,0.0,nan,296.93566534318944,11.109821616846135
dualmap,none,2,675.0162326420004,31,0.6603487490523123,0.2455408659305931,0.9380570276711181,0.0,nan,296.93566534318944,11.109821616846135
dualmap,none,2,680.0162326420004,31,0.6617760617760617,0.34116745700191586,1.5672085511982232,0.0,nan,296.93566534318944,11.109821616846135
dualmap,none,2,685.0162326420004,43,0.6659352715304443,0.6995705070224858,1.4287704770057643,0.0,nan,296.93566534318944,11.109821616846135
dualmap,none,2,690.0162326420004,44,0.661588683351469,0.48536524644708834,2.071434349462395,0.0,nan,296.93566534318944,11.109821616846135
dualmap,none,2,695.0162326420004,30,0.7119047619047619,0.3971928670273428,1.7863528106837567,0.0,nan,296.93566534318944,11.109821616846135
dualmap,none,2,700.0162326420004,39,0.5923682616596002,0.7176690786175186,2.491697098296265,0.0,nan,296.93566534318944,11.109821616846135
dualmap,none,2,705.0162326420004,51,0.7066974595842956,1.3840043493734129,2.453054765992306,0.0,nan,296.93566534318944,11.109821616846135
dualmap,none,2,710.0162326420004,36,0.6542056074766355,0.6762148899423437,1.4446385180957746,0.0,nan,296.93566534318944,11.109821616846135
dualmap,none,2,715.0162326420004,35,0.6880984952120383,0.22033474947761533,1.747855809637632,0.0,nan,296.93566534318944,11.109821616846135
dualmap,none,2,720.0162326420004,37,0.7212793733681462,0.23997853228956956,0.742133593800154,0.0,nan,296.93566534318944,11.109821616846135
dualmap,none,2,725.0162326420004,38,0.6779769526248399,0.25901779340898656,0.8861066739805359,0.0,nan,296.93566534318944,11.109821616846135
dualmap,none,2,730.0162326420004,47,0.6853535353535354,0.3230908360349076,1.1063020350011081,0.0,nan,296.93566534318944,11.109821616846135
dualmap,none,2,735.0162326420004,40,0.7131594906003639,0.2652157843986629,1.1152285212121464,0.0,nan,296.93566534318944,11.109821616846135
dualmap,none,2,740.0162326420004,18,0.67,0.342237455543966,1.38195966963412,0.0,nan,296.93566534318944,11.109821616846135
