policy,arm,seed,t,n,hit_rate,ttft_p50,ttft_p99,newcomer_share,newcomer_hit,t_add,turnover
longest_prefix,none,0,0.0849914879961137,33,0.38857142857142857,0.6875242901541498,1.396282005262449,0.0,nan,296.28939501833446,11.109821616846135
longest_prefix,none,0,5.084991487996113,37,0.7305009511731135,0.24800000000000022,1.4728712473957772,0.0,nan,296.28939501833446,11.109821616846135
longest_prefix,none,0,10.084991487996113,33,0.6549707602339181,0.2560600933959183,0.7862231875310475,0.0,nan,296.28939501833446,11.109821616846135
longest_prefix,none,0,15.084991487996113,36,0.7325049051667757,0.20445256644016396,0.7282025543599578,0.0,nan,296.28939501833446,11.109821616846135
longest_prefix,none,0,20.084991487996113,53,0.7443642921550947,0.21621034605746914,1.1722566915033328,0.0,nan,296.28939501833446,11.109821616846135
longest_prefix,none,0,25.084991487996113,49,0.7117701575532901,0.29971482817783723,0.7272694359578494,0.0,nan,296.28939501833446,11.109821616846135
longest_prefix,none,0,30.084991487996113,44,0.6776246023329798,0.27166505672283314,0.9882191236122987,0.0,nan,296.28939501833446,11.109821616846135
longest_prefix,none,0,35.08499148799611,38,0.7257566399011736,0.2646656738695796,0.7002651314582616,0.0,nan,296.28939501833446,11.109821616846135
longest_prefix,none,0,40.08499148799611,41,0.6825859056493885,0.22135521104456046,0.8546006027714272,0.0,nan,296.28939501833446,11.109821616846135
longest_prefix,none,0,45.08499148799611,34,0.7118294360385145,0.2552236083765216,0.8174734396246244,0.0,nan,296.28939501833446,11.109821616846135
longest_prefix,none,0,50.08499148799611,50,0.7197750702905342,0.42327747629997603,0.9944619890396795,0.0,nan,296.28939501833446,11.109821616846135
longest_prefix,none,0,55.08499148799611,44,0.6539735099337748,0.27764592589923254,1.3010358571251905,0.0,nan,296.28939501833446,11.109821616846135
longest_prefix,none,0,60.08499148799611,50,0.7262411347517731,0.25743396733339097,1.0011475085042827,0.0,nan,296.28939501833446,11.109821616846135
longest_prefix,none,0,65.08499148799612,33,0.7199710564399421,0.23587472432379286,1.5512883286190355,0.0,nan,296.28939501833446,11.109821616846135
longest_prefix,none,0,70.08499148799612,45,0.732521186440678,0.2410990853047963,0.8883919620325398,0.0,nan,296.28939501833446,11.109821616846135
longest_prefix,none,0,75.08499148799612,38,0.7769968051118211,0.17851958766600262,0.47702696562828256,0.0,nan,296.28939501833446,11.109821616846135
longest_prefix,none,0,80.08499148799612,46,0.7023991832567636,0.359767397658338,1.2115242211895083,0.0,nan,296.28939501833446,11.109821616846135
longest_prefix,none,0,85.08499148799612,36,0.7257745550428477,0.24115700000223939,0.6465430170905093,0.0,nan,296.28939501833446,11.109821616846135
longest_prefix,none,0,90.08499148799612,35,0.7299122214719784,0.27816091433805923,0.7276623520196405,0.0,nan,296.28939501833446,11.109821616846135
longest_prefix,none,0,95.08499148799612,36,0.7287340924313462,0.1963573951553954,0.5897746086009362,0.0,nan,296.28939501833446,11.109821616846135
longest_prefix,none,0,100.08499148799612,43,0.7201309328968903,0.26686975576258476,1.251844092420688,0.0,nan,296.28939501833446,11.109821616846135
longest_prefix,none,0,105.08499148799612,38,0.7190721649484536,0.22986373496680557,0.6462400000000009,0.0,nan,296.28939501833446,11.109821616846135
longest_prefix,none,0,110.08499148799612,31,0.7743950039032006,0.17986008093849648,0.31063686186797385,0.0,nan,296.28939501833446,11.109821616846135
longest_prefix,none,0,115.08499148799612,41,0.6847888953152111,0.2966985933786077,0.9607946589518321,0.0,nan,296.28939501833446,11.109821616846135
longest_prefix,none,0,120.08499148799612,43,0.735632183908046,0.24330503611483323,0.6468849206026256,0.0,nan,296.28939501833446,11.109821616846135
longest_prefix,none,0,125.08499148799612,39,0.74282223579719,0.23581300689569673,0.741731544270639,0.0,nan,296.28939501833446,11.109821616846135
longest_prefix,none,0,130.08499148799612,42,0.7253121452894438,0.25861855210897033,0.9362661034022847,0.0,nan,296.28939501833446,11.109821616846135
longest_prefix,none,0,135.08499148799612,38,0.7267515923566878,0.2407534459997862,0.7716614496724121,0.0,nan,296.28939501833446,11.109821616846135
longest_prefix,none,0,140.08499148799612,33,0.7625468164794007,0.16800000000000637,0.5316953293821438,0.0,nan,296.28939501833446,11.109821616846135
longest_prefix,none,0,145.08499148799612,40,0.750733137829912,0.21797436521092095,0.5704186176015079,0.0,nan,296.28939501833446,11.109821616846135
longest_prefix,none,0,150.08499148799612,33,0.7324749642346209,0.2726789431203258,1.0578661536548144,0.0,nan,296.28939501833446,11.109821616846135
longest_prefix,none,0,155.08499148799612,47,0.7506374298827129,0.20401046105919818,0.7396624043831365,0.0,nan,296.28939501833446,11.109821616846135
longest_prefix,none,0,160.08499148799612,36,0.7101827676240209,0.2420762392655007,0.682182413003619,0.0,nan,296.28939501833446,11.109821616846135
longest_prefix,none,0,165.08499148799612,35,0.7243675099866844,0.23157547662250977,0.5650837593004455,0.0,nan,296.28939501833446,11.109821616846135
longest_prefix,none,0,170.08499148799612,34,0.6917760884588804,0.24225092265277226,0.8884122075031397,0.0,nan,296.28939501833446,11.109821616846135
longest_prefix,none,0,175.08499148799612,34,0.6748802190280629,0.25910571023959506,0.8070488636851184,0.0,nan,296.28939501833446,11.109821616846135
longest_prefix,none,0,180.08499148799612,50,0.7358047864852182,0.2680815286894642,0.854111287888403,0.0,nan,296.28939501833446,11.109821616846135
longest_prefix,none,0,185.08499148799612,31,0.7293934681181959,0.20625407795319006,0.8552881570180431,0.0,nan,296.28939501833446,11.109821616846135
longest_prefix,none,0,190.08499148799612,39,0.7294541091781643,0.25275108575431204,0.810281348852925,0.0,nan,296.28939501833446,11.109821616846135
longest_prefix,none,0,195.08499148799612,44,0.6711301553294055,0.42836452386185897,1.8164919283966434,0.0,nan,296.28939501833446,11.109821616846135
longest_prefix,none,0,200.08499148799612,47,0.72544080604534,0.26400000000001,0.9201643331472159,0.0,nan,296.28939501833446,11.109821616846135
longest_prefix,none,0,205.08499148799612,37,0.7386290839205637,0.22975103081299153,0.7169813191099843,0.0,nan,296.28939501833446,11.109821616846135
longest_prefix,none,0,210.08499148799612,48,0.7229862475442044,0.22413457969990702,1.6071350851424047,0.0,nan,296.28939501833446,11.109821616846135
longest_prefix,none,0,215.08499148799612,39,0.7174969623329283,0.2259267013654096,0.7643589402158727,0.0,nan,296.28939501833446,11.109821616846135
longest_prefix,none,0,220.08499148799612,41,0.7323943661971831,0.23224320504004936,0.7437721556898453,0.0,nan,296.28939501833446,11.109821616846135
longest_prefix,none,0,225.08499148799612,53,0.7529411764705882,0.24171304160842055,2.277812898685143,0.0,nan,296.28939501833446,11.109821616846135
longest_prefix,none,0,230.08499148799612,55,0.6796240922682615,0.5434241215999123,1.5667176072926225,0.0,nan,296.28939501833446,11.109821616846135
longest_prefix,none,0,235.08499148799612,48,0.7360774818401937,0.4087325268189801,1.3520580419133634,0.0,nan,296.28939501833446,11.109821616846135
longest_prefix,none,0,240.08499148799612,34,0.7057201929703653,0.23464480777650465,0.7230399999999928,0.0,nan,296.28939501833446,11.109821616846135
longest_prefix,none,0,245.08499148799612,45,0.76,0.2091089632766625,0.5568332220726169,0.0,nan,296.28939501833446,11.109821616846135
longest_prefix,none,0,250.08499148799612,42,0.7400881057268722,0.23981407475616834,0.5229926614465081,0.0,nan,296.28939501833446,11.109821616846135
longest_prefix,none,0,255.08499148799612,45,0.7044025157232704,0.45416380763307984,2.1824185822713047,0.0,nan,296.28939501833446,11.109821616846135
longest_prefix,none,0,260.08499148799615,56,0.7186036611323967,0.44732384285893545,1.2040732302899473,0.0,nan,296.28939501833446,11.109821616846135
longest_prefix,none,0,265.08499148799615,32,0.7342709104367136,0.2303929323731495,0.6297476944175009,0.0,nan,296.28939501833446,11.109821616846135
longest_prefix,none,0,270.08499148799615,43,0.743078626799557,0.23328668426688637,0.723159126577724,0.0,nan,296.28939501833446,11.109821616846135
longest_prefix,none,0,275.08499148799615,49,0.7298601061263869,0.27592019590662176,0.8719978867598928,0.0,nan,296.28939501833446,11.109821616846135
longest_prefix,none,0,280.08499148799615,38,0.693407960199005,0.21864040261189643,0.7107632989424738,0.0,nan,296.28939501833446,11.109821616846135
longest_prefix,none,0,285.08499148799615,47,0.7501293326435592,0.23200000000002774,0.6969725613809249,0.0,nan,296.28939501833446,11.109821616846135
longest_prefix,none,0,290.08499148799615,35,0.7266576454668471,0.23600368385382353,0.7056136868611195,0.0,nan,296.28939501833446,11.109821616846135
longest_prefix,none,0,295.08499148799615,41,0.7544565842438183,0.2254528360440986,0.6326993403154575,0.0,nan,296.28939501833446,11.109821616846135
longest_prefix,none,0,300.08499148799615,36,0.6936758893280632,0.2687833914262967,0.810537007444185,0.0,nan,296.28939501833446,11.109821616846135
longest_prefix,none,0,305.08499148799615,39,0.6893382352941176,0.24799999999999045,1.3130276929251719,0.0,nan,296.28939501833446,11.109821616846135
longest_prefix,none,0,310.08499148799615,43,0.7380560131795717,0.19999999999998863,0.6051371639200359,0.0,nan,296.28939501833446,11.109821616846135
longest_prefix,none,0,315.08499148799615,34,0.7564469914040115,0.18400000000002592,0.8053708355080337,0.0,nan,296.28939501833446,11.109821616846135
longest_prefix,none,0,320.08499148799615,43,0.7321428571428571,0.20522872806395753,0.9736749555327923,0.0,nan,296.28939501833446,11.109821616846135
longest_prefix,none,0,325.08499148799615,54,0.7462087421944692,0.30538718626706896,0.9127855092810142,0.0,nan,296.28939501833446,11.109821616846135
longest_prefix,none,0,330.08499148799615,33,0.735632183908046,0.22618795484959264,0.7612458415709806,0.0,nan,296.28939501833446,11.109821616846135
longest_prefix,none,0,335.08499148799615,40,0.6916167664670658,0.2710265299496939,0.8501646664912413,0.0,nan,296.28939501833446,11.109821616846135
longest_prefix,none,0,340.08499148799615,44,0.7321331151118385,0.27163248431807574,1.3763296806267722,0.0,nan,296.28939501833446,11.109821616846135
longest_prefix,none,0,345.08499148799615,36,0.7087947882736156,0.24054571441519101,0.7119999999999891,0.0,nan,296.28939501833446,11.109821616846135
longest_prefix,none,0,350.08499148799615,47,0.7335710646968925,0.23200000000002774,1.0832233055223868,0.0,nan,296.28939501833446,11.109821616846135
longest_prefix,none,0,355.08499148799615,40,0.7256425582785415,0.2518113828726882,0.6577600000000018,0.0,nan,296.28939501833446,11.109821616846135
longest_prefix,none,0,360.08499148799615,33,0.7620087336244541,0.2060728105744829,0.3363898974731069,0.0,nan,296.28939501833446,11.109821616846135
longest_prefix,none,0,365.08499148799615,29,0.7542087542087542,0.16800000000000637,0.5407950458318235,0.0,nan,296.28939501833446,11.109821616846135
longest_prefix,none,0,370.08499148799615,41,0.7491248541423571,0.19999999999998863,0.4859407341929797,0.0,nan,296.28939501833446,11.109821616846135
longest_prefix,none,0,375.08499148799615,43,0.7365168539325843,0.22780490155378175,0.7794193649734961,0.0,nan,296.28939501833446,11.109821616846135
longest_prefix,none,0,380.08499148799615,42,0.7091412742382271,0.3055836394203766,0.7672389752944804,0.0,nan,296.28939501833446,11.109821616846135
longest_prefix,none,0,385.08499148799615,35,0.7448840381991815,0.21600000000000819,1.214590921735664,0.0,nan,296.28939501833446,11.109821616846135
longest_prefix,none,0,390.08499148799615,57,0.7233151946421097,0.2406177724199665,0.8265931993783465,0.0,nan,296.28939501833446,11.109821616846135
longest_prefix,none,0,395.08499148799615,39,0.7546933667083855,0.19999999999998863,0.5230907393505475,0.0,nan,296.28939501833446,11.109821616846135
longest_prefix,none,0,400.08499148799615,29,0.6990291262135923,0.2199912030422979,0.807556839724725,0.0,nan,296.28939501833446,11.109821616846135
longest_prefix,none,0,405.08499148799615,39,0.7438423645320197,0.18975489654712874,0.6240135840339632,0.0,nan,296.28939501833446,11.109821616846135
longest_prefix,none,0,410.08499148799615,35,0.6673455532926001,0.2527440100839726,0.9652453842545788,0.0,nan,296.28939501833446,11.109821616846135
longest_prefix,none,0,415.08499148799615,38,0.7745222929936306,0.2183750160095883,0.6848693998615016,0.0,nan,296.28939501833446,11.109821616846135
longest_prefix,none,0,420.08499148799615,36,0.7306917394224312,0.19746777372293423,0.8473126935919905,0.0,nan,296.28939501833446,11.109821616846135
longest_prefix,none,0,425.08499148799615,44,0.7456709956709957,0.21633815619213692,0.6568258106331768,0.0,nan,296.28939501833446,11.109821616846135
longest_prefix,none,0,430.08499148799615,37,0.7042071197411003,0.24248420896549305,0.9598797108692271,0.0,nan,296.28939501833446,11.109821616846135
longest_prefix,none,0,435.08499148799615,44,0.7380560131795717,0.23857011868526,0.7184442332375954,0.0,nan,296.28939501833446,11.109821616846135
longest_prefix,none,0,440.08499148799615,52,0.7140255009107468,0.27176411475250006,0.7979158938702389,0.0,nan,296.28939501833446,11.109821616846135
longest_prefix,none,0,445.08499148799615,37,0.7195502810743285,0.2392742485023973,0.7371957264478055,0.0,nan,296.28939501833446,11.109821616846135
longest_prefix,none,0,450.08499148799615,37,0.7193320488118176,0.2596131730343245,1.527693718717053,0.0,nan,296.28939501833446,11.109821616846135
longest_prefix,none,0,455.08499148799615,42,0.6914414414414415,0.371951655073957,1.0128118145545053,0.0,nan,296.28939501833446,11.109821616846135
longest_prefix,none,0,460.08499148799615,47,0.7639877924720244,0.2074162030111779,0.8810093174689392,0.0,nan,296.28939501833446,11.109821616846135
longest_prefix,none,0,465.08499148799615,38,0.7507926442612556,0.20191243375768408,0.6093665504748619,0.0,nan,296.28939501833446,11.109821616846135
longest_prefix,none,0,470.08499148799615,42,0.709494030699261,0.23850479382002732,0.9678687405113785,0.0,nan,296.28939501833446,11.109821616846135
longest_prefix,none,0,475.08499148799615,46,0.6359000509943906,0.26937301500890953,1.3141154369902797,0.0,nan,296.28939501833446,11.109821616846135
longest_prefix,none,0,480.08499148799615,46,0.75,0.23517083181158682,0.7611737129873828,0.0,nan,296.28939501833446,11.109821616846135
longest_prefix,none,0,485.08499148799615,39,0.7762413576367064,0.21324137163355772,0.584830287767504,0.0,nan,296.28939501833446,11.109821616846135
longest_prefix,none,0,490.08499148799615,29,0.7058823529411765,0.21600000000000819,0.634560000000024,0.0,nan,296.28939501833446,11.109821616846135
longest_prefix,none,0,495.08499148799615,35,0.7307162534435262,0.19113920792017325,0.724721508243133,0.0,nan,296.28939501833446,11.109821616846135
longest_prefix,none,0,500.08499148799615,33,0.7534345625451916,0.21600000000000819,0.699710942221086,0.0,nan,296.28939501833446,11.109821616846135
longest_prefix,none,0,505.08499148799615,38,0.6588957055214724,0.4505220575328792,1.5030399215861951,0.0,nan,296.28939501833446,11.109821616846135
longest_prefix,none,0,510.08499148799615,38,0.7173513182096873,0.22479905593183958,0.9098732552051357,0.0,nan,296.28939501833446,11.109821616846135
longest_prefix,none,0,515.0849914879961,49,0.7189292543021033,0.26431489003698516,1.0824021430980655,0.0,nan,296.28939501833446,11.109821616846135
longest_prefix,none,0,520.0849914879961,48,0.717670286278381,0.2674837898375131,0.942147873969225,0.0,nan,296.28939501833446,11.109821616846135
longest_prefix,none,0,525.0849914879961,42,0.7131428571428572,0.2340674476303093,1.1624470157603555,0.0,nan,296.28939501833446,11.109821616846135
longest_prefix,none,0,530.0849914879961,47,0.7307102708226878,0.26467396133307375,0.9735327741722721,0.0,nan,296.28939501833446,11.109821616846135
longest_prefix,none,0,535.0849914879961,46,0.7443211833069202,0.23545983638149437,0.8614463037050654,0.0,nan,296.28939501833446,11.109821616846135
longest_prefix,none,0,540.0849914879961,29,0.7726894254787677,0.18399999999996908,0.3460819627673254,0.0,nan,296.28939501833446,11.109821616846135
longest_prefix,none,0,545.0849914879961,45,0.7360167276529012,0.2480000000000473,1.035958139500349,0.0,nan,296.28939501833446,11.109821616846135
longest_prefix,none,0,550.0849914879961,45,0.7044728434504792,0.3799087852412413,1.2585677397959132,0.0,nan,296.28939501833446,11.109821616846135
longest_prefix,none,0,555.0849914879961,34,0.7394957983193278,0.21801224260394747,0.6882511028097286,0.0,nan,296.28939501833446,11.109821616846135
longest_prefix,none,0,560.0849914879961,37,0.720569210866753,0.2590937189518172,0.7791243429206179,0.0,nan,296.28939501833446,11.109821616846135
longest_prefix,none,0,565.0849914879961,38,0.727719729563614,0.2436898947401005,1.00182739675155,0.0,nan,296.28939501833446,11.109821616846135
longest_prefix,none,0,570.0849914879961,26,0.7380073800738007,0.15657020176359993,0.8672515577176796,0.0,nan,296.28939501833446,11.109821616846135
longest_prefix,none,0,575.0849914879961,40,0.7450746268656716,0.23415648561876878,1.365216306564871,0.0,nan,296.28939501833446,11.109821616846135
longest_prefix,none,0,580.0849914879961,39,0.7039473684210527,0.2607375011084514,0.6727212234224906,0.0,nan,296.28939501833446,11.109821616846135
longest_prefix,none,0,585.0849914879961,47,0.7180010198878123,0.2782869344705432,1.0094750574700695,0.0,nan,296.28939501833446,11.109821616846135
longest_prefix,none,0,590.0849914879961,36,0.7288135593220338,0.20914432553985307,1.0596548554873437,0.0,nan,296.28939501833446,11.109821616846135
longest_prefix,none,0,595.0849914879961,34,0.7528571428571429,0.18497982720469963,0.7426859105922324,0.0,nan,296.28939501833446,11.109821616846135
longest_prefix,none,0,600.0849914879961,39,0.7689463955637708,0.23406493018285346,0.540704528215192,0.0,nan,296.28939501833446,11.109821616846135
longest_prefix,none,0,605.0849914879961,37,0.7240490006447453,0.21383263222446658,0.791816682781905,0.0,nan,296.28939501833446,11.109821616846135
longest_prefix,none,0,610.0849914879961,40,0.7153846153846154,0.2391810070812994,1.0008821835005324,0.0,nan,296.28939501833446,11.109821616846135
longest_prefix,none,0,615.0849914879961,44,0.7192982456140351,0.25042056279806957,1.4724835479081606,0.0,nan,296.28939501833446,11.109821616846135
longest_prefix,none,0,620.0849914879961,47,0.741405849153412,0.21964270847547596,0.6144842467173453,0.0,nan,296.28939501833446,11.109821616846135
longest_prefix,none,0,625.0849914879961,44,0.7253714914694551,0.19391262257522612,0.6843199999999718,0.0,nan,296.28939501833446,11.109821616846135
longest_prefix,none,0,630.0849914879961,46,0.759493670886076,0.2669642553555036,1.0159177021558772,0.0,nan,296.28939501833446,11.109821616846135
longest_prefix,none,0,635.0849914879961,38,0.7326169405815424,0.23871864705233747,0.8445858365118379,0.0,nan,296.28939501833446,11.109821616846135
longest_prefix,none,0,640.0849914879961,42,0.7038917089678511,0.2507371117541197,0.7756237069962413,0.0,nan,296.28939501833446,11.109821616846135
longest_prefix,none,0,645.0849914879961,48,0.7434503213049926,0.21519212332981397,0.784936778173932,0.0,nan,296.28939501833446,11.109821616846135
longest_prefix,none,0,650.0849914879961,33,0.717595944967415,0.20000000000004547,0.713280000000027,0.0,nan,296.28939501833446,11.109821616846135
longest_prefix,none,0,655.0849914879961,41,0.7446083995459705,0.2480000000000473,1.2075715292379758,0.0,nan,296.28939501833446,11.109821616846135
longest_prefix,none,0,660.0849914879961,33,0.7257264351523742,0.2319999999999709,0.6644965641797762,0.0,nan,296.28939501833446,11.109821616846135
longest_prefix,none,0,665.0849914879961,39,0.7096577017114915,0.21600000000000819,0.8679498104927093,0.0,nan,296.28939501833446,11.109821616846135
longest_prefix,none,0,670.0849914879961,31,0.7761790567545963,0.15707303736473932,0.4416577051128115,0.0,nan,296.28939501833446,11.109821616846135
longest_prefix,none,0,675.0849914879961,34,0.7524204702627939,0.2480000000000473,0.6735851311973727,0.0,nan,296.28939501833446,11.109821616846135
longest_prefix,none,0,680.0849914879961,43,0.7470817120622568,0.21600000000000819,0.8828834532023824,0.0,nan,296.28939501833446,11.109821616846135
longest_prefix,none,0,685.0849914879961,44,0.728579325594251,0.2545403383090843,1.2509665372534198,0.0,nan,296.28939501833446,11.109821616846135
longest_prefix,none,0,690.0849914879961,45,0.7571660356949702,0.21778897160140787,0.8834226791980883,0.0,nan,296.28939501833446,11.109821616846135
longest_prefix,none,0,695.0849914879961,48,0.7570231641202563,0.23510638613907986,0.7019643739011214,0.0,nan,296.28939501833446,11.109821616846135
longest_prefix,none,0,700.0849914879961,43,0.7115063924402446,0.2407424299235572,1.6950930163361246,0.0,nan,296.28939501833446,11.109821616846135
longest_prefix,none,0,705.0849914879961,46,0.7423764458464774,0.24211028928942824,0.8830071926605625,0.0,nan,296.28939501833446,11.109821616846135
longest_prefix,none,0,710.0849914879961,42,0.7171717171717171,0.23532357800763748,0.8901432176352473,0.0,nan,296.28939501833446,11.109821616846135
longest_prefix,none,0,715.0849914879961,37,0.7148387096774194,0.2480000000000473,0.6989476473147533,0.0,nan,296.28939501833446,11.109821616846135
longest_prefix,none,0,720.0849914879961,46,0.7747077577045696,0.18796225746058326,0.5969778346504255,0.0,nan,296.28939501833446,11.109821616846135
longest_prefix,none,0,725.0849914879961,33,0.7551622418879056,0.16800000000000637,0.500942892638327,0.0,nan,296.28939501833446,11.109821616846135
longest_prefix,none,0,730.0849914879961,47,0.7194685743484925,0.20974360501293177,0.7269075512371682,0.0,nan,296.28939501833446,11.109821616846135
longest_prefix,none,0,735.0849914879961,37,0.7161125319693095,0.21974896418100798,1.8156176571877267,0.0,nan,296.28939501833446,11.109821616846135
longest_prefix,none,0,740.0849914879961,5,0.7960199004975125,0.17966922327548218,0.19936000000004242,0.0,nan,296.28939501833446,11.109821616846135
longest_prefix,none,1,0.13412862829656735,33,0.43867243867243866,0.744,1.7661667010736755,0.0,nan,301.3564596279388,11.109821616846135
longest_prefix,none,1,5.134128628296567,37,0.7551020408163265,0.1851300823733908,0.670536666967964,0.0,nan,301.3564596279388,11.109821616846135
longest_prefix,none,1,10.134128628296567,46,0.7341902313624679,0.23199246551314,0.9019176902842613,0.0,nan,301.3564596279388,11.109821616846135
longest_prefix,none,1,15.134128628296567,40,0.7468581687612208,0.2351198538081487,0.691282221633685,0.0,nan,301.3564596279388,11.109821616846135
longest_prefix,none,1,20.134128628296565,42,0.6811512415349887,0.22747737957825365,0.8993238053264617,0.0,nan,301.3564596279388,11.109821616846135
longest_prefix,none,1,25.134128628296565,31,0.7067783701447068,0.20974391550634053,0.6896000000000014,0.0,nan,301.3564596279388,11.109821616846135
longest_prefix,none,1,30.134128628296565,32,0.7048458149779736,0.21105525987197282,0.7363200000000035,0.0,nan,301.3564596279388,11.109821616846135
longest_prefix,none,1,35.134128628296565,38,0.7345679012345679,0.2575408249988804,0.6173059539212524,0.0,nan,301.3564596279388,11.109821616846135
longest_prefix,none,1,40.134128628296565,25,0.689784442361762,0.1952114631638011,0.7561599999999984,0.0,nan,301.3564596279388,11.109821616846135
longest_prefix,none,1,45.134128628296565,28,0.7386934673366834,0.22286892666157598,0.4458835418949968,0.0,nan,301.3564596279388,11.109821616846135
longest_prefix,none,1,50.134128628296565,39,0.7454100367197063,0.239027322704068,1.1052017973890964,0.0,nan,301.3564596279388,11.109821616846135
longest_prefix,none,1,55.134128628296565,39,0.7180109157064888,0.24011510408722359,1.0658162292418014,0.0,nan,301.3564596279388,11.109821616846135
longest_prefix,none,1,60.134128628296565,45,0.7425796006475985,0.1891065157877847,0.6627199999999996,0.0,nan,301.3564596279388,11.109821616846135
longest_prefix,none,1,65.13412862829657,40,0.6981689308919079,0.24237307781555018,0.882864784956668,0.0,nan,301.3564596279388,11.109821616846135
longest_prefix,none,1,70.13412862829657,37,0.7373417721518988,0.25602105938095576,0.7664593208111177,0.0,nan,301.3564596279388,11.109821616846135
longest_prefix,none,1,75.13412862829657,49,0.7174435367611726,0.28240934301739173,1.184828123328519,0.0,nan,301.3564596279388,11.109821616846135
longest_prefix,none,1,80.13412862829657,51,0.7209302325581395,0.31088245328660946,0.8490473646764087,0.0,nan,301.3564596279388,11.109821616846135
longest_prefix,none,1,85.13412862829657,38,0.7281921618204804,0.22227461113257618,0.8385731242307404,0.0,nan,301.3564596279388,11.109821616846135
longest_prefix,none,1,90.13412862829657,41,0.7336476134354744,0.23710340500414873,0.866375021618123,0.0,nan,301.3564596279388,11.109821616846135
longest_prefix,none,1,95.13412862829657,44,0.75,0.2538094637701178,0.6714468197379999,0.0,nan,301.3564596279388,11.109821616846135
longest_prefix,none,1,100.13412862829657,39,0.7520098948670377,0.2907118648606115,0.8297862915844045,0.0,nan,301.3564596279388,11.109821616846135
longest_prefix,none,1,105.13412862829657,35,0.7167325428194994,0.23966805519567913,0.7470998921999888,0.0,nan,301.3564596279388,11.109821616846135
longest_prefix,none,1,110.13412862829657,28,0.7260504201680672,0.22399999999999665,0.5681076547987701,0.0,nan,301.3564596279388,11.109821616846135
longest_prefix,none,1,115.13412862829657,40,0.7077997671711292,0.23941690723632547,0.753760000000003,0.0,nan,301.3564596279388,11.109821616846135
longest_prefix,none,1,120.13412862829657,47,0.7016828148903621,0.5579116449596313,1.1654979192965784,0.0,nan,301.3564596279388,11.109821616846135
longest_prefix,none,1,125.13412862829657,52,0.7241693218024579,0.48521733769881337,1.6599243817962648,0.0,nan,301.3564596279388,11.109821616846135
longest_prefix,none,1,130.13412862829657,39,0.7162734422262553,0.29293524004054916,1.2282505107541715,0.0,nan,301.3564596279388,11.109821616846135
longest_prefix,none,1,135.13412862829657,40,0.7158956109134045,0.23193671308740704,0.7900978711502151,0.0,nan,301.3564596279388,11.109821616846135
longest_prefix,none,1,140.13412862829657,43,0.6855870895937674,0.2694047032684068,1.278885466897251,0.0,nan,301.3564596279388,11.109821616846135
longest_prefix,none,1,145.13412862829657,39,0.7451573849878934,0.22947269863186648,0.5843213041472698,0.0,nan,301.3564596279388,11.109821616846135
longest_prefix,none,1,150.13412862829657,44,0.7366720516962844,0.3015062870483973,0.9765319458093032,0.0,nan,301.3564596279388,11.109821616846135
longest_prefix,none,1,155.13412862829657,43,0.7422447828539199,0.22253793384021492,1.1857662324556102,0.0,nan,301.3564596279388,11.109821616846135
longest_prefix,none,1,160.13412862829657,36,0.7272139625080801,0.28357630183158733,0.8083115347247299,0.0,nan,301.3564596279388,11.109821616846135
longest_prefix,none,1,165.13412862829657,36,0.7402511566424322,0.2524733785133151,0.8515562553084645,0.0,nan,301.3564596279388,11.109821616846135
longest_prefix,none,1,170.13412862829657,37,0.7544204322200393,0.22703824237240156,0.609482874712187,0.0,nan,301.3564596279388,11.109821616846135
longest_prefix,none,1,175.13412862829657,45,0.7222222222222222,0.2700898588985865,0.8883594286545978,0.0,nan,301.3564596279388,11.109821616846135
longest_prefix,none,1,180.13412862829657,46,0.745417515274949,0.7208092908479102,2.804251806126011,0.0,nan,301.3564596279388,11.109821616846135
longest_prefix,none,1,185.13412862829657,35,0.6668900804289544,0.7439999999999998,3.1673100396955345,0.0,nan,301.3564596279388,11.109821616846135
longest_prefix,none,1,190.13412862829657,47,0.7340372046254399,1.4331336906689387,3.6906587856119244,0.0,nan,301.3564596279388,11.109821616846135
longest_prefix,none,1,195.13412862829657,39,0.7313156269302038,0.3282528109573093,2.7994556782384494,0.0,nan,301.3564596279388,11.109821616846135
longest_prefix,none,1,200.13412862829657,34,0.7350069735006973,2.001940388924851,2.9040033456882863,0.0,nan,301.3564596279388,11.109821616846135
longest_prefix,none,1,205.13412862829657,34,0.7553648068669528,0.4612561055256066,2.501462030683248,0.0,nan,301.3564596279388,11.109821616846135
longest_prefix,none,1,210.13412862829657,34,0.7467625899280576,0.17600000000000193,1.2094608648492706,0.0,nan,301.3564596279388,11.109821616846135
longest_prefix,none,1,215.13412862829657,35,0.7106325706594886,0.23199999999999932,0.7821138036400801,0.0,nan,301.3564596279388,11.109821616846135
longest_prefix,none,1,220.13412862829657,30,0.7811228641171685,0.19503189941465848,0.35954346098941303,0.0,nan,301.3564596279388,11.109821616846135
longest_prefix,none,1,225.13412862829657,34,0.7065910701630049,0.2437143791356391,0.6684579754596844,0.0,nan,301.3564596279388,11.109821616846135
longest_prefix,none,1,230.13412862829657,45,0.7204244031830239,0.4579723729316072,2.0138640686204727,0.0,nan,301.3564596279388,11.109821616846135
longest_prefix,none,1,235.13412862829657,45,0.7194546407970634,0.2563457336058548,0.8179208245014503,0.0,nan,301.3564596279388,11.109821616846135
longest_prefix,none,1,240.13412862829657,35,0.7292225201072386,0.24799999999999045,1.1012347209346565,0.0,nan,301.3564596279388,11.109821616846135
longest_prefix,none,1,245.13412862829657,36,0.7003968253968254,0.21528444157081594,0.7652993792462098,0.0,nan,301.3564596279388,11.109821616846135
longest_prefix,none,1,250.13412862829657,42,0.7396247868106879,0.21851535879544315,0.9638732213362654,0.0,nan,301.3564596279388,11.109821616846135
longest_prefix,none,1,255.13412862829657,39,0.7320891029500302,0.2193000688266693,1.5086839870251476,0.0,nan,301.3564596279388,11.109821616846135
longest_prefix,none,1,260.1341286282966,33,0.7007299270072993,0.21600000000000819,1.2544097787175519,0.0,nan,301.3564596279388,11.109821616846135
longest_prefix,none,1,265.1341286282966,33,0.7724945135332846,0.2681815499606728,0.7915518573784925,0.0,nan,301.3564596279388,11.109821616846135
longest_prefix,none,1,270.1341286282966,42,0.767162471395881,0.24541204215333323,0.7616638662403247,0.0,nan,301.3564596279388,11.109821616846135
longest_prefix,none,1,275.1341286282966,38,0.7191011235955056,0.2519423358883728,1.6802584788858066,0.0,nan,301.3564596279388,11.109821616846135
longest_prefix,none,1,280.1341286282966,38,0.74,0.21876987947200632,0.6564087924462416,0.0,nan,301.3564596279388,11.109821616846135
longest_prefix,none,1,285.1341286282966,39,0.7215112736136502,0.2736038802456733,1.321315869865557,0.0,nan,301.3564596279388,11.109821616846135
longest_prefix,none,1,290.1341286282966,51,0.7447108603667136,0.32773198420426297,0.899273438564677,0.0,nan,301.3564596279388,11.109821616846135
longest_prefix,none,1,295.1341286282966,47,0.7622909275215408,0.26400000000001,1.2701121489490605,0.0,nan,301.3564596279388,11.109821616846135
longest_prefix,none,1,300.1341286282966,44,0.7033805888767721,0.4462920515370854,0.9993975638746428,0.0,nan,301.3564596279388,11.109821616846135
longest_prefix,none,1,305.1341286282966,38,0.7114051669817265,0.2850528427143786,0.8572770982651491,0.0,nan,301.3564596279388,11.109821616846135
longest_prefix,none,1,310.1341286282966,31,0.7447633824670287,0.199547348828105,0.5518302362058363,0.0,nan,301.3564596279388,11.109821616846135
longest_prefix,none,1,315.1341286282966,36,0.7243886318572372,0.22137020049660805,1.1174757687011803,0.0,nan,301.3564596279388,11.109821616846135
longest_prefix,none,1,320.1341286282966,33,0.678726483357453,0.45199387450918493,0.7743776606699635,0.0,nan,301.3564596279388,11.109821616846135
longest_prefix,none,1,325.1341286282966,45,0.7048066875653083,0.3869740946797151,1.4508917069378486,0.0,nan,301.3564596279388,11.109821616846135
longest_prefix,none,1,330.1341286282966,33,0.7781871775976419,0.26400000000001,1.3563612266585345,0.0,nan,301.3564596279388,11.109821616846135
longest_prefix,none,1,335.1341286282966,33,0.6642806012884753,0.23092770878002966,0.7119999999999891,0.0,nan,301.3564596279388,11.109821616846135
longest_prefix,none,1,340.1341286282966,28,0.7455166524338173,0.19956207035576767,0.5802500857315551,0.0,nan,301.3564596279388,11.109821616846135
longest_prefix,none,1,345.1341286282966,44,0.7055702917771883,0.2843073321991483,1.208632472700806,0.0,nan,301.3564596279388,11.109821616846135
longest_prefix,none,1,350.1341286282966,44,0.7623172712506767,0.22659316923832762,0.6802338472886725,0.0,nan,301.3564596279388,11.109821616846135
longest_prefix,none,1,355.1341286282966,33,0.7223396758280479,0.23391439582024987,0.6506010449830568,0.0,nan,301.3564596279388,11.109821616846135
longest_prefix,none,1,360.1341286282966,43,0.6994444444444444,0.2696191702583519,0.8743988078643984,0.0,nan,301.3564596279388,11.109821616846135
longest_prefix,none,1,365.1341286282966,40,0.7343283582089553,0.261033342343012,0.8756289224580944,0.0,nan,301.3564596279388,11.109821616846135
longest_prefix,none,1,370.1341286282966,45,0.7265415549597856,0.23882647629079656,0.743965719092305,0.0,nan,301.3564596279388,11.109821616846135
longest_prefix,none,1,375.1341286282966,45,0.706279190451479,0.2314353818490531,1.3719531214193674,0.0,nan,301.3564596279388,11.109821616846135
longest_prefix,none,1,380.1341286282966,43,0.7309589041095891,0.38645880930516796,1.5327506284080539,0.0,nan,301.3564596279388,11.109821616846135
longest_prefix,none,1,385.1341286282966,58,0.7552795031055901,1.123011829942044,3.49384986644944,0.0,nan,301.3564596279388,11.109821616846135
longest_prefix,none,1,390.1341286282966,42,0.7539954337899544,0.4315169661455798,3.8288331402950493,0.0,nan,301.3564596279388,11.109821616846135
longest_prefix,none,1,395.1341286282966,43,0.7636566332218506,0.25550685873707835,3.0813263433439824,0.0,nan,301.3564596279388,11.109821616846135
longest_prefix,none,1,400.1341286282966,39,0.7464702271332105,0.2879699583465367,2.349075917471632,0.0,nan,301.3564596279388,11.109821616846135
longest_prefix,none,1,405.1341286282966,39,0.7067714631197098,0.3101937182718757,1.468351874810404,0.0,nan,301.3564596279388,11.109821616846135
longest_prefix,none,1,410.1341286282966,38,0.7170518425983761,0.353675192233311,0.7598010001557055,0.0,nan,301.3564596279388,11.109821616846135
longest_prefix,none,1,415.1341286282966,44,0.7437929212889594,0.48221160112450434,2.220847456264075,0.0,nan,301.3564596279388,11.109821616846135
longest_prefix,none,1,420.1341286282966,32,0.7267399267399267,0.3607506138692713,1.7350759327453604,0.0,nan,301.3564596279388,11.109821616846135
longest_prefix,none,1,425.1341286282966,37,0.7514677103718199,0.27299372532360167,0.9954580279438483,0.0,nan,301.3564596279388,11.109821616846135
longest_prefix,none,1,430.1341286282966,39,0.7355421686746988,0.23568520052850772,0.9421194574339311,0.0,nan,301.3564596279388,11.109821616846135
longest_prefix,none,1,435.1341286282966,40,0.7487684729064039,0.1857933728267085,0.6035199999999924,0.0,nan,301.3564596279388,11.109821616846135
longest_prefix,none,1,440.1341286282966,40,0.7450746268656716,0.24919883833001677,0.8746183078084436,0.0,nan,301.3564596279388,11.109821616846135
longest_prefix,none,1,445.1341286282966,41,0.7229056824838899,0.27610089365026624,0.8030028036063414,0.0,nan,301.3564596279388,11.109821616846135
longest_prefix,none,1,450.1341286282966,28,0.7554806070826307,0.2046830660661101,0.5319048457437151,0.0,nan,301.3564596279388,11.109821616846135
longest_prefix,none,1,455.1341286282966,34,0.741391426563598,0.2205910821616044,0.6377077618133663,0.0,nan,301.3564596279388,11.109821616846135
longest_prefix,none,1,460.1341286282966,41,0.7677004095962551,0.2542094530614918,0.4058930891966043,0.0,nan,301.3564596279388,11.109821616846135
longest_prefix,none,1,465.1341286282966,49,0.7126829268292683,0.3962237408213696,1.720335642385475,0.0,nan,301.3564596279388,11.109821616846135
longest_prefix,none,1,470.1341286282966,39,0.750609756097561,0.24799999999999045,1.264811230073597,0.0,nan,301.3564596279388,11.109821616846135
longest_prefix,none,1,475.1341286282966,42,0.7054833239118146,0.2555139680091827,1.0243619844786824,0.0,nan,301.3564596279388,11.109821616846135
longest_prefix,none,1,480.1341286282966,49,0.743038593063019,0.4676823894622544,1.8572150169465653,0.0,nan,301.3564596279388,11.109821616846135
longest_prefix,none,1,485.1341286282966,36,0.75,0.3631240771069031,1.9093170574599807,0.0,nan,301.3564596279388,11.109821616846135
longest_prefix,none,1,490.1341286282966,40,0.7371871275327772,0.23248441224737348,0.6935173901444636,0.0,nan,301.3564596279388,11.109821616846135
longest_prefix,none,1,495.1341286282966,42,0.738831615120275,0.2439869922355058,0.698011773062809,0.0,nan,301.3564596279388,11.109821616846135
longest_prefix,none,1,500.1341286282966,31,0.7345065034429993,0.21600000000000819,1.1513000888498595,0.0,nan,301.3564596279388,11.109821616846135
longest_prefix,none,1,505.1341286282966,48,0.7226313205694649,0.3650240791079966,1.4993681931685199,0.0,nan,301.3564596279388,11.109821616846135
longest_prefix,none,1,510.1341286282966,55,0.7513043478260869,0.3015011366408089,1.0388007745629284,0.0,nan,301.3564596279388,11.109821616846135
longest_prefix,none,1,515.1341286282966,36,0.7277452891487979,0.26759117397165255,1.0208968331011419,0.0,nan,301.3564596279388,11.109821616846135
longest_prefix,none,1,520.1341286282966,51,0.6329346826126955,0.3780069206460439,1.9743492600086938,0.0,nan,301.3564596279388,11.109821616846135
longest_prefix,none,1,525.1341286282966,36,0.6978832584990379,0.2541594154779432,0.7107096117914409,0.0,nan,301.3564596279388,11.109821616846135
longest_prefix,none,1,530.1341286282966,45,0.7327677624602333,0.36883005098877675,1.1701951961891794,0.0,nan,301.3564596279388,11.109821616846135
longest_prefix,none,1,535.1341286282966,50,0.7335243553008596,0.7172751515126379,1.899293742797691,0.0,nan,301.3564596279388,11.109821616846135
longest_prefix,none,1,540.1341286282966,49,0.735632183908046,0.47367334399018546,1.9117736524361078,0.0,nan,301.3564596279388,11.109821616846135
longest_prefix,none,1,545.1341286282966,42,0.7199100112485939,0.2397213624455503,1.3215300250747017,0.0,nan,301.3564596279388,11.109821616846135
longest_prefix,none,1,550.1341286282966,32,0.7180254300673149,0.26400000000001,0.9579121453245878,0.0,nan,301.3564596279388,11.109821616846135
longest_prefix,none,1,555.1341286282966,44,0.7360655737704918,0.2480000000000473,0.8487906433691762,0.0,nan,301.3564596279388,11.109821616846135
longest_prefix,none,1,560.1341286282966,50,0.7530384054448226,0.30815317095198225,1.2873894244396102,0.0,nan,301.3564596279388,11.109821616846135
longest_prefix,none,1,565.1341286282966,33,0.7759000734753857,0.26400000000001,0.9020257033400594,0.0,nan,301.3564596279388,11.109821616846135
longest_prefix,none,1,570.1341286282966,36,0.745608327911516,0.21600000000000819,0.5063650931540337,0.0,nan,301.3564596279388,11.109821616846135
longest_prefix,none,1,575.1341286282966,38,0.783203125,0.17085847017477818,0.6856946294139336,0.0,nan,301.3564596279388,11.109821616846135
longest_prefix,none,1,580.1341286282966,42,0.7305122494432071,0.27548422033322595,0.7957580653858337,0.0,nan,301.3564596279388,11.109821616846135
longest_prefix,none,1,585.1341286282966,37,0.7147415443522654,0.6319999999999482,1.4069521782345829,0.0,nan,301.3564596279388,11.109821616846135
longest_prefix,none,1,590.1341286282966,40,0.7353463587921847,0.3297083588149121,1.0585127132605634,0.0,nan,301.3564596279388,11.109821616846135
longest_prefix,none,1,595.1341286282966,50,0.7165467625899281,0.8458325760954608,2.2469771736880646,0.0,nan,301.3564596279388,11.109821616846135
longest_prefix,none,1,600.1341286282966,41,0.726952436876101,0.6405535861168801,2.678240326368473,0.0,nan,301.3564596279388,11.109821616846135
longest_prefix,none,1,605.1341286282966,34,0.760806916426513,0.19320774733188273,1.5592536175025296,0.0,nan,301.3564596279388,11.109821616846135
longest_prefix,none,1,610.1341286282966,39,0.7298136645962733,0.22481036618478356,0.9714978931149694,0.0,nan,301.3564596279388,11.109821616846135
longest_prefix,none,1,615.1341286282966,34,0.7374301675977654,0.2543609007498162,0.8345292126111726,0.0,nan,301.3564596279388,11.109821616846135
longest_prefix,none,1,620.1341286282966,33,0.7702407002188184,0.19034731740259758,0.5812664718452469,0.0,nan,301.3564596279388,11.109821616846135
longest_prefix,none,1,625.1341286282966,41,0.736046511627907,0.3315264221768075,1.1215451009710025,0.0,nan,301.3564596279388,11.109821616846135
longest_prefix,none,1,630.1341286282966,41,0.7659198113207547,0.5638818728328943,1.7256365098681046,0.0,nan,301.3564596279388,11.109821616846135
longest_prefix,none,1,635.1341286282966,55,0.7563025210084033,0.37165596246052246,1.6431225479254272,0.0,nan,301.3564596279388,11.109821616846135
longest_prefix,none,1,640.1341286282966,37,0.7389352148813342,0.27614750249142617,1.6280562784952646,0.0,nan,301.3564596279388,11.109821616846135
longest_prefix,none,1,645.1341286282966,32,0.7607361963190185,0.19539135308269806,0.7104341983335589,0.0,nan,301.3564596279388,11.109821616846135
longest_prefix,none,1,650.1341286282966,42,0.7170868347338936,0.20930827141307873,1.105133289562112,0.0,nan,301.3564596279388,11.109821616846135
longest_prefix,none,1,655.1341286282966,38,0.7414664981036663,0.2444354769036181,0.6908745698724988,0.0,nan,301.3564596279388,11.109821616846135
longest_prefix,none,1,660.1341286282966,46,0.7216811891337775,0.2820027996647809,1.0576680000687522,0.0,nan,301.3564596279388,11.109821616846135
longest_prefix,none,1,665.1341286282966,45,0.7209302325581395,0.26400000000001,1.1711236413924235,0.0,nan,301.3564596279388,11.109821616846135
longest_prefix,none,1,670.1341286282966,39,0.703923900118906,0.6472638838724833,1.5157834284861924,0.0,nan,301.3564596279388,11.109821616846135
longest_prefix,none,1,675.1341286282966,39,0.7093596059113301,0.2480000000000473,0.7673650526379808,0.0,nan,301.3564596279388,11.109821616846135
longest_prefix,none,1,680.1341286282966,33,0.7433116413593637,0.21596004089781218,0.6004355012331917,0.0,nan,301.3564596279388,11.109821616846135
longest_prefix,none,1,685.1341286282966,43,0.7413127413127413,0.2635615789288295,0.7061365625741723,0.0,nan,301.3564596279388,11.109821616846135
longest_prefix,none,1,690.1341286282966,44,0.7195121951219512,0.26400000000001,1.2691735748886674,0.0,nan,301.3564596279388,11.109821616846135
longest_prefix,none,1,695.1341286282966,29,0.730092204526404,0.20924299038824756,0.9076027431690815,0.0,nan,301.3564596279388,11.109821616846135
longest_prefix,none,1,700.1341286282966,38,0.7384615384615385,0.27869994034364254,0.9293389995899319,0.0,nan,301.3564596279388,11.109821616846135
longest_prefix,none,1,705.1341286282966,33,0.6847360912981455,0.26400000000001,0.8292747855772722,0.0,nan,301.3564596279388,11.109821616846135
longest_prefix,none,1,710.1341286282966,51,0.7564162389174055,0.29262204237704736,1.6133664935210277,0.0,nan,301.3564596279388,11.109821616846135
longest_prefix,none,1,715.1341286282966,43,0.7598012147984539,0.3085021640620198,1.683722412867512,0.0,nan,301.3564596279388,11.109821616846135
longest_prefix,none,1,720.1341286282966,43,0.7437742114001107,0.267953844435624,0.6659161996000079,0.0,nan,301.3564596279388,11.109821616846135
longest_prefix,none,1,725.1341286282966,36,0.7451763140385895,0.21357791294229855,0.5913785024232197,0.0,nan,301.3564596279388,11.109821616846135
longest_prefix,none,1,730.1341286282966,28,0.7539267015706806,0.21693021478665742,0.7709962147483476,0.0,nan,301.3564596279388,11.109821616846135
longest_prefix,none,1,735.1341286282966,39,0.7429274292742928,0.2114087480354101,1.1888047826295718,0.0,nan,301.3564596279388,11.109821616846135
longest_prefix,none,1,740.1341286282966,39,0.7385180649112064,0.49616415728780794,1.404490521373011,0.0,nan,301.3564596279388,11.109821616846135
longest_prefix,none,1,745.1341286282966,48,0.7258382642998028,0.4372446150431415,2.5359974782339387,0.0,nan,301.3564596279388,11.109821616846135
longest_prefix,none,1,750.1341286282966,33,0.6976090014064698,0.42553492545062,2.3634071144392146,0.0,nan,301.3564596279388,11.109821616846135
longest_prefix,none,2,0.01623264200049831,44,0.5665236051502146,0.41780408052535123,1.394704567075792,0.0,nan,296.93566534318944,11.109821616846135
longest_prefix,none,2,5.016232642000499,34,0.7394957983193278,0.23597210186293127,0.818434872643334,0.0,nan,296.93566534318944,11.109821616846135
longest_prefix,none,2,10.0162326420005,48,0.6807558428642466,0.28424142334815183,1.1303993426964072,0.0,nan,296.93566534318944,11.109821616846135
longest_prefix,none,2,15.0162326420005,50,0.7178638941398866,0.42038147275458115,1.3710539016257648,0.0,nan,296.93566534318944,11.109821616846135
longest_prefix,none,2,20.0162326420005,37,0.7365384615384616,0.24944654964014035,0.6779677963985278,0.0,nan,296.93566534318944,11.109821616846135
longest_prefix,none,2,25.0162326420005,41,0.6977272727272728,0.3546793817575953,1.0563078105073922,0.0,nan,296.93566534318944,11.109821616846135
longest_prefix,none,2,30.0162326420005,41,0.7476470588235294,0.24509642508097684,0.8980654771037395,0.0,nan,296.93566534318944,11.109821616846135
longest_prefix,none,2,35.0162326420005,40,0.6863446630888491,0.21075344499941195,0.7499614699616824,0.0,nan,296.93566534318944,11.109821616846135
longest_prefix,none,2,40.0162326420005,43,0.7520984890878567,0.25061553022631955,1.1199156464749689,0.0,nan,296.93566534318944,11.109821616846135
longest_prefix,none,2,45.0162326420005,28,0.7441860465116279,0.16609765468399829,0.6681326309347629,0.0,nan,296.93566534318944,11.109821616846135
longest_prefix,none,2,50.0162326420005,47,0.7409484956654768,0.2029059140076086,0.6397374282393097,0.0,nan,296.93566534318944,11.109821616846135
longest_prefix,none,2,55.0162326420005,31,0.711453744493392,0.2193317357398641,0.5074133839349478,0.0,nan,296.93566534318944,11.109821616846135
longest_prefix,none,2,60.0162326420005,38,0.76,0.21599999999999753,0.41353274464889556,0.0,nan,296.93566534318944,11.109821616846135
longest_prefix,none,2,65.0162326420005,42,0.6992567181246426,0.2615610320319064,0.9606737508377406,0.0,nan,296.93566534318944,11.109821616846135
longest_prefix,none,2,70.0162326420005,39,0.748780487804878,0.2430529935771233,1.041528467528129,0.0,nan,296.93566534318944,11.109821616846135
longest_prefix,none,2,75.0162326420005,39,0.7211714460036608,0.28734889417681586,1.2469720524315724,0.0,nan,296.93566534318944,11.109821616846135
longest_prefix,none,2,80.0162326420005,36,0.7214334009465855,0.20325632020726658,0.6684122805788312,0.0,nan,296.93566534318944,11.109821616846135
longest_prefix,none,2,85.0162326420005,50,0.7179856115107913,0.25806173508779295,0.9451150864015526,0.0,nan,296.93566534318944,11.109821616846135
longest_prefix,none,2,90.0162326420005,40,0.702527924750147,0.22303010386037414,1.0491095121193665,0.0,nan,296.93566534318944,11.109821616846135
longest_prefix,none,2,95.0162326420005,44,0.750402576489533,0.223189430502444,0.931395206097335,0.0,nan,296.93566534318944,11.109821616846135
longest_prefix,none,2,100.0162326420005,44,0.7042404723564144,0.2372646802791749,0.9265946398502087,0.0,nan,296.93566534318944,11.109821616846135
longest_prefix,none,2,105.0162326420005,41,0.7234782608695652,0.2570123818602781,0.8600324815056271,0.0,nan,296.93566534318944,11.109821616846135
longest_prefix,none,2,110.0162326420005,50,0.7144893111638955,0.24888920369475187,1.120216746358999,0.0,nan,296.93566534318944,11.109821616846135
longest_prefix,none,2,115.0162326420005,44,0.7594390507011867,0.3250057205911503,0.8402970661094966,0.0,nan,296.93566534318944,11.109821616846135
longest_prefix,none,2,120.0162326420005,40,0.711006474396704,0.26976768006503704,1.3400129631134188,0.0,nan,296.93566534318944,11.109821616846135
longest_prefix,none,2,125.0162326420005,46,0.7293076522644456,0.3133990720720661,3.1661097409380305,0.0,nan,296.93566534318944,11.109821616846135
longest_prefix,none,2,130.0162326420005,29,0.7305533279871692,0.49727123837053,2.0629326808336383,0.0,nan,296.93566534318944,11.109821616846135
longest_prefix,none,2,135.0162326420005,41,0.7177006260671599,0.22124114071996814,0.627119918425348,0.0,nan,296.93566534318944,11.109821616846135
longest_prefix,none,2,140.0162326420005,60,0.7393595460072964,0.2902425212332673,1.3857854717477858,0.0,nan,296.93566534318944,11.109821616846135
longest_prefix,none,2,145.0162326420005,24,0.7041540020263425,0.24169506991184164,1.0024088235634163,0.0,nan,296.93566534318944,11.109821616846135
longest_prefix,none,2,150.0162326420005,41,0.7362250879249707,0.20354081870601703,0.720118139847631,0.0,nan,296.93566534318944,11.109821616846135
longest_prefix,none,2,155.0162326420005,34,0.7231638418079096,0.21957278264049762,0.7424525284237637,0.0,nan,296.93566534318944,11.109821616846135
longest_prefix,none,2,160.0162326420005,44,0.7482327351821643,0.24057401058249184,0.7814878415593501,0.0,nan,296.93566534318944,11.109821616846135
longest_prefix,none,2,165.0162326420005,37,0.6970873786407767,0.27091598039260134,0.8806600594385874,0.0,nan,296.93566534318944,11.109821616846135
longest_prefix,none,2,170.0162326420005,41,0.7616550116550117,0.1839999999999975,0.3618075149998391,0.0,nan,296.93566534318944,11.109821616846135
longest_prefix,none,2,175.0162326420005,45,0.7038251366120218,0.22863098410789462,1.2703385757227246,0.0,nan,296.93566534318944,11.109821616846135
longest_prefix,none,2,180.0162326420005,35,0.7099596231493943,0.2535527082779936,0.8447239127948936,0.0,nan,296.93566534318944,11.109821616846135
longest_prefix,none,2,185.0162326420005,46,0.7441505595116988,0.24487929100581596,0.6377797718520242,0.0,nan,296.93566534318944,11.109821616846135
longest_prefix,none,2,190.0162326420005,41,0.7230590961761297,0.22257469930474372,0.9130866641770867,0.0,nan,296.93566534318944,11.109821616846135
longest_prefix,none,2,195.0162326420005,36,0.7361018084393838,0.2034421247577285,0.6727982196369026,0.0,nan,296.93566534318944,11.109821616846135
longest_prefix,none,2,200.0162326420005,41,0.7472270869819031,0.22389329218685816,0.7817767650187081,0.0,nan,296.93566534318944,11.109821616846135
longest_prefix,none,2,205.0162326420005,42,0.7127355796687607,0.24799999999999045,0.8565492057544847,0.0,nan,296.93566534318944,11.109821616846135
longest_prefix,none,2,210.0162326420005,38,0.7449748743718593,0.19806536178920453,0.6581476040293762,0.0,nan,296.93566534318944,11.109821616846135
longest_prefix,none,2,215.0162326420005,44,0.7244616234124793,0.2424582804563329,1.0072623220292856,0.0,nan,296.93566534318944,11.109821616846135
longest_prefix,none,2,220.0162326420005,53,0.6536388140161725,0.4443577292149996,1.3243715716343412,0.0,nan,296.93566534318944,11.109821616846135
longest_prefix,none,2,225.0162326420005,46,0.6783867631851086,0.503726102956648,1.2131424127089838,0.0,nan,296.93566534318944,11.109821616846135
longest_prefix,none,2,230.0162326420005,33,0.6912704045422285,0.26244486866164607,0.7896537976542595,0.0,nan,296.93566534318944,11.109821616846135
longest_prefix,none,2,235.0162326420005,55,0.6877944325481798,0.3168703138485398,1.9260944182816002,0.0,nan,296.93566534318944,11.109821616846135
longest_prefix,none,2,240.0162326420005,38,0.769620253164557,0.19072300790541874,0.7425302078150118,0.0,nan,296.93566534318944,11.109821616846135
longest_prefix,none,2,245.0162326420005,48,0.6860873932697137,0.25689024427708773,2.193714778062895,0.0,nan,296.93566534318944,11.109821616846135
longest_prefix,none,2,250.0162326420005,35,0.7018505825908157,0.26400000000001,1.713738639451541,0.0,nan,296.93566534318944,11.109821616846135
longest_prefix,none,2,255.0162326420005,41,0.6788990825688074,0.24970551250902417,0.934919495198659,0.0,nan,296.93566534318944,11.109821616846135
longest_prefix,none,2,260.0162326420005,40,0.7199526346950859,0.23784002064715537,0.7513678787654822,0.0,nan,296.93566534318944,11.109821616846135
longest_prefix,none,2,265.0162326420005,37,0.7239548772395488,0.18235877427997593,0.7680308953992175,0.0,nan,296.93566534318944,11.109821616846135
longest_prefix,none,2,270.0162326420005,59,0.7480635955972279,0.27984966583244386,1.2939750982034786,0.0,nan,296.93566534318944,11.109821616846135
longest_prefix,none,2,275.0162326420005,35,0.7095908786049631,0.26619454383774155,1.0539456883084515,0.0,nan,296.93566534318944,11.109821616846135
longest_prefix,none,2,280.0162326420005,32,0.7135217723453018,0.19681828046074656,0.8284895384974067,0.0,nan,296.93566534318944,11.109821616846135
longest_prefix,none,2,285.0162326420005,30,0.7290015847860539,0.2079999999999984,0.6292007704718547,0.0,nan,296.93566534318944,11.109821616846135
longest_prefix,none,2,290.0162326420005,47,0.7078934137757668,0.23200000000002774,0.8231240545444644,0.0,nan,296.93566534318944,11.109821616846135
longest_prefix,none,2,295.0162326420005,35,0.7421555252387448,0.18400000000002592,0.6221935935392955,0.0,nan,296.93566534318944,11.109821616846135
longest_prefix,none,2,300.0162326420005,38,0.742319749216301,0.21370825211351985,0.7875591247882114,0.0,nan,296.93566534318944,11.109821616846135
longest_prefix,none,2,305.0162326420005,47,0.7239074550128535,0.22968489454655128,1.4658200202685052,0.0,nan,296.93566534318944,11.109821616846135
longest_prefix,none,2,310.0162326420005,40,0.7692307692307693,0.18400000000002592,0.37861101709822376,0.0,nan,296.93566534318944,11.109821616846135
longest_prefix,none,2,315.0162326420005,36,0.7176781002638523,0.24799999999999045,0.9104408009491802,0.0,nan,296.93566534318944,11.109821616846135
longest_prefix,none,2,320.0162326420005,32,0.7193763919821826,0.25611615180713443,0.6217395571465479,0.0,nan,296.93566534318944,11.109821616846135
longest_prefix,none,2,325.0162326420005,39,0.6824644549763034,0.23862589953051838,0.9738508724008689,0.0,nan,296.93566534318944,11.109821616846135
longest_prefix,none,2,330.0162326420005,44,0.7122692725298588,0.23297118975699505,0.9117039500899075,0.0,nan,296.93566534318944,11.109821616846135
longest_prefix,none,2,335.0162326420005,51,0.7074829931972789,0.26400000000001,0.965817586677872,0.0,nan,296.93566534318944,11.109821616846135
longest_prefix,none,2,340.0162326420005,35,0.7242798353909465,0.1928408954029237,0.7152671508614952,0.0,nan,296.93566534318944,11.109821616846135
longest_prefix,none,2,345.0162326420005,33,0.7277298850574713,0.22622306615249954,0.6826932859347699,0.0,nan,296.93566534318944,11.109821616846135
longest_prefix,none,2,350.0162326420005,45,0.7168,0.24799999999999045,0.9535904743116567,0.0,nan,296.93566534318944,11.109821616846135
longest_prefix,none,2,355.0162326420005,48,0.7215568862275449,0.26515703917291944,0.9445967494879719,0.0,nan,296.93566534318944,11.109821616846135
longest_prefix,none,2,360.0162326420005,42,0.6461366181410975,0.29910483112030306,1.5728097537847086,0.0,nan,296.93566534318944,11.109821616846135
longest_prefix,none,2,365.0162326420005,38,0.6791995148574894,0.3304886414177588,1.379176453485049,0.0,nan,296.93566534318944,11.109821616846135
longest_prefix,none,2,370.0162326420005,41,0.6952544311034877,0.26400000000001,0.7896027217464962,0.0,nan,296.93566534318944,11.109821616846135
longest_prefix,none,2,375.0162326420005,48,0.6810215322984476,0.33468935919123055,1.462595373994958,0.0,nan,296.93566534318944,11.109821616846135
longest_prefix,none,2,380.0162326420005,39,0.752714113389626,0.24799999999999045,0.7384095538928542,0.0,nan,296.93566534318944,11.109821616846135
longest_prefix,none,2,385.0162326420005,35,0.6956521739130435,0.23964958499726663,0.7909157209197517,0.0,nan,296.93566534318944,11.109821616846135
longest_prefix,none,2,390.0162326420005,40,0.7492279184681903,0.19317870791130076,0.6172819087136281,0.0,nan,296.93566534318944,11.109821616846135
longest_prefix,none,2,395.0162326420005,49,0.7240889730241363,0.2357536374852316,0.714073620134013,0.0,nan,296.93566534318944,11.109821616846135
longest_prefix,none,2,400.0162326420005,36,0.7258587167854829,0.24094295469816984,0.7303564773118637,0.0,nan,296.93566534318944,11.109821616846135
longest_prefix,none,2,405.0162326420005,58,0.7105584997961679,0.41968324373587507,1.494796729903212,0.0,nan,296.93566534318944,11.109821616846135
longest_prefix,none,2,410.0162326420005,48,0.7311392405063292,0.21683435818016505,1.0963589285478856,0.0,nan,296.93566534318944,11.109821616846135
longest_prefix,none,2,415.0162326420005,35,0.7139107611548556,0.26400000000001,0.62792465569281,0.0,nan,296.93566534318944,11.109821616846135
longest_prefix,none,2,420.0162326420005,41,0.6803468208092486,0.24525690604900774,0.7437236682758454,0.0,nan,296.93566534318944,11.109821616846135
longest_prefix,none,2,425.0162326420005,33,0.7218045112781954,0.22783376308819925,0.6798563831758088,0.0,nan,296.93566534318944,11.109821616846135
longest_prefix,none,2,430.0162326420005,37,0.7422680412371134,0.23200000000002774,0.9356416047130689,0.0,nan,296.93566534318944,11.109821616846135
longest_prefix,none,2,435.0162326420005,29,0.7290480065093572,0.19999999999998863,0.6389380491230232,0.0,nan,296.93566534318944,11.109821616846135
longest_prefix,none,2,440.0162326420005,48,0.7057644110275689,0.2574985833735468,1.4711410738379231,0.0,nan,296.93566534318944,11.109821616846135
longest_prefix,none,2,445.0162326420005,41,0.6808510638297872,0.2753602462362892,1.1348279199498963,0.0,nan,296.93566534318944,11.109821616846135
longest_prefix,none,2,450.0162326420005,49,0.7066730676908305,0.24050669792734425,1.1065502598181909,0.0,nan,296.93566534318944,11.109821616846135
longest_prefix,none,2,455.0162326420005,36,0.6772486772486772,0.32078966139690124,1.0142478348036035,0.0,nan,296.93566534318944,11.109821616846135
longest_prefix,none,2,460.0162326420005,28,0.7323704333050127,0.18678739894713203,0.5473294297284753,0.0,nan,296.93566534318944,11.109821616846135
longest_prefix,none,2,465.0162326420005,42,0.7548906789413119,0.20512264934149016,0.5183954994416019,0.0,nan,296.93566534318944,11.109821616846135
longest_prefix,none,2,470.0162326420005,47,0.6889106967615309,0.27381171063524334,2.1369446514038817,0.0,nan,296.93566534318944,11.109821616846135
longest_prefix,none,2,475.0162326420005,49,0.7059952038369305,0.3819755575439103,1.1818428259810225,0.0,nan,296.93566534318944,11.109821616846135
longest_prefix,none,2,480.0162326420005,34,0.7196132596685083,0.27825425123941727,0.85945327244355,0.0,nan,296.93566534318944,11.109821616846135
longest_prefix,none,2,485.0162326420005,46,0.7449560269011899,0.23994741976349587,0.740365843174851,0.0,nan,296.93566534318944,11.109821616846135
longest_prefix,none,2,490.0162326420005,32,0.6706586826347305,0.2299358915773837,0.7081600000000021,0.0,nan,296.93566534318944,11.109821616846135
longest_prefix,none,2,495.0162326420005,34,0.7323055360896986,0.20140512274659272,0.9354592123870187,0.0,nan,296.93566534318944,11.109821616846135
longest_prefix,none,2,500.0162326420005,39,0.7349472377405338,0.17100596711679827,0.7666862509736743,0.0,nan,296.93566534318944,11.109821616846135
longest_prefix,none,2,505.0162326420005,38,0.744640605296343,0.21015106260850303,0.6557235447665292,0.0,nan,296.93566534318944,11.109821616846135
longest_prefix,none,2,510.0162326420005,37,0.7271548930654569,0.18399999999996908,0.6997553070261575,0.0,nan,296.93566534318944,11.109821616846135
longest_prefix,none,2,515.0162326420004,30,0.7735697018533441,0.18776944137181317,0.33778373214288654,0.0,nan,296.93566534318944,11.109821616846135
longest_prefix,none,2,520.0162326420004,40,0.7096774193548387,0.2514844064323256,0.8965838880328327,0.0,nan,296.93566534318944,11.109821616846135
longest_prefix,none,2,525.0162326420004,36,0.7102496714848883,0.22206862628348745,0.6687999999999761,0.0,nan,296.93566534318944,11.109821616846135
longest_prefix,none,2,530.0162326420004,47,0.7318435754189944,0.2909443152802851,1.2303929580353063,0.0,nan,296.93566534318944,11.109821616846135
longest_prefix,none,2,535.0162326420004,41,0.7189126662810873,0.21600000000000819,0.8122991532045263,0.0,nan,296.93566534318944,11.109821616846135
longest_prefix,none,2,540.0162326420004,51,0.7377904220009484,0.22882840616807698,0.9988814131367008,0.0,nan,296.93566534318944,11.109821616846135
longest_prefix,none,2,545.0162326420004,37,0.7341115434500648,0.23633247390739598,0.8728556597540593,0.0,nan,296.93566534318944,11.109821616846135
longest_prefix,none,2,550.0162326420004,40,0.763302752293578,0.16950053776537288,0.6190196300387015,0.0,nan,296.93566534318944,11.109821616846135
longest_prefix,none,2,555.0162326420004,39,0.7219512195121951,0.26400000000001,0.6203339276947235,0.0,nan,296.93566534318944,11.109821616846135
longest_prefix,none,2,560.0162326420004,52,0.7184115523465704,0.26967855616391034,0.9590750835188699,0.0,nan,296.93566534318944,11.109821616846135
longest_prefix,none,2,565.0162326420004,51,0.666353824495542,0.48824775598643555,2.2890880848658526,0.0,nan,296.93566534318944,11.109821616846135
longest_prefix,none,2,570.0162326420004,35,0.7057201929703653,0.18905149815577715,0.7556934022057316,0.0,nan,296.93566534318944,11.109821616846135
longest_prefix,none,2,575.0162326420004,35,0.7358885017421603,0.18804370391444536,0.6956799999999883,0.0,nan,296.93566534318944,11.109821616846135
longest_prefix,none,2,580.0162326420004,38,0.7648578811369509,0.20098047354582604,0.5227663346643333,0.0,nan,296.93566534318944,11.109821616846135
longest_prefix,none,2,585.0162326420004,37,0.7165706973768394,0.19711255529387017,0.827222860721463,0.0,nan,296.93566534318944,11.109821616846135
longest_prefix,none,2,590.0162326420004,44,0.7160362280234417,0.2728629026470344,1.753510481458559,0.0,nan,296.93566534318944,11.109821616846135
longest_prefix,none,2,595.0162326420004,41,0.7029988465974625,0.21952257787609142,0.8862900225817613,0.0,nan,296.93566534318944,11.109821616846135
longest_prefix,none,2,600.0162326420004,36,0.7361299052774019,0.21101367536033422,0.6903283455457881,0.0,nan,296.93566534318944,11.109821616846135
longest_prefix,none,2,605.0162326420004,37,0.7583936800526663,0.2224468713073975,0.9330140094344143,0.0,nan,296.93566534318944,11.109821616846135
longest_prefix,none,2,610.0162326420004,40,0.7081596188207266,0.2871533951262677,1.3187922405299002,0.0,nan,296.93566534318944,11.109821616846135
longest_prefix,none,2,615.0162326420004,50,0.7509578544061303,0.2495652890806923,1.047778296375029,0.0,nan,296.93566534318944,11.109821616846135
longest_prefix,none,2,620.0162326420004,33,0.6976069615663524,0.21600000000000819,0.8434519857717078,0.0,nan,296.93566534318944,11.109821616846135
longest_prefix,none,2,625.0162326420004,32,0.7062359128474831,0.23934905902473247,0.7646704402008879,0.0,nan,296.93566534318944,11.109821616846135
longest_prefix,none,2,630.0162326420004,41,0.7592267135325131,0.22421778201987763,0.783958344555117,0.0,nan,296.93566534318944,11.109821616846135
longest_prefix,none,2,635.0162326420004,42,0.7237507018528916,0.2796761542156787,0.7356076373791309,0.0,nan,296.93566534318944,11.109821616846135
longest_prefix,none,2,640.0162326420004,50,0.7124585504500237,0.2846962214005089,0.7483509706542439,0.0,nan,296.93566534318944,11.109821616846135
longest_prefix,none,2,645.0162326420004,36,0.7256922086284611,0.249509467650455,1.150668217706197,0.0,nan,296.93566534318944,11.109821616846135
longest_prefix,none,2,650.0162326420004,47,0.7165234967155129,0.26400000000001,0.9763482835320906,0.0,nan,296.93566534318944,11.109821616846135
longest_prefix,none,2,655.0162326420004,43,0.732448866777225,0.2745182494616074,0.9343853844514813,0.0,nan,296.93566534318944,11.109821616846135
longest_prefix,none,2,660.0162326420004,34,0.7415730337078652,0.1889759333213874,0.6467699475672793,0.0,nan,296.93566534318944,11.109821616846135
longest_prefix,none,2,665.0162326420004,30,0.7260940032414911,0.18026711750729874,0.7703646924259863,0.0,nan,296.93566534318944,11.109821616846135
longest_prefix,none,2,670.0162326420004,38,0.7213525360050094,0.24072844225128165,0.684160000000012,0.0,nan,296.93566534318944,11.109821616846135
longest_prefix,none,2,675.0162326420004,31,0.7035633055344959,0.22467775813720436,0.7334852996150061,0.0,nan,296.93566534318944,11.109821616846135
longest_prefix,none,2,680.0162326420004,31,0.7243243243243244,0.2078964495594846,0.6587401624976564,0.0,nan,296.93566534318944,11.109821616846135
longest_prefix,none,2,685.0162326420004,43,0.7153044432254525,0.2575518126385532,1.1219082547073684,0.0,nan,296.93566534318944,11.109821616846135
longest_prefix,none,2,690.0162326420004,44,0.7083786724700761,0.24440238148167737,0.8765955524104015,0.0,nan,296.93566534318944,11.109821616846135
longest_prefix,none,2,695.0162326420004,30,0.7563492063492063,0.20779943252119892,0.8102073535945206,0.0,nan,296.93566534318944,11.109821616846135
longest_prefix,none,2,700.0162326420004,39,0.6977589339794065,0.2319999999999709,0.7435774840931889,0.0,nan,296.93566534318944,11.109821616846135
longest_prefix,none,2,705.0162326420004,51,0.74364896073903,0.24028149041862434,1.001591266702178,0.0,nan,296.93566534318944,11.109821616846135
longest_prefix,none,2,710.0162326420004,36,0.739652870493992,0.23316566577176445,0.6799217468400343,0.0,nan,296.93566534318944,11.109821616846135
longest_prefix,none,2,715.0162326420004,35,0.707250341997264,0.2319999999999709,1.1151736917212287,0.0,nan,296.93566534318944,11.109821616846135
longest_prefix,none,2,720.0162326420004,37,0.7519582245430809,0.22092752248920533,0.6606019248302346,0.0,nan,296.93566534318944,11.109821616846135
longest_prefix,none,2,725.0162326420004,38,0.7170294494238156,0.21600000000000819,0.7674894241815423,0.0,nan,296.93566534318944,11.109821616846135
longest_prefix,none,2,730.0162326420004,47,0.7434343434343434,0.2329211613219968,0.7074268405160999,0.0,nan,296.93566534318944,11.109821616846135
longest_prefix,none,2,735.0162326420004,40,0.7525773195876289,0.204009868144567,0.8165252648036414,0.0,nan,296.93566534318944,11.109821616846135
longest_prefix,none,2,740.0162326420004,18,0.68,0.27154067706800333,0.6043419344388882,0.0,nan,296.93566534318944,11.109821616846135
longest_prefix,naive,0,0.0849914879961137,33,0.38857142857142857,0.6875242901541498,1.396282005262449,0.0,nan,296.28939501833446,11.109821616846135
longest_prefix,naive,0,5.084991487996113,37,0.7305009511731135,0.24800000000000022,1.4728712473957772,0.0,nan,296.28939501833446,11.109821616846135
longest_prefix,naive,0,10.084991487996113,33,0.6549707602339181,0.2560600933959183,0.7862231875310475,0.0,nan,296.28939501833446,11.109821616846135
longest_prefix,naive,0,15.084991487996113,36,0.7325049051667757,0.20445256644016396,0.7282025543599578,0.0,nan,296.28939501833446,11.109821616846135
longest_prefix,naive,0,20.084991487996113,53,0.7443642921550947,0.21621034605746914,1.1722566915033328,0.0,nan,296.28939501833446,11.109821616846135
longest_prefix,naive,0,25.084991487996113,49,0.7117701575532901,0.29971482817783723,0.7272694359578494,0.0,nan,296.28939501833446,11.109821616846135
longest_prefix,naive,0,30.084991487996113,44,0.6776246023329798,0.27166505672283314,0.9882191236122987,0.0,nan,296.28939501833446,11.109821616846135
longest_prefix,naive,0,35.08499148799611,38,0.7257566399011736,0.2646656738695796,0.7002651314582616,0.0,nan,296.28939501833446,11.109821616846135
longest_prefix,naive,0,40.08499148799611,41,0.6825859056493885,0.22135521104456046,0.8546006027714272,0.0,nan,296.28939501833446,11.109821616846135
longest_prefix,naive,0,45.08499148799611,34,0.7118294360385145,0.2552236083765216,0.8174734396246244,0.0,nan,296.28939501833446,11.109821616846135
longest_prefix,naive,0,50.08499148799611,50,0.7197750702905342,0.42327747629997603,0.9944619890396795,0.0,nan,296.28939501833446,11.109821616846135
longest_prefix,naive,0,55.08499148799611,44,0.6539735099337748,0.27764592589923254,1.3010358571251905,0.0,nan,296.28939501833446,11.109821616846135
longest_prefix,naive,0,60.08499148799611,50,0.7262411347517731,0.25743396733339097,1.0011475085042827,0.0,nan,296.28939501833446,11.109821616846135
longest_prefix,naive,0,65.08499148799612,33,0.7199710564399421,0.23587472432379286,1.5512883286190355,0.0,nan,296.28939501833446,11.109821616846135
longest_prefix,naive,0,70.08499148799612,45,0.732521186440678,0.2410990853047963,0.8883919620325398,0.0,nan,296.28939501833446,11.109821616846135
longest_prefix,naive,0,75.08499148799612,38,0.7769968051118211,0.17851958766600262,0.47702696562828256,0.0,nan,296.28939501833446,11.109821616846135
longest_prefix,naive,0,80.08499148799612,46,0.7023991832567636,0.359767397658338,1.2115242211895083,0.0,nan,296.28939501833446,11.109821616846135
longest_prefix,naive,0,85.08499148799612,36,0.7257745550428477,0.24115700000223939,0.6465430170905093,0.0,nan,296.28939501833446,11.109821616846135
longest_prefix,naive,0,90.08499148799612,35,0.7299122214719784,0.27816091433805923,0.7276623520196405,0.0,nan,296.28939501833446,11.109821616846135
longest_prefix,naive,0,95.08499148799612,36,0.7287340924313462,0.1963573951553954,0.5897746086009362,0.0,nan,296.28939501833446,11.109821616846135
longest_prefix,naive,0,100.08499148799612,43,0.7201309328968903,0.26686975576258476,1.251844092420688,0.0,nan,296.28939501833446,11.109821616846135
longest_prefix,naive,0,105.08499148799612,38,0.7190721649484536,0.22986373496680557,0.6462400000000009,0.0,nan,296.28939501833446,11.109821616846135
longest_prefix,naive,0,110.08499148799612,31,0.7743950039032006,0.17986008093849648,0.31063686186797385,0.0,nan,296.28939501833446,11.109821616846135
longest_prefix,naive,0,115.08499148799612,41,0.6847888953152111,0.2966985933786077,0.9607946589518321,0.0,nan,296.28939501833446,11.109821616846135
longest_prefix,naive,0,120.08499148799612,43,0.735632183908046,0.24330503611483323,0.6468849206026256,0.0,nan,296.28939501833446,11.109821616846135
longest_prefix,naive,0,125.08499148799612,39,0.74282223579719,0.23581300689569673,0.741731544270639,0.0,nan,296.28939501833446,11.109821616846135
longest_prefix,naive,0,130.08499148799612,42,0.7253121452894438,0.25861855210897033,0.9362661034022847,0.0,nan,296.28939501833446,11.109821616846135
longest_prefix,naive,0,135.08499148799612,38,0.7267515923566878,0.2407534459997862,0.7716614496724121,0.0,nan,296.28939501833446,11.109821616846135
longest_prefix,naive,0,140.08499148799612,33,0.7625468164794007,0.16800000000000637,0.5316953293821438,0.0,nan,296.28939501833446,11.109821616846135
longest_prefix,naive,0,145.08499148799612,40,0.750733137829912,0.21797436521092095,0.5704186176015079,0.0,nan,296.28939501833446,11.109821616846135
longest_prefix,naive,0,150.08499148799612,33,0.7324749642346209,0.2726789431203258,1.0578661536548144,0.0,nan,296.28939501833446,11.109821616846135
longest_prefix,naive,0,155.08499148799612,47,0.7506374298827129,0.20401046105919818,0.7396624043831365,0.0,nan,296.28939501833446,11.109821616846135
longest_prefix,naive,0,160.08499148799612,36,0.7101827676240209,0.2420762392655007,0.682182413003619,0.0,nan,296.28939501833446,11.109821616846135
longest_prefix,naive,0,165.08499148799612,35,0.7243675099866844,0.23157547662250977,0.5650837593004455,0.0,nan,296.28939501833446,11.109821616846135
longest_prefix,naive,0,170.08499148799612,34,0.6917760884588804,0.24225092265277226,0.8884122075031397,0.0,nan,296.28939501833446,11.109821616846135
longest_prefix,naive,0,175.08499148799612,34,0.6748802190280629,0.25910571023959506,0.8070488636851184,0.0,nan,296.28939501833446,11.109821616846135
longest_prefix,naive,0,180.08499148799612,50,0.7358047864852182,0.2680815286894642,0.854111287888403,0.0,nan,296.28939501833446,11.109821616846135
longest_prefix,naive,0,185.08499148799612,31,0.7293934681181959,0.20625407795319006,0.8552881570180431,0.0,nan,296.28939501833446,11.109821616846135
longest_prefix,naive,0,190.08499148799612,39,0.7294541091781643,0.25275108575431204,0.810281348852925,0.0,nan,296.28939501833446,11.109821616846135
longest_prefix,naive,0,195.08499148799612,44,0.6711301553294055,0.42836452386185897,1.8164919283966434,0.0,nan,296.28939501833446,11.109821616846135
longest_prefix,naive,0,200.08499148799612,47,0.72544080604534,0.26400000000001,0.9201643331472159,0.0,nan,296.28939501833446,11.109821616846135
longest_prefix,naive,0,205.08499148799612,37,0.7386290839205637,0.22975103081299153,0.7169813191099843,0.0,nan,296.28939501833446,11.109821616846135
longest_prefix,naive,0,210.08499148799612,48,0.7229862475442044,0.22413457969990702,1.6071350851424047,0.0,nan,296.28939501833446,11.109821616846135
longest_prefix,naive,0,215.08499148799612,39,0.7174969623329283,0.2259267013654096,0.7643589402158727,0.0,nan,296.28939501833446,11.109821616846135
longest_prefix,naive,0,220.08499148799612,41,0.7323943661971831,0.23224320504004936,0.7437721556898453,0.0,nan,296.28939501833446,11.109821616846135
longest_prefix,naive,0,225.08499148799612,53,0.7529411764705882,0.24171304160842055,2.277812898685143,0.0,nan,296.28939501833446,11.109821616846135
longest_prefix,naive,0,230.08499148799612,55,0.6796240922682615,0.5434241215999123,1.5667176072926225,0.0,nan,296.28939501833446,11.109821616846135
longest_prefix,naive,0,235.08499148799612,48,0.7360774818401937,0.4087325268189801,1.3520580419133634,0.0,nan,296.28939501833446,11.109821616846135
longest_prefix,naive,0,240.08499148799612,34,0.7057201929703653,0.23464480777650465,0.7230399999999928,0.0,nan,296.28939501833446,11.109821616846135
longest_prefix,naive,0,245.08499148799612,45,0.76,0.2091089632766625,0.5568332220726169,0.0,nan,296.28939501833446,11.109821616846135
longest_prefix,naive,0,250.08499148799612,42,0.7400881057268722,0.23981407475616834,0.5229926614465081,0.0,nan,296.28939501833446,11.109821616846135
longest_prefix,naive,0,255.08499148799612,45,0.7044025157232704,0.45416380763307984,2.1824185822713047,0.0,nan,296.28939501833446,11.109821616846135
longest_prefix,naive,0,260.08499148799615,56,0.7186036611323967,0.44732384285893545,1.2040732302899473,0.0,nan,296.28939501833446,11.109821616846135
longest_prefix,naive,0,265.08499148799615,32,0.7342709104367136,0.2303929323731495,0.6297476944175009,0.0,nan,296.28939501833446,11.109821616846135
longest_prefix,naive,0,270.08499148799615,43,0.743078626799557,0.23328668426688637,0.723159126577724,0.0,nan,296.28939501833446,11.109821616846135
longest_prefix,naive,0,275.08499148799615,49,0.7298601061263869,0.27592019590662176,0.8719978867598928,0.0,nan,296.28939501833446,11.109821616846135
longest_prefix,naive,0,280.08499148799615,38,0.693407960199005,0.21864040261189643,0.7107632989424738,0.0,nan,296.28939501833446,11.109821616846135
longest_prefix,naive,0,285.08499148799615,47,0.7501293326435592,0.23200000000002774,0.6969725613809249,0.0,nan,296.28939501833446,11.109821616846135
longest_prefix,naive,0,290.08499148799615,35,0.7266576454668471,0.23600368385382353,0.7056136868611195,0.0,nan,296.28939501833446,11.109821616846135
longest_prefix,naive,0,295.08499148799615,41,0.7544565842438183,0.2254528360440986,0.6326993403154575,0.0,nan,296.28939501833446,11.109821616846135
longest_prefix,naive,0,300.08499148799615,36,0.6936758893280632,0.2687833914262967,0.7450702751585822,0.025032938076416336,0.0,296.28939501833446,11.109821616846135
longest_prefix,naive,0,305.08499148799615,39,0.7089460784313726,0.23420762256472472,1.3130276929251719,0.052083333333333336,0.3764705882352941,296.28939501833446,11.109821616846135
longest_prefix,naive,0,310.08499148799615,43,0.7556287753981329,0.19999999999998863,0.46861621563078526,0.07029104887424492,0.75,296.28939501833446,11.109821616846135
longest_prefix,naive,0,315.08499148799615,34,0.7793696275071633,0.16870737211414166,0.2760753031424838,0.06303724928366762,0.7272727272727273,296.28939501833446,11.109821616846135
longest_prefix,naive,0,320.08499148799615,43,0.7321428571428571,0.19999999999998863,0.9132559593935332,0.18526785714285715,0.6746987951807228,296.28939501833446,11.109821616846135
longest_prefix,naive,0,325.08499148799615,54,0.7564674397859055,0.23696572369487967,0.9127855092810142,0.09768064228367529,0.730593607305936,296.28939501833446,11.109821616846135
longest_prefix,naive,0,330.08499148799615,33,0.735632183908046,0.19999999999998863,0.7612458415709806,0.09051724137931035,0.7619047619047619,296.28939501833446,11.109821616846135
longest_prefix,naive,0,335.08499148799615,40,0.7526946107784431,0.23751695056350286,0.8501646664912413,0.15089820359281436,0.7619047619047619,296.28939501833446,11.109821616846135
longest_prefix,naive,0,340.08499148799615,44,0.768139661756683,0.2560000000000002,1.1531541809055523,0.046917621385706494,0.7441860465116279,296.28939501833446,11.109821616846135
longest_prefix,naive,0,345.08499148799615,36,0.7296416938110749,0.23656461610107726,0.6958479261526491,0.05211726384364821,0.8,296.28939501833446,11.109821616846135
longest_prefix,naive,0,350.08499148799615,47,0.7661742231278655,0.2232500199838796,1.0832233055223868,0.047885888945491596,0.6808510638297872,296.28939501833446,11.109821616846135
longest_prefix,naive,0,355.08499148799615,40,0.7459653317393903,0.23812778871524642,0.7900518793111989,0.06873879258816497,0.8347826086956521,296.28939501833446,11.109821616846135
longest_prefix,naive,0,360.08499148799615,33,0.7540029112081513,0.2060728105744829,0.4425829156978216,0.09461426491994178,0.7384615384615385,296.28939501833446,11.109821616846135
longest_prefix,naive,0,365.08499148799615,29,0.7542087542087542,0.21005336843302302,0.7389344679689405,0.09343434343434344,0.8648648648648649,296.28939501833446,11.109821616846135
longest_prefix,naive,0,370.08499148799615,41,0.7602100350058343,0.19540501926655907,0.6021549731386246,0.023337222870478413,0.8,296.28939501833446,11.109821616846135
longest_prefix,naive,0,375.08499148799615,43,0.7679775280898876,0.21600000000000819,0.49418398817436127,0.1146067415730337,0.7843137254901961,296.28939501833446,11.109821616846135
longest_prefix,naive,0,380.08499148799615,42,0.7091412742382271,0.27855130279374407,1.2394960797334447,0.09418282548476455,0.7529411764705882,296.28939501833446,11.109821616846135
longest_prefix,naive,0,385.08499148799615,35,0.7469304229195088,0.2216735519268127,1.4385909217356536,0.1145975443383356,0.7619047619047619,296.28939501833446,11.109821616846135
longest_prefix,naive,0,390.08499148799615,57,0.7350355797404772,0.22593413648951355,0.6972800000000094,0.07241523650062788,0.3699421965317919,296.28939501833446,11.109821616846135
longest_prefix,naive,0,395.08499148799615,39,0.7784730913642053,0.16414550673687245,0.29504045370529525,0.17271589486858574,0.7971014492753623,296.28939501833446,11.109821616846135
longest_prefix,naive,0,400.08499148799615,29,0.7475728155339806,0.19999999999998863,0.3930746905181057,0.27103559870550165,0.764179104477612,296.28939501833446,11.109821616846135
longest_prefix,naive,0,405.08499148799615,39,0.7684729064039408,0.18507363538583377,0.4338081635657703,0.15270935960591134,0.7741935483870968,296.28939501833446,11.109821616846135
longest_prefix,naive,0,410.08499148799615,35,0.7515274949083504,0.19999999999998863,0.4166028368688692,0.1452817379497624,0.6869158878504673,296.28939501833446,11.109821616846135
longest_prefix,naive,0,415.08499148799615,38,0.7745222929936306,0.20478397101487644,0.6842783548668803,0.048407643312101914,0.8421052631578947,296.28939501833446,11.109821616846135
longest_prefix,naive,0,420.08499148799615,36,0.77367360644728,0.16888108080772213,0.7062434403247123,0.11148421759570182,0.7710843373493976,296.28939501833446,11.109821616846135
longest_prefix,naive,0,425.08499148799615,44,0.7619047619047619,0.19999999999998863,0.5652868199566752,0.16071428571428573,0.7542087542087542,296.28939501833446,11.109821616846135
longest_prefix,naive,0,430.08499148799615,37,0.7216828478964401,0.22389864792893377,0.7815207018317666,0.07313915857605179,0.8495575221238938,296.28939501833446,11.109821616846135
longest_prefix,naive,0,435.08499148799615,44,0.7732015376166941,0.2020911236129166,0.5761884349410116,0.043931905546403076,0.8,296.28939501833446,11.109821616846135
longest_prefix,naive,0,440.08499148799615,52,0.7577413479052824,0.2649783448336791,0.8067272254164473,0.09881602914389799,0.7373271889400922,296.28939501833446,11.109821616846135
longest_prefix,naive,0,445.08499148799615,37,0.7195502810743285,0.23686794828114444,0.7371957264478055,0.08432229856339787,0.7111111111111111,296.28939501833446,11.109821616846135
longest_prefix,naive,0,450.08499148799615,37,0.7398843930635838,0.2402394628153388,0.7064821157280403,0.15350032113037893,0.803347280334728,296.28939501833446,11.109821616846135
longest_prefix,naive,0,455.08499148799615,42,0.7207207207207207,0.253400172183575,0.8804808650343976,0.09740990990990991,0.7398843930635838,296.28939501833446,11.109821616846135
longest_prefix,naive,0,460.08499148799615,47,0.7650050864699899,0.20964831068641843,0.8810093174689392,0.12868769074262462,0.758893280632411,296.28939501833446,11.109821616846135
longest_prefix,naive,0,465.08499148799615,38,0.7710843373493976,0.18586571933909113,0.5196195771395313,0.20735573874445148,0.7828746177370031,296.28939501833446,11.109821616846135
longest_prefix,naive,0,470.08499148799615,42,0.7458783399658897,0.22214548921286337,0.7319058841295225,0.10574189880613985,0.5161290322580645,296.28939501833446,11.109821616846135
longest_prefix,naive,0,475.08499148799615,46,0.7246302906680265,0.21915878447561,0.9424526409099643,0.2993370729219786,0.7495741056218058,296.28939501833446,11.109821616846135
longest_prefix,naive,0,480.08499148799615,46,0.759493670886076,0.2088338501045257,0.5368264525047061,0.0859704641350211,0.7852760736196319,296.28939501833446,11.109821616846135
longest_prefix,naive,0,485.08499148799615,39,0.7844123192960403,0.190749464412022,0.6075758279747685,0.10622250157133878,0.757396449704142,296.28939501833446,11.109821616846135
longest_prefix,naive,0,490.08499148799615,29,0.7369281045751634,0.21600000000000819,0.5031419113339233,0.10212418300653595,0.768,296.28939501833446,11.109821616846135
longest_prefix,naive,0,495.08499148799615,35,0.7603305785123967,0.1591951103125666,0.44924019432465545,0.1763085399449036,0.75,296.28939501833446,11.109821616846135
longest_prefix,naive,0,500.08499148799615,33,0.7628344179320318,0.2176123937423995,0.6857109422212465,0.028199566160520606,0.8205128205128205,296.28939501833446,11.109821616846135
longest_prefix,naive,0,505.08499148799615,38,0.7404907975460123,0.23200000000002774,0.4701935486194061,0.1325153374233129,0.6990740740740741,296.28939501833446,11.109821616846135
longest_prefix,naive,0,510.08499148799615,38,0.7455548743102391,0.22017447842171123,0.48710516408506493,0.10668301655426118,0.735632183908046,296.28939501833446,11.109821616846135
longest_prefix,naive,0,515.0849914879961,49,0.7495219885277247,0.26860595710866164,0.6652894064165313,0.12332695984703633,0.7441860465116279,296.28939501833446,11.109821616846135
longest_prefix,naive,0,520.0849914879961,48,0.7423494570582428,0.23500393787958274,0.6921044321352998,0.08390918065153011,0.5647058823529412,296.28939501833446,11.109821616846135
longest_prefix,naive,0,525.0849914879961,42,0.768,0.22021386057286918,0.4237017638175652,0.16857142857142857,0.7593220338983051,296.28939501833446,11.109821616846135
longest_prefix,naive,0,530.0849914879961,47,0.7685232498722534,0.18399999999996908,0.40827258407798583,0.08380173735309146,0.7804878048780488,296.28939501833446,11.109821616846135
longest_prefix,naive,0,535.0849914879961,46,0.7739038563127311,0.21803884671669493,0.8614463037050654,0.16745905969360803,0.7854889589905363,296.28939501833446,11.109821616846135
longest_prefix,naive,0,540.0849914879961,29,0.7726894254787677,0.16844637285112185,0.33208196276733803,0.1806827643630308,0.7373271889400922,296.28939501833446,11.109821616846135
longest_prefix,naive,0,545.0849914879961,45,0.7527443805541035,0.22028216674493706,0.468532437807362,0.06325143753267119,0.7933884297520661,296.28939501833446,11.109821616846135
longest_prefix,naive,0,550.0849914879961,45,0.7497337593184239,0.22264097939194016,0.7920633897399377,0.1592119275825346,0.7491638795986622,296.28939501833446,11.109821616846135
longest_prefix,naive,0,555.0849914879961,34,0.7394957983193278,0.21600000000000819,0.6882511028097286,0.08263305322128851,0.8135593220338984,296.28939501833446,11.109821616846135
longest_prefix,naive,0,560.0849914879961,37,0.7639068564036222,0.21600000000000819,0.5266363566990413,0.07697283311772316,0.8067226890756303,296.28939501833446,11.109821616846135
longest_prefix,naive,0,565.0849914879961,38,0.727719729563614,0.2303491358628662,0.6410599523116962,0.12599877074370006,0.624390243902439,296.28939501833446,11.109821616846135
longest_prefix,naive,0,570.0849914879961,26,0.7380073800738007,0.16043659152927603,0.6659099988288517,0.15129151291512916,0.7804878048780488,296.28939501833446,11.109821616846135
longest_prefix,naive,0,575.0849914879961,40,0.7480597014925373,0.201373638703501,0.6300404401728439,0.19343283582089552,0.7808641975308642,296.28939501833446,11.109821616846135
longest_prefix,naive,0,580.0849914879961,39,0.7272727272727273,0.21600000000000819,0.5700270149034368,0.21232057416267944,0.7211267605633803,296.28939501833446,11.109821616846135
longest_prefix,naive,0,585.0849914879961,47,0.7506374298827129,0.20920112199416963,0.7462751990009995,0.13615502294747578,0.7191011235955056,296.28939501833446,11.109821616846135
longest_prefix,naive,0,590.0849914879961,36,0.7593220338983051,0.1954744108896307,0.9440682475035996,0.11389830508474576,0.7619047619047619,296.28939501833446,11.109821616846135
longest_prefix,naive,0,595.0849914879961,34,0.7771428571428571,0.18399999999996908,0.39285382562348004,0.17785714285714285,0.7710843373493976,296.28939501833446,11.109821616846135
longest_prefix,naive,0,600.0849914879961,39,0.762784966112138,0.20884949142532605,0.958568777172652,0.05483672211953173,0.7191011235955056,296.28939501833446,11.109821616846135
longest_prefix,naive,0,605.0849914879961,37,0.7427466150870407,0.2127316973296729,0.8109210112580695,0.13733075435203096,0.7511737089201878,296.28939501833446,11.109821616846135
longest_prefix,naive,0,610.0849914879961,40,0.757396449704142,0.21012812574338113,0.49230509599530475,0.1059171597633136,0.7150837988826816,296.28939501833446,11.109821616846135
longest_prefix,naive,0,615.0849914879961,44,0.743421052631579,0.18671745274031082,0.9500612140094086,0.11074561403508772,0.6336633663366337,296.28939501833446,11.109821616846135
longest_prefix,naive,0,620.0849914879961,47,0.7716777834787071,0.18690860799154052,0.5334962782285152,0.17650076962544894,0.7441860465116279,296.28939501833446,11.109821616846135
longest_prefix,naive,0,625.0849914879961,44,0.7749036873968079,0.1742046359984215,0.37467431572906207,0.09246009906439186,0.7619047619047619,296.28939501833446,11.109821616846135
longest_prefix,naive,0,630.0849914879961,46,0.7758438818565401,0.17688498040683953,0.6246315924993665,0.18670886075949367,0.8107344632768362,296.28939501833446,11.109821616846135
longest_prefix,naive,0,635.0849914879961,38,0.7686472819216182,0.18748488216829173,0.5353600139729509,0.07838179519595449,0.7741935483870968,296.28939501833446,11.109821616846135
longest_prefix,naive,0,640.0849914879961,42,0.7399887196841511,0.2172499337168574,0.6778784143842767,0.12013536379018612,0.7511737089201878,296.28939501833446,11.109821616846135
longest_prefix,naive,0,645.0849914879961,48,0.759268413247652,0.22451707811558208,0.4209754290768569,0.09045971329708354,0.6994535519125683,296.28939501833446,11.109821616846135
longest_prefix,naive,0,650.0849914879961,33,0.7646632874728457,0.18399999999996908,0.3684521208069054,0.18247646632874728,0.7619047619047619,296.28939501833446,11.109821616846135
longest_prefix,naive,0,655.0849914879961,41,0.7446083995459705,0.2319999999999709,0.934039930910149,0.053348467650397274,0.6808510638297872,296.28939501833446,11.109821616846135
longest_prefix,naive,0,660.0849914879961,33,0.7484053862508859,0.21600000000000819,0.5018153220917884,0.14386959603118354,0.7881773399014779,296.28939501833446,11.109821616846135
longest_prefix,naive,0,665.0849914879961,39,0.7432762836185819,0.21600000000000819,0.8733199106771548,0.1265281173594132,0.7729468599033816,296.28939501833446,11.109821616846135
longest_prefix,naive,0,670.0849914879961,31,0.7705835331734612,0.16059964291650886,0.7126113119925435,0.35891286970423664,0.7839643652561247,296.28939501833446,11.109821616846135
longest_prefix,naive,0,675.0849914879961,34,0.7524204702627939,0.2480000000000473,0.6735851311973727,0.09197786998616875,0.7218045112781954,296.28939501833446,11.109821616846135
longest_prefix,naive,0,680.0849914879961,43,0.7648693718732629,0.1882663466442409,0.507967523721877,0.0744858254585881,0.7164179104477612,296.28939501833446,11.109821616846135
longest_prefix,naive,0,685.0849914879961,44,0.7661691542288557,0.19669137972709905,0.6704833116428779,0.07075732448866777,0.75,296.28939501833446,11.109821616846135
longest_prefix,naive,0,690.0849914879961,45,0.7787993510005409,0.19829409356032102,0.502302679197892,0.06760411032990805,0.768,296.28939501833446,11.109821616846135
longest_prefix,naive,0,695.0849914879961,48,0.7570231641202563,0.23131934890818684,0.5033213267434429,0.10448496796451454,0.7547169811320755,296.28939501833446,11.109821616846135
longest_prefix,naive,0,700.0849914879961,43,0.7292940522512507,0.19038581912343489,0.7398399999999901,0.23457476375764313,0.7582938388625592,296.28939501833446,11.109821616846135
longest_prefix,naive,0,705.0849914879961,46,0.7660357518401683,0.2148793190506808,0.5379468691486294,0.1529968454258675,0.7697594501718213,296.28939501833446,11.109821616846135
longest_prefix,naive,0,710.0849914879961,42,0.7362514029180696,0.2268866256322326,0.799192267989145,0.21268237934904602,0.6754617414248021,296.28939501833446,11.109821616846135
longest_prefix,naive,0,715.0849914879961,37,0.7638709677419355,0.2063154723758771,0.46454827433587076,0.15806451612903225,0.7836734693877551,296.28939501833446,11.109821616846135
longest_prefix,naive,0,720.0849914879961,46,0.7821466524973433,0.18796225746058326,0.5969778346504255,0.11052072263549416,0.7692307692307693,296.28939501833446,11.109821616846135
longest_prefix,naive,0,725.0849914879961,33,0.7551622418879056,0.1615543895306928,0.527482813349984,0.029498525073746312,0.8,296.28939501833446,11.109821616846135
longest_prefix,naive,0,730.0849914879961,47,0.7685232498722534,0.18966993537480903,0.5138788147741593,0.18140010219724068,0.7211267605633803,296.28939501833446,11.109821616846135
longest_prefix,naive,0,735.0849914879961,37,0.7161125319693095,0.22585058289860171,1.5188464086426894,0.07736572890025575,0.7933884297520661,296.28939501833446,11.109821616846135
longest_prefix,naive,0,740.0849914879961,5,0.7960199004975125,0.17966922327548218,0.19936000000004242,0.0,nan,296.28939501833446,11.109821616846135
longest_prefix,naive,1,0.13412862829656735,33,0.43867243867243866,0.744,1.7661667010736755,0.0,nan,301.3564596279388,11.109821616846135
longest_prefix,naive,1,5.134128628296567,37,0.7551020408163265,0.1851300823733908,0.670536666967964,0.0,nan,301.3564596279388,11.109821616846135
longest_prefix,naive,1,10.134128628296567,46,0.7341902313624679,0.23199246551314,0.9019176902842613,0.0,nan,301.3564596279388,11.109821616846135
longest_prefix,naive,1,15.134128628296567,40,0.7468581687612208,0.2351198538081487,0.691282221633685,0.0,nan,301.3564596279388,11.109821616846135
longest_prefix,naive,1,20.134128628296565,42,0.6811512415349887,0.22747737957825365,0.8993238053264617,0.0,nan,301.3564596279388,11.109821616846135
longest_prefix,naive,1,25.134128628296565,31,0.7067783701447068,0.20974391550634053,0.6896000000000014,0.0,nan,301.3564596279388,11.109821616846135
longest_prefix,naive,1,30.134128628296565,32,0.7048458149779736,0.21105525987197282,0.7363200000000035,0.0,nan,301.3564596279388,11.109821616846135
longest_prefix,naive,1,35.134128628296565,38,0.7345679012345679,0.2575408249988804,0.6173059539212524,0.0,nan,301.3564596279388,11.109821616846135
longest_prefix,naive,1,40.134128628296565,25,0.689784442361762,0.1952114631638011,0.7561599999999984,0.0,nan,301.3564596279388,11.109821616846135
longest_prefix,naive,1,45.134128628296565,28,0.7386934673366834,0.22286892666157598,0.4458835418949968,0.0,nan,301.3564596279388,11.109821616846135
longest_prefix,naive,1,50.134128628296565,39,0.7454100367197063,0.239027322704068,1.1052017973890964,0.0,nan,301.3564596279388,11.109821616846135
longest_prefix,naive,1,55.134128628296565,39,0.7180109157064888,0.24011510408722359,1.0658162292418014,0.0,nan,301.3564596279388,11.109821616846135
longest_prefix,naive,1,60.134128628296565,45,0.7425796006475985,0.1891065157877847,0.6627199999999996,0.0,nan,301.3564596279388,11.109821616846135
longest_prefix,naive,1,65.13412862829657,40,0.6981689308919079,0.24237307781555018,0.882864784956668,0.0,nan,301.3564596279388,11.109821616846135
longest_prefix,naive,1,70.13412862829657,37,0.7373417721518988,0.25602105938095576,0.7664593208111177,0.0,nan,301.3564596279388,11.109821616846135
longest_prefix,naive,1,75.13412862829657,49,0.7174435367611726,0.28240934301739173,1.184828123328519,0.0,nan,301.3564596279388,11.109821616846135
longest_prefix,naive,1,80.13412862829657,51,0.7209302325581395,0.31088245328660946,0.8490473646764087,0.0,nan,301.3564596279388,11.109821616846135
longest_prefix,naive,1,85.13412862829657,38,0.7281921618204804,0.22227461113257618,0.8385731242307404,0.0,nan,301.3564596279388,11.109821616846135
longest_prefix,naive,1,90.13412862829657,41,0.7336476134354744,0.23710340500414873,0.866375021618123,0.0,nan,301.3564596279388,11.109821616846135
longest_prefix,naive,1,95.13412862829657,44,0.75,0.2538094637701178,0.6714468197379999,0.0,nan,301.3564596279388,11.109821616846135
longest_prefix,naive,1,100.13412862829657,39,0.7520098948670377,0.2907118648606115,0.8297862915844045,0.0,nan,301.3564596279388,11.109821616846135
longest_prefix,naive,1,105.13412862829657,35,0.7167325428194994,0.23966805519567913,0.7470998921999888,0.0,nan,301.3564596279388,11.109821616846135
longest_prefix,naive,1,110.13412862829657,28,0.7260504201680672,0.22399999999999665,0.5681076547987701,0.0,nan,301.3564596279388,11.109821616846135
longest_prefix,naive,1,115.13412862829657,40,0.7077997671711292,0.23941690723632547,0.753760000000003,0.0,nan,301.3564596279388,11.109821616846135
longest_prefix,naive,1,120.13412862829657,47,0.7016828148903621,0.5579116449596313,1.1654979192965784,0.0,nan,301.3564596279388,11.109821616846135
longest_prefix,naive,1,125.13412862829657,52,0.7241693218024579,0.48521733769881337,1.6599243817962648,0.0,nan,301.3564596279388,11.109821616846135
longest_prefix,naive,1,130.13412862829657,39,0.7162734422262553,0.29293524004054916,1.2282505107541715,0.0,nan,301.3564596279388,11.109821616846135
longest_prefix,naive,1,135.13412862829657,40,0.7158956109134045,0.23193671308740704,0.7900978711502151,0.0,nan,301.3564596279388,11.109821616846135
longest_prefix,naive,1,140.13412862829657,43,0.6855870895937674,0.2694047032684068,1.278885466897251,0.0,nan,301.3564596279388,11.109821616846135
longest_prefix,naive,1,145.13412862829657,39,0.7451573849878934,0.22947269863186648,0.5843213041472698,0.0,nan,301.3564596279388,11.109821616846135
longest_prefix,naive,1,150.13412862829657,44,0.7366720516962844,0.3015062870483973,0.9765319458093032,0.0,nan,301.3564596279388,11.109821616846135
longest_prefix,naive,1,155.13412862829657,43,0.7422447828539199,0.22253793384021492,1.1857662324556102,0.0,nan,301.3564596279388,11.109821616846135
longest_prefix,naive,1,160.13412862829657,36,0.7272139625080801,0.28357630183158733,0.8083115347247299,0.0,nan,301.3564596279388,11.109821616846135
longest_prefix,naive,1,165.13412862829657,36,0.7402511566424322,0.2524733785133151,0.8515562553084645,0.0,nan,301.3564596279388,11.109821616846135
longest_prefix,naive,1,170.13412862829657,37,0.7544204322200393,0.22703824237240156,0.609482874712187,0.0,nan,301.3564596279388,11.109821616846135
longest_prefix,naive,1,175.13412862829657,45,0.7222222222222222,0.2700898588985865,0.8883594286545978,0.0,nan,301.3564596279388,11.109821616846135
longest_prefix,naive,1,180.13412862829657,46,0.745417515274949,0.7208092908479102,2.804251806126011,0.0,nan,301.3564596279388,11.109821616846135
longest_prefix,naive,1,185.13412862829657,35,0.6668900804289544,0.7439999999999998,3.1673100396955345,0.0,nan,301.3564596279388,11.109821616846135
longest_prefix,naive,1,190.13412862829657,47,0.7340372046254399,1.4331336906689387,3.6906587856119244,0.0,nan,301.3564596279388,11.109821616846135
longest_prefix,naive,1,195.13412862829657,39,0.7313156269302038,0.3282528109573093,2.7994556782384494,0.0,nan,301.3564596279388,11.109821616846135
longest_prefix,naive,1,200.13412862829657,34,0.7350069735006973,2.001940388924851,2.9040033456882863,0.0,nan,301.3564596279388,11.109821616846135
longest_prefix,naive,1,205.13412862829657,34,0.7553648068669528,0.4612561055256066,2.501462030683248,0.0,nan,301.3564596279388,11.109821616846135
longest_prefix,naive,1,210.13412862829657,34,0.7467625899280576,0.17600000000000193,1.2094608648492706,0.0,nan,301.3564596279388,11.109821616846135
longest_prefix,naive,1,215.13412862829657,35,0.7106325706594886,0.23199999999999932,0.7821138036400801,0.0,nan,301.3564596279388,11.109821616846135
longest_prefix,naive,1,220.13412862829657,30,0.7811228641171685,0.19503189941465848,0.35954346098941303,0.0,nan,301.3564596279388,11.109821616846135
longest_prefix,naive,1,225.13412862829657,34,0.7065910701630049,0.2437143791356391,0.6684579754596844,0.0,nan,301.3564596279388,11.109821616846135
longest_prefix,naive,1,230.13412862829657,45,0.7204244031830239,0.4579723729316072,2.0138640686204727,0.0,nan,301.3564596279388,11.109821616846135
longest_prefix,naive,1,235.13412862829657,45,0.7194546407970634,0.2563457336058548,0.8179208245014503,0.0,nan,301.3564596279388,11.109821616846135
longest_prefix,naive,1,240.13412862829657,35,0.7292225201072386,0.24799999999999045,1.1012347209346565,0.0,nan,301.3564596279388,11.109821616846135
longest_prefix,naive,1,245.13412862829657,36,0.7003968253968254,0.21528444157081594,0.7652993792462098,0.0,nan,301.3564596279388,11.109821616846135
longest_prefix,naive,1,250.13412862829657,42,0.7396247868106879,0.21851535879544315,0.9638732213362654,0.0,nan,301.3564596279388,11.109821616846135
longest_prefix,naive,1,255.13412862829657,39,0.7320891029500302,0.2193000688266693,1.5086839870251476,0.0,nan,301.3564596279388,11.109821616846135
longest_prefix,naive,1,260.1341286282966,33,0.7007299270072993,0.21600000000000819,1.2544097787175519,0.0,nan,301.3564596279388,11.109821616846135
longest_prefix,naive,1,265.1341286282966,33,0.7724945135332846,0.2681815499606728,0.7915518573784925,0.0,nan,301.3564596279388,11.109821616846135
longest_prefix,naive,1,270.1341286282966,42,0.767162471395881,0.24541204215333323,0.7616638662403247,0.0,nan,301.3564596279388,11.109821616846135
longest_prefix,naive,1,275.1341286282966,38,0.7191011235955056,0.2519423358883728,1.6802584788858066,0.0,nan,301.3564596279388,11.109821616846135
longest_prefix,naive,1,280.1341286282966,38,0.74,0.21876987947200632,0.6564087924462416,0.0,nan,301.3564596279388,11.109821616846135
longest_prefix,naive,1,285.1341286282966,39,0.7215112736136502,0.2736038802456733,1.321315869865557,0.0,nan,301.3564596279388,11.109821616846135
longest_prefix,naive,1,290.1341286282966,51,0.7447108603667136,0.32773198420426297,0.899273438564677,0.0,nan,301.3564596279388,11.109821616846135
longest_prefix,naive,1,295.1341286282966,47,0.7622909275215408,0.26400000000001,1.2701121489490605,0.0,nan,301.3564596279388,11.109821616846135
longest_prefix,naive,1,300.1341286282966,44,0.7033805888767721,0.4462920515370854,0.9993975638746428,0.0,nan,301.3564596279388,11.109821616846135
longest_prefix,naive,1,305.1341286282966,38,0.7114051669817265,0.2850528427143786,0.8572770982651491,0.0,nan,301.3564596279388,11.109821616846135
longest_prefix,naive,1,310.1341286282966,31,0.7447633824670287,0.199547348828105,0.5518302362058363,0.0,nan,301.3564596279388,11.109821616846135
longest_prefix,naive,1,315.1341286282966,36,0.7243886318572372,0.22137020049660805,1.1174757687011803,0.0,nan,301.3564596279388,11.109821616846135
longest_prefix,naive,1,320.1341286282966,33,0.678726483357453,0.45199387450918493,0.7743776606699635,0.0,nan,301.3564596279388,11.109821616846135
longest_prefix,naive,1,325.1341286282966,45,0.7048066875653083,0.339387816866747,1.4508917069378486,0.02089864158829676,0.0,301.3564596279388,11.109821616846135
longest_prefix,naive,1,330.1341286282966,33,0.7781871775976419,0.26400000000001,1.3563612266585345,0.0,nan,301.3564596279388,11.109821616846135
longest_prefix,naive,1,335.1341286282966,33,0.6936292054402291,0.21600000000000819,0.7068800000000011,0.031496062992125984,0.7272727272727273,301.3564596279388,11.109821616846135
longest_prefix,naive,1,340.1341286282966,28,0.7455166524338173,0.19956207035576767,0.5802500857315551,0.0,nan,301.3564596279388,11.109821616846135
longest_prefix,naive,1,345.1341286282966,44,0.7310344827586207,0.24149171964018024,1.190782493119702,0.020689655172413793,0.8205128205128205,301.3564596279388,11.109821616846135
longest_prefix,naive,1,350.1341286282966,44,0.7623172712506767,0.2125772723884154,0.6802338472886725,0.03952355170546833,0.8767123287671232,301.3564596279388,11.109821616846135
longest_prefix,naive,1,355.1341286282966,33,0.7223396758280479,0.23391439582024987,0.6506010449830568,0.0,nan,301.3564596279388,11.109821616846135
longest_prefix,naive,1,360.1341286282966,43,0.6994444444444444,0.26400000000001,0.7965499330643331,0.025,0.0,301.3564596279388,11.109821616846135
longest_prefix,naive,1,365.1341286282966,40,0.764179104477612,0.20795862664004972,0.5135450549892653,0.023880597014925373,0.8,301.3564596279388,11.109821616846135
longest_prefix,naive,1,370.1341286282966,45,0.760857908847185,0.2198953788014819,0.743965719092305,0.06595174262734585,0.7804878048780488,301.3564596279388,11.109821616846135
longest_prefix,naive,1,375.1341286282966,45,0.7228853139595226,0.2293239021134923,1.3719531214193674,0.02127659574468085,0.7804878048780488,301.3564596279388,11.109821616846135
longest_prefix,naive,1,380.1341286282966,43,0.7402739726027397,0.3142339082856438,1.5321664504703574,0.07123287671232877,0.7384615384615385,301.3564596279388,11.109821616846135
longest_prefix,naive,1,385.1341286282966,58,0.7552795031055901,0.9639432724608525,3.4932656885117437,0.06873706004140787,0.7710843373493976,301.3564596279388,11.109821616846135
longest_prefix,naive,1,390.1341286282966,42,0.7539954337899544,0.4344332902246606,3.828248962357353,0.09360730593607305,0.7804878048780488,301.3564596279388,11.109821616846135
longest_prefix,naive,1,395.1341286282966,43,0.7670011148272018,0.23200000000002774,3.080742165406286,0.06354515050167224,0.8421052631578947,301.3564596279388,11.109821616846135
longest_prefix,naive,1,400.1341286282966,39,0.7661141804788214,0.23583761163803274,2.3484917395339355,0.0748925721301412,0.7868852459016393,301.3564596279388,11.109821616846135
longest_prefix,naive,1,405.1341286282966,39,0.7351874244256348,0.23200000000002774,1.4677676968727076,0.05441354292623942,0.7111111111111111,301.3564596279388,11.109821616846135
longest_prefix,naive,1,410.1341286282966,38,0.7532792004996877,0.3162156383010597,0.7372956244563136,0.023735165521549032,0.8421052631578947,301.3564596279388,11.109821616846135
longest_prefix,naive,1,415.1341286282966,44,0.7437929212889594,0.48221160112450434,2.220847456264075,0.02324352879027998,0.7272727272727273,301.3564596279388,11.109821616846135
longest_prefix,naive,1,420.1341286282966,32,0.7501831501831502,0.3422321101074317,1.7350759327453604,0.06886446886446887,0.6808510638297872,301.3564596279388,11.109821616846135
longest_prefix,naive,1,425.1341286282966,37,0.7723418134377038,0.2741412668991643,0.9954580279438483,0.051532941943900845,0.810126582278481,301.3564596279388,11.109821616846135
longest_prefix,naive,1,430.1341286282966,39,0.7518072289156627,0.23200000000002774,0.9035720452505763,0.0746987951807229,0.7741935483870968,301.3564596279388,11.109821616846135
longest_prefix,naive,1,435.1341286282966,40,0.7666256157635468,0.1935567638746818,0.5175292578241805,0.11945812807881774,0.8247422680412371,301.3564596279388,11.109821616846135
longest_prefix,naive,1,440.1341286282966,40,0.764179104477612,0.2136895948887627,0.8746183078084436,0.07820895522388059,0.732824427480916,301.3564596279388,11.109821616846135
longest_prefix,naive,1,445.1341286282966,41,0.7680140597539543,0.24799999999999045,0.8030028036063414,0.13708260105448156,0.8205128205128205,301.3564596279388,11.109821616846135
longest_prefix,naive,1,450.1341286282966,28,0.7554806070826307,0.19768460501592244,0.3909515837792731,0.0,nan,301.3564596279388,11.109821616846135
longest_prefix,naive,1,455.1341286282966,34,0.7645818692902319,0.21841351948711463,0.5050054741030511,0.02600140548137737,0.8648648648648649,301.3564596279388,11.109821616846135
longest_prefix,naive,1,460.1341286282966,41,0.7677004095962551,0.25169093643944507,0.40752999981253885,0.0,nan,301.3564596279388,11.109821616846135
longest_prefix,naive,1,465.1341286282966,49,0.7209756097560975,0.3173829020248604,1.720335642385475,0.07414634146341463,0.8421052631578947,301.3564596279388,11.109821616846135
longest_prefix,naive,1,470.1341286282966,39,0.7609756097560976,0.22562068784981193,1.264811230073597,0.15365853658536585,0.7619047619047619,301.3564596279388,11.109821616846135
longest_prefix,naive,1,475.1341286282966,42,0.7156585641605426,0.2890221727835467,1.5738792003988398,0.046919163369135104,0.7710843373493976,301.3564596279388,11.109821616846135
longest_prefix,naive,1,480.1341286282966,49,0.7298485588666341,0.3380608127699247,0.7960902873246253,0.03761602344894968,0.8311688311688312,301.3564596279388,11.109821616846135
longest_prefix,naive,1,485.1341286282966,36,0.7291666666666666,0.21005067693599244,0.6811971643463747,0.054036458333333336,0.7710843373493976,301.3564596279388,11.109821616846135
longest_prefix,naive,1,490.1341286282966,40,0.7526817640047676,0.19344179554775565,0.5136859925513937,0.13110846245530394,0.7272727272727273,301.3564596279388,11.109821616846135
longest_prefix,naive,1,495.1341286282966,42,0.7411225658648339,0.2283252195758223,0.6489904009895666,0.0441008018327606,0.8311688311688312,301.3564596279388,11.109821616846135
longest_prefix,naive,1,500.1341286282966,31,0.7398622800306044,0.19297798022711277,0.6088216823188871,0.03442999234889059,0.7111111111111111,301.3564596279388,11.109821616846135
longest_prefix,naive,1,505.1341286282966,48,0.7540500736377025,0.24799999999999045,0.854409915856711,0.06529209621993128,0.7218045112781954,301.3564596279388,11.109821616846135
longest_prefix,naive,1,510.1341286282966,55,0.7513043478260869,0.2752553229653927,0.9493285608809358,0.07434782608695652,0.7485380116959064,301.3564596279388,11.109821616846135
longest_prefix,naive,1,515.1341286282966,36,0.7277452891487979,0.26400000000001,1.014959441634221,0.0,nan,301.3564596279388,11.109821616846135
longest_prefix,naive,1,520.1341286282966,51,0.7097516099356026,0.2497632289550893,1.6216056667314547,0.09797608095676173,0.6009389671361502,301.3564596279388,11.109821616846135
longest_prefix,naive,1,525.1341286282966,36,0.7062219371391918,0.2413183904652101,0.6969600028654895,0.13470173187940987,0.7619047619047619,301.3564596279388,11.109821616846135
longest_prefix,naive,1,530.1341286282966,45,0.7635206786850477,0.26318687569187205,1.1701951961891794,0.06733828207847296,0.7559055118110236,301.3564596279388,11.109821616846135
longest_prefix,naive,1,535.1341286282966,50,0.7640878701050621,0.3115319258682234,1.899293742797691,0.08070678127984718,0.757396449704142,301.3564596279388,11.109821616846135
longest_prefix,naive,1,540.1341286282966,49,0.7509578544061303,0.2628047698935916,1.9117736524361078,0.07567049808429119,0.810126582278481,301.3564596279388,11.109821616846135
longest_prefix,naive,1,545.1341286282966,42,0.7379077615298087,0.2248748202690649,0.8562343840827621,0.16535433070866143,0.7619047619047619,301.3564596279388,11.109821616846135
longest_prefix,naive,1,550.1341286282966,32,0.7419596110695588,0.21973606396562673,0.6330735135281308,0.1600598354525056,0.5981308411214953,301.3564596279388,11.109821616846135
longest_prefix,naive,1,555.1341286282966,44,0.7655737704918033,0.21822448535345984,0.5454470653447276,0.0633879781420765,0.8275862068965517,301.3564596279388,11.109821616846135
longest_prefix,naive,1,560.1341286282966,50,0.7778317938745746,0.2269623912434895,1.2873894244396102,0.08021390374331551,0.7757575757575758,301.3564596279388,11.109821616846135
longest_prefix,naive,1,565.1341286282966,33,0.7759000734753857,0.24105681019523217,0.9020257033400594,0.12270389419544453,0.7664670658682635,301.3564596279388,11.109821616846135
longest_prefix,naive,1,570.1341286282966,36,0.7286922576447625,0.21600000000000819,0.5904091136985754,0.07872478854912167,0.5289256198347108,301.3564596279388,11.109821616846135
longest_prefix,naive,1,575.1341286282966,38,0.7916666666666666,0.16772670860245853,0.6856946294139336,0.11197916666666667,0.7441860465116279,301.3564596279388,11.109821616846135
longest_prefix,naive,1,580.1341286282966,42,0.7305122494432071,0.252604348728255,0.7957580653858337,0.0,nan,301.3564596279388,11.109821616846135
longest_prefix,naive,1,585.1341286282966,37,0.7555839183152521,0.42446305228259007,1.4069521782345829,0.11040204211869815,0.7398843930635838,301.3564596279388,11.109821616846135
longest_prefix,naive,1,590.1341286282966,40,0.738898756660746,0.32041435124619966,1.0585127132605634,0.055654233274126705,0.6808510638297872,301.3564596279388,11.109821616846135
longest_prefix,naive,1,595.1341286282966,50,0.7381294964028777,0.8506966675666945,2.2469771736880646,0.12086330935251799,0.6388888888888888,301.3564596279388,11.109821616846135
longest_prefix,naive,1,600.1341286282966,41,0.7516147974163241,0.6319999999999482,2.678240326368473,0.0722254844392249,0.7804878048780488,301.3564596279388,11.109821616846135
longest_prefix,naive,1,605.1341286282966,34,0.7838616714697406,0.16800000000000637,1.5592536175025296,0.14553314121037464,0.7920792079207921,301.3564596279388,11.109821616846135
longest_prefix,naive,1,610.1341286282966,39,0.7751552795031056,0.18152342419659817,0.42914187962810046,0.10186335403726708,0.7804878048780488,301.3564596279388,11.109821616846135
longest_prefix,naive,1,615.1341286282966,34,0.7597765363128491,0.2503649624322293,0.5339222744605547,0.0335195530726257,0.6666666666666666,301.3564596279388,11.109821616846135
longest_prefix,naive,1,620.1341286282966,33,0.7702407002188184,0.18399999999996908,0.5812664718452469,0.18453683442742524,0.758893280632411,301.3564596279388,11.109821616846135
longest_prefix,naive,1,625.1341286282966,41,0.7627906976744186,0.25370203494833277,1.1215451009710025,0.10174418604651163,0.7314285714285714,301.3564596279388,11.109821616846135
longest_prefix,naive,1,630.1341286282966,41,0.7735849056603774,0.4358818728328515,1.7256365098681046,0.1509433962264151,0.75,301.3564596279388,11.109821616846135
longest_prefix,naive,1,635.1341286282966,55,0.7700132684652808,0.2666474844752429,1.6431225479254272,0.09022556390977443,0.7843137254901961,301.3564596279388,11.109821616846135
longest_prefix,naive,1,640.1341286282966,37,0.7543296985246953,0.2480000000000473,1.6280562784952646,0.10262989095574086,0.75,301.3564596279388,11.109821616846135
longest_prefix,naive,1,645.1341286282966,32,0.7852760736196319,0.20441629901762326,0.5578378589679664,0.0,nan,301.3564596279388,11.109821616846135
longest_prefix,naive,1,650.1341286282966,42,0.735014005602241,0.21106001994235157,0.6932053883524064,0.07394957983193277,0.7272727272727273,301.3564596279388,11.109821616846135
longest_prefix,naive,1,655.1341286282966,38,0.7686472819216182,0.19768286202202034,0.6406173055963259,0.05309734513274336,0.7619047619047619,301.3564596279388,11.109821616846135
longest_prefix,naive,1,660.1341286282966,46,0.7544848795489493,0.2689978303001226,1.0576680000687522,0.08918503331624808,0.735632183908046,301.3564596279388,11.109821616846135
longest_prefix,naive,1,665.1341286282966,45,0.7610993657505285,0.22093431067810343,0.8719915336493068,0.14587737843551796,0.6956521739130435,301.3564596279388,11.109821616846135
longest_prefix,naive,1,670.1341286282966,39,0.7282996432818074,0.465027421237437,1.5157834284861924,0.09750297265160524,0.6402439024390244,301.3564596279388,11.109821616846135
longest_prefix,naive,1,675.1341286282966,39,0.729064039408867,0.21494410676677944,0.7460211409353129,0.21305418719211822,0.7398843930635838,301.3564596279388,11.109821616846135
longest_prefix,naive,1,680.1341286282966,33,0.7635574837310195,0.2090918513787301,0.5555237026793384,0.05278380332610268,0.8767123287671232,301.3564596279388,11.109821616846135
longest_prefix,naive,1,685.1341286282966,43,0.7413127413127413,0.2480000000000473,0.7061365625741723,0.20739106453392167,0.7659574468085106,301.3564596279388,11.109821616846135
longest_prefix,naive,1,690.1341286282966,44,0.7465535524920467,0.25508586029593516,0.5942496483159869,0.07158006362672323,0.7111111111111111,301.3564596279388,11.109821616846135
longest_prefix,naive,1,695.1341286282966,29,0.7510477787091366,0.20000000000004547,0.6395601694159949,0.2900251466890193,0.7398843930635838,301.3564596279388,11.109821616846135
longest_prefix,naive,1,700.1341286282966,38,0.7483076923076923,0.26400000000001,0.9293389995899319,0.05292307692307692,0.7441860465116279,301.3564596279388,11.109821616846135
longest_prefix,naive,1,705.1341286282966,33,0.7532097004279601,0.2319999999999709,0.5936076206793041,0.1818830242510699,0.7529411764705882,301.3564596279388,11.109821616846135
longest_prefix,naive,1,710.1341286282966,51,0.7564162389174055,0.27381456003388394,1.6133664935210277,0.05319645356976201,0.8421052631578947,301.3564596279388,11.109821616846135
longest_prefix,naive,1,715.1341286282966,43,0.7598012147984539,0.2480000000000473,1.683722412867512,0.11871893981225842,0.7441860465116279,301.3564596279388,11.109821616846135
longest_prefix,naive,1,720.1341286282966,43,0.7614831211953514,0.21669105532157573,0.5138042641777631,0.1366906474820144,0.7773279352226721,301.3564596279388,11.109821616846135
longest_prefix,naive,1,725.1341286282966,36,0.7664670658682635,0.2252733344689659,0.4374520344365578,0.16300731869594146,0.7836734693877551,301.3564596279388,11.109821616846135
longest_prefix,naive,1,730.1341286282966,28,0.7539267015706806,0.17599999999998772,0.6467686377535905,0.07504363001745201,0.7441860465116279,301.3564596279388,11.109821616846135
longest_prefix,naive,1,735.1341286282966,39,0.7675276752767528,0.18399999999996908,0.5623178573943731,0.13038130381303814,0.7547169811320755,301.3564596279388,11.109821616846135
longest_prefix,naive,1,740.1341286282966,39,0.7642375995101041,0.2088180883622499,0.5273595850303331,0.10349050826699327,0.757396449704142,301.3564596279388,11.109821616846135
longest_prefix,naive,1,745.1341286282966,48,0.7416173570019724,0.28753680856891606,0.9625160984520608,0.10848126232741617,0.7272727272727273,301.3564596279388,11.109821616846135
longest_prefix,naive,1,750.1341286282966,33,0.7426160337552743,0.2569800254736947,0.8448583756607104,0.1258790436005626,0.7150837988826816,301.3564596279388,11.109821616846135
longest_prefix,naive,2,0.01623264200049831,44,0.5665236051502146,0.41780408052535123,1.394704567075792,0.0,nan,296.93566534318944,11.109821616846135
longest_prefix,naive,2,5.016232642000499,34,0.7394957983193278,0.23597210186293127,0.818434872643334,0.0,nan,296.93566534318944,11.109821616846135
longest_prefix,naive,2,10.0162326420005,48,0.6807558428642466,0.28424142334815183,1.1303993426964072,0.0,nan,296.93566534318944,11.109821616846135
longest_prefix,naive,2,15.0162326420005,50,0.7178638941398866,0.42038147275458115,1.3710539016257648,0.0,nan,296.93566534318944,11.109821616846135
longest_prefix,naive,2,20.0162326420005,37,0.7365384615384616,0.24944654964014035,0.6779677963985278,0.0,nan,296.93566534318944,11.109821616846135
longest_prefix,naive,2,25.0162326420005,41,0.6977272727272728,0.3546793817575953,1.0563078105073922,0.0,nan,296.93566534318944,11.109821616846135
longest_prefix,naive,2,30.0162326420005,41,0.7476470588235294,0.24509642508097684,0.8980654771037395,0.0,nan,296.93566534318944,11.109821616846135
longest_prefix,naive,2,35.0162326420005,40,0.6863446630888491,0.21075344499941195,0.7499614699616824,0.0,nan,296.93566534318944,11.109821616846135
longest_prefix,naive,2,40.0162326420005,43,0.7520984890878567,0.25061553022631955,1.1199156464749689,0.0,nan,296.93566534318944,11.109821616846135
longest_prefix,naive,2,45.0162326420005,28,0.7441860465116279,0.16609765468399829,0.6681326309347629,0.0,nan,296.93566534318944,11.109821616846135
longest_prefix,naive,2,50.0162326420005,47,0.7409484956654768,0.2029059140076086,0.6397374282393097,0.0,nan,296.93566534318944,11.109821616846135
longest_prefix,naive,2,55.0162326420005,31,0.711453744493392,0.2193317357398641,0.5074133839349478,0.0,nan,296.93566534318944,11.109821616846135
longest_prefix,naive,2,60.0162326420005,38,0.76,0.21599999999999753,0.41353274464889556,0.0,nan,296.93566534318944,11.109821616846135
longest_prefix,naive,2,65.0162326420005,42,0.6992567181246426,0.2615610320319064,0.9606737508377406,0.0,nan,296.93566534318944,11.109821616846135
longest_prefix,naive,2,70.0162326420005,39,0.748780487804878,0.2430529935771233,1.041528467528129,0.0,nan,296.93566534318944,11.109821616846135
longest_prefix,naive,2,75.0162326420005,39,0.7211714460036608,0.28734889417681586,1.2469720524315724,0.0,nan,296.93566534318944,11.109821616846135
longest_prefix,naive,2,80.0162326420005,36,0.7214334009465855,0.20325632020726658,0.6684122805788312,0.0,nan,296.93566534318944,11.109821616846135
longest_prefix,naive,2,85.0162326420005,50,0.7179856115107913,0.25806173508779295,0.9451150864015526,0.0,nan,296.93566534318944,11.109821616846135
longest_prefix,naive,2,90.0162326420005,40,0.702527924750147,0.22303010386037414,1.0491095121193665,0.0,nan,296.93566534318944,11.109821616846135
longest_prefix,naive,2,95.0162326420005,44,0.750402576489533,0.223189430502444,0.931395206097335,0.0,nan,296.93566534318944,11.109821616846135
longest_prefix,naive,2,100.0162326420005,44,0.7042404723564144,0.2372646802791749,0.9265946398502087,0.0,nan,296.93566534318944,11.109821616846135
longest_prefix,naive,2,105.0162326420005,41,0.7234782608695652,0.2570123818602781,0.8600324815056271,0.0,nan,296.93566534318944,11.109821616846135
longest_prefix,naive,2,110.0162326420005,50,0.7144893111638955,0.24888920369475187,1.120216746358999,0.0,nan,296.93566534318944,11.109821616846135
longest_prefix,naive,2,115.0162326420005,44,0.7594390507011867,0.3250057205911503,0.8402970661094966,0.0,nan,296.93566534318944,11.109821616846135
longest_prefix,naive,2,120.0162326420005,40,0.711006474396704,0.26976768006503704,1.3400129631134188,0.0,nan,296.93566534318944,11.109821616846135
longest_prefix,naive,2,125.0162326420005,46,0.7293076522644456,0.3133990720720661,3.1661097409380305,0.0,nan,296.93566534318944,11.109821616846135
longest_prefix,naive,2,130.0162326420005,29,0.7305533279871692,0.49727123837053,2.0629326808336383,0.0,nan,296.93566534318944,11.109821616846135
longest_prefix,naive,2,135.0162326420005,41,0.7177006260671599,0.22124114071996814,0.627119918425348,0.0,nan,296.93566534318944,11.109821616846135
longest_prefix,naive,2,140.0162326420005,60,0.7393595460072964,0.2902425212332673,1.3857854717477858,0.0,nan,296.93566534318944,11.109821616846135
longest_prefix,naive,2,145.0162326420005,24,0.7041540020263425,0.24169506991184164,1.0024088235634163,0.0,nan,296.93566534318944,11.109821616846135
longest_prefix,naive,2,150.0162326420005,41,0.7362250879249707,0.20354081870601703,0.720118139847631,0.0,nan,296.93566534318944,11.109821616846135
longest_prefix,naive,2,155.0162326420005,34,0.7231638418079096,0.21957278264049762,0.7424525284237637,0.0,nan,296.93566534318944,11.109821616846135
longest_prefix,naive,2,160.0162326420005,44,0.7482327351821643,0.24057401058249184,0.7814878415593501,0.0,nan,296.93566534318944,11.109821616846135
longest_prefix,naive,2,165.0162326420005,37,0.6970873786407767,0.27091598039260134,0.8806600594385874,0.0,nan,296.93566534318944,11.109821616846135
longest_prefix,naive,2,170.0162326420005,41,0.7616550116550117,0.1839999999999975,0.3618075149998391,0.0,nan,296.93566534318944,11.109821616846135
longest_prefix,naive,2,175.0162326420005,45,0.7038251366120218,0.22863098410789462,1.2703385757227246,0.0,nan,296.93566534318944,11.109821616846135
longest_prefix,naive,2,180.0162326420005,35,0.7099596231493943,0.2535527082779936,0.8447239127948936,0.0,nan,296.93566534318944,11.109821616846135
longest_prefix,naive,2,185.0162326420005,46,0.7441505595116988,0.24487929100581596,0.6377797718520242,0.0,nan,296.93566534318944,11.109821616846135
longest_prefix,naive,2,190.0162326420005,41,0.7230590961761297,0.22257469930474372,0.9130866641770867,0.0,nan,296.93566534318944,11.109821616846135
longest_prefix,naive,2,195.0162326420005,36,0.7361018084393838,0.2034421247577285,0.6727982196369026,0.0,nan,296.93566534318944,11.109821616846135
longest_prefix,naive,2,200.0162326420005,41,0.7472270869819031,0.22389329218685816,0.7817767650187081,0.0,nan,296.93566534318944,11.109821616846135
longest_prefix,naive,2,205.0162326420005,42,0.7127355796687607,0.24799999999999045,0.8565492057544847,0.0,nan,296.93566534318944,11.109821616846135
longest_prefix,naive,2,210.0162326420005,38,0.7449748743718593,0.19806536178920453,0.6581476040293762,0.0,nan,296.93566534318944,11.109821616846135
longest_prefix,naive,2,215.0162326420005,44,0.7244616234124793,0.2424582804563329,1.0072623220292856,0.0,nan,296.93566534318944,11.109821616846135
longest_prefix,naive,2,220.0162326420005,53,0.6536388140161725,0.4443577292149996,1.3243715716343412,0.0,nan,296.93566534318944,11.109821616846135
longest_prefix,naive,2,225.0162326420005,46,0.6783867631851086,0.503726102956648,1.2131424127089838,0.0,nan,296.93566534318944,11.109821616846135
longest_prefix,naive,2,230.0162326420005,33,0.6912704045422285,0.26244486866164607,0.7896537976542595,0.0,nan,296.93566534318944,11.109821616846135
longest_prefix,naive,2,235.0162326420005,55,0.6877944325481798,0.3168703138485398,1.9260944182816002,0.0,nan,296.93566534318944,11.109821616846135
longest_prefix,naive,2,240.0162326420005,38,0.769620253164557,0.19072300790541874,0.7425302078150118,0.0,nan,296.93566534318944,11.109821616846135
longest_prefix,naive,2,245.0162326420005,48,0.6860873932697137,0.25689024427708773,2.193714778062895,0.0,nan,296.93566534318944,11.109821616846135
longest_prefix,naive,2,250.0162326420005,35,0.7018505825908157,0.26400000000001,1.713738639451541,0.0,nan,296.93566534318944,11.109821616846135
longest_prefix,naive,2,255.0162326420005,41,0.6788990825688074,0.24970551250902417,0.934919495198659,0.0,nan,296.93566534318944,11.109821616846135
longest_prefix,naive,2,260.0162326420005,40,0.7199526346950859,0.23784002064715537,0.7513678787654822,0.0,nan,296.93566534318944,11.109821616846135
longest_prefix,naive,2,265.0162326420005,37,0.7239548772395488,0.18235877427997593,0.7680308953992175,0.0,nan,296.93566534318944,11.109821616846135
longest_prefix,naive,2,270.0162326420005,59,0.7480635955972279,0.27984966583244386,1.2939750982034786,0.0,nan,296.93566534318944,11.109821616846135
longest_prefix,naive,2,275.0162326420005,35,0.7095908786049631,0.26619454383774155,1.0539456883084515,0.0,nan,296.93566534318944,11.109821616846135
longest_prefix,naive,2,280.0162326420005,32,0.7135217723453018,0.19681828046074656,0.8284895384974067,0.0,nan,296.93566534318944,11.109821616846135
longest_prefix,naive,2,285.0162326420005,30,0.7290015847860539,0.2079999999999984,0.6292007704718547,0.0,nan,296.93566534318944,11.109821616846135
longest_prefix,naive,2,290.0162326420005,47,0.7078934137757668,0.23200000000002774,0.8231240545444644,0.0,nan,296.93566534318944,11.109821616846135
longest_prefix,naive,2,295.0162326420005,35,0.7421555252387448,0.18400000000002592,0.6221935935392955,0.0,nan,296.93566534318944,11.109821616846135
longest_prefix,naive,2,300.0162326420005,38,0.742319749216301,0.21370825211351985,0.7875591247882114,0.0,nan,296.93566534318944,11.109821616846135
longest_prefix,naive,2,305.0162326420005,47,0.7239074550128535,0.22446684321101884,1.0396050364728575,0.04524421593830334,0.0,296.93566534318944,11.109821616846135
longest_prefix,naive,2,310.0162326420005,40,0.7692307692307693,0.18400000000002592,0.37861101709822376,0.17548076923076922,0.7671232876712328,296.93566534318944,11.109821616846135
longest_prefix,naive,2,315.0162326420005,36,0.7176781002638523,0.2411645230678232,0.9104408009491802,0.05474934036939314,0.7710843373493976,296.93566534318944,11.109821616846135
longest_prefix,naive,2,320.0162326420005,32,0.7193763919821826,0.25611615180713443,0.6217395571465479,0.0645879732739421,0.735632183908046,296.93566534318944,11.109821616846135
longest_prefix,naive,2,325.0162326420005,39,0.7203791469194313,0.22198877893026747,0.6996483195552625,0.027843601895734597,0.6808510638297872,296.93566534318944,11.109821616846135
longest_prefix,naive,2,330.0162326420005,44,0.7122692725298588,0.23924035725787007,0.7484800000000013,0.06731813246471227,0.5161290322580645,296.93566534318944,11.109821616846135
longest_prefix,naive,2,335.0162326420005,51,0.7011337868480726,0.24799999999999045,1.8334374729198544,0.05714285714285714,0.7619047619047619,296.93566534318944,11.109821616846135
longest_prefix,naive,2,340.0162326420005,35,0.7613168724279835,0.20891678958184912,0.35761075248716995,0.14609053497942387,0.7511737089201878,296.93566534318944,11.109821616846135
longest_prefix,naive,2,345.0162326420005,33,0.7507183908045977,0.21521051016691217,0.6422389245223575,0.09051724137931035,0.7619047619047619,296.93566534318944,11.109821616846135
longest_prefix,naive,2,350.0162326420005,45,0.7509333333333333,0.22003825871769322,0.5863434949214485,0.0864,0.7901234567901234,296.93566534318944,11.109821616846135
longest_prefix,naive,2,355.0162326420005,48,0.7345309381237525,0.2535304245548389,0.9808505754116177,0.10578842315369262,0.7547169811320755,296.93566534318944,11.109821616846135
longest_prefix,naive,2,360.0162326420005,42,0.7166853303471444,0.22295783324895524,0.7464027716576173,0.12206047032474804,0.5871559633027523,296.93566534318944,11.109821616846135
longest_prefix,naive,2,365.0162326420005,38,0.7180109157064888,0.2400000000000091,0.9393022849233383,0.1795027289266222,0.7567567567567568,296.93566534318944,11.109821616846135
longest_prefix,naive,2,370.0162326420005,41,0.7318467695826186,0.23825756570960266,1.0950078125922924,0.22298456260720412,0.6564102564102564,296.93566534318944,11.109821616846135
longest_prefix,naive,2,375.0162326420005,48,0.7691537305958939,0.1970748494508996,1.1302217831713095,0.2128192288432649,0.7529411764705882,296.93566534318944,11.109821616846135
longest_prefix,naive,2,380.0162326420005,39,0.752714113389626,0.2240476483299858,0.4943410336040255,0.2792521109770808,0.7602591792656588,296.93566534318944,11.109821616846135
longest_prefix,naive,2,385.0162326420005,35,0.717391304347826,0.23591016647890228,0.7909157209197517,0.08695652173913043,0.5,296.93566534318944,11.109821616846135
longest_prefix,naive,2,390.0162326420005,40,0.7906114885731933,0.1519999999999868,0.39411438460436105,0.12538604076590487,0.7881773399014779,296.93566534318944,11.109821616846135
longest_prefix,naive,2,395.0162326420005,49,0.7420728821580691,0.22272712870477562,0.5261507666911801,0.25934690014197825,0.7591240875912408,296.93566534318944,11.109821616846135
longest_prefix,naive,2,400.0162326420005,36,0.7258587167854829,0.22014598014604303,0.7303564773118637,0.08684381075826313,0.7164179104477612,296.93566534318944,11.109821616846135
longest_prefix,naive,2,405.0162326420005,58,0.7244190786791683,0.29878830387337985,0.7807478506323804,0.24419078679168366,0.7479131886477463,296.93566534318944,11.109821616846135
longest_prefix,naive,2,410.0162326420005,48,0.7777215189873418,0.18652979354300214,0.5867644232878888,0.06379746835443038,0.7619047619047619,296.93566534318944,11.109821616846135
longest_prefix,naive,2,415.0162326420005,35,0.7349081364829396,0.24799999999999045,0.5442390351171444,0.11023622047244094,0.7619047619047619,296.93566534318944,11.109821616846135
longest_prefix,naive,2,420.0162326420005,41,0.7213872832369942,0.23200000000002774,0.7393242237164601,0.0930635838150289,0.7950310559006211,296.93566534318944,11.109821616846135
longest_prefix,naive,2,425.0162326420005,33,0.7699248120300752,0.18400000000002592,0.5879205912140651,0.12105263157894737,0.7950310559006211,296.93566534318944,11.109821616846135
longest_prefix,naive,2,430.0162326420005,37,0.7628865979381443,0.21979841333626382,0.40611514488788547,0.11275773195876289,0.7314285714285714,296.93566534318944,11.109821616846135
longest_prefix,naive,2,435.0162326420005,29,0.7550854353132628,0.19999999999998863,0.35854227160948526,0.21399511798209928,0.7300380228136882,296.93566534318944,11.109821616846135
longest_prefix,naive,2,440.0162326420005,48,0.724812030075188,0.23839848090176474,0.7446181125447919,0.08671679197994987,0.7398843930635838,296.93566534318944,11.109821616846135
longest_prefix,naive,2,445.0162326420005,41,0.699252443933295,0.22633932268337276,0.8003027261565652,0.17193789534215065,0.7491638795986622,296.93566534318944,11.109821616846135
longest_prefix,naive,2,450.0162326420005,49,0.7105136821891502,0.24715854045734886,1.4175940383193981,0.020163226116178587,0.7619047619047619,296.93566534318944,11.109821616846135
longest_prefix,naive,2,455.0162326420005,36,0.7195767195767195,0.21297780591712012,0.7216000000000207,0.1931216931216931,0.6575342465753424,296.93566534318944,11.109821616846135
longest_prefix,naive,2,460.0162326420005,28,0.7476635514018691,0.18400000000002592,0.3574199346947978,0.24723874256584538,0.7697594501718213,296.93566534318944,11.109821616846135
longest_prefix,naive,2,465.0162326420005,42,0.7543153049482163,0.20271804286474548,0.5874510652264623,0.07940161104718067,0.6956521739130435,296.93566534318944,11.109821616846135
longest_prefix,naive,2,470.0162326420005,47,0.7065750736015701,0.2508384266772623,0.6870776231901391,0.06378802747791953,0.49230769230769234,296.93566534318944,11.109821616846135
longest_prefix,naive,2,475.0162326420005,49,0.7376498800959232,0.24799999999999045,0.5161992645825989,0.13860911270983214,0.7750865051903114,296.93566534318944,11.109821616846135
longest_prefix,naive,2,480.0162326420005,34,0.7299723756906077,0.22092726838923227,0.996909273614245,0.15469613259668508,0.7142857142857143,296.93566534318944,11.109821616846135
longest_prefix,naive,2,485.0162326420005,46,0.7449560269011899,0.22320535610748493,0.989291390519946,0.11381272633212623,0.7272727272727273,296.93566534318944,11.109821616846135
longest_prefix,naive,2,490.0162326420005,32,0.7425149700598802,0.18161618460368345,0.5673001228312782,0.12724550898203593,0.7529411764705882,296.93566534318944,11.109821616846135
longest_prefix,naive,2,495.0162326420005,34,0.7624386825508059,0.19999999999998863,0.4580540044561151,0.14365802382620882,0.7804878048780488,296.93566534318944,11.109821616846135
longest_prefix,naive,2,500.0162326420005,39,0.750465549348231,0.16800000000000637,0.581968275387375,0.06952203600248293,0.7946428571428571,296.93566534318944,11.109821616846135
longest_prefix,naive,2,505.0162326420005,38,0.7667087011349306,0.19200000000000728,0.4059865338333187,0.23833543505674654,0.7619047619047619,296.93566534318944,11.109821616846135
longest_prefix,naive,2,510.0162326420005,37,0.7465975372650681,0.1723396182300121,0.6997553070261575,0.11406351263771873,0.7272727272727273,296.93566534318944,11.109821616846135
longest_prefix,naive,2,515.0162326420004,30,0.7735697018533441,0.18090878938681954,0.318773861427809,0.1990330378726833,0.7773279352226721,296.93566534318944,11.109821616846135
longest_prefix,naive,2,520.0162326420004,40,0.7120234604105572,0.21925195036641298,0.8965838880328327,0.05337243401759531,0.7032967032967034,296.93566534318944,11.109821616846135
longest_prefix,naive,2,525.0162326420004,36,0.7187910643889619,0.1939130884246083,0.6967049724926084,0.13797634691195795,0.7619047619047619,296.93566534318944,11.109821616846135
longest_prefix,naive,2,530.0162326420004,47,0.7475876079228034,0.2749443152792992,0.980311293891841,0.041137633316404264,0.7901234567901234,296.93566534318944,11.109821616846135
longest_prefix,naive,2,535.0162326420004,41,0.7391555812608445,0.20000000000004547,0.602311046353066,0.15384615384615385,0.7218045112781954,296.93566534318944,11.109821616846135
longest_prefix,naive,2,540.0162326420004,51,0.7586533902323376,0.19018999218496901,0.638881413136744,0.1166429587482219,0.6504065040650406,296.93566534318944,11.109821616846135
longest_prefix,naive,2,545.0162326420004,37,0.767833981841764,0.17531490504381964,0.32261573396611315,0.10700389105058365,0.7757575757575758,296.93566534318944,11.109821616846135
longest_prefix,naive,2,550.0162326420004,40,0.7798165137614679,0.166023347386556,0.4749328188873869,0.1981651376146789,0.7901234567901234,296.93566534318944,11.109821616846135
longest_prefix,naive,2,555.0162326420004,39,0.7024390243902439,0.2480000000000473,0.7757484041104954,0.10121951219512196,0.7710843373493976,296.93566534318944,11.109821616846135
longest_prefix,naive,2,560.0162326420004,52,0.7364620938628159,0.23043326214320814,0.7668402828957404,0.14756317689530685,0.7828746177370031,296.93566534318944,11.109821616846135
longest_prefix,naive,2,565.0162326420004,51,0.7508212106992023,0.2772382524984778,0.6826514309787513,0.1313937118723604,0.6857142857142857,296.93566534318944,11.109821616846135
longest_prefix,naive,2,570.0162326420004,35,0.7277739490006891,0.18399999999996908,0.6473599999999484,0.2370778773259821,0.7441860465116279,296.93566534318944,11.109821616846135
longest_prefix,naive,2,575.0162326420004,35,0.7581881533101046,0.16800000000000637,0.6009323320185388,0.1156794425087108,0.7710843373493976,296.93566534318944,11.109821616846135
longest_prefix,naive,2,580.0162326420004,38,0.7855297157622739,0.18121977833459368,0.3113317697409867,0.10465116279069768,0.7901234567901234,296.93566534318944,11.109821616846135
longest_prefix,naive,2,585.0162326420004,37,0.7370441458733206,0.17440737880144752,0.6596587040803844,0.0780550223928343,0.7868852459016393,296.93566534318944,11.109821616846135
longest_prefix,naive,2,590.0162326420004,44,0.7501331912626532,0.2532384212796046,0.6449009450679659,0.24187533297815664,0.775330396475771,296.93566534318944,11.109821616846135
longest_prefix,naive,2,595.0162326420004,41,0.7381776239907728,0.2102206720006734,0.7442050344408244,0.14821222606689735,0.7470817120622568,296.93566534318944,11.109821616846135
longest_prefix,naive,2,600.0162326420004,36,0.7713125845737483,0.19235050235067774,0.38580022301750316,0.19824086603518268,0.764505119453925,296.93566534318944,11.109821616846135
longest_prefix,naive,2,605.0162326420004,37,0.7794601711652402,0.16800000000000637,0.368351248309059,0.08294930875576037,0.7619047619047619,296.93566534318944,11.109821616846135
longest_prefix,naive,2,610.0162326420004,40,0.7623585467540203,0.20000000000004547,0.6271114942701853,0.11494937462775462,0.8290155440414507,296.93566534318944,11.109821616846135
longest_prefix,naive,2,615.0162326420004,50,0.7590996168582376,0.20512556853617525,0.727073361321644,0.09674329501915709,0.7920792079207921,296.93566534318944,11.109821616846135
longest_prefix,naive,2,620.0162326420004,33,0.7657722987672226,0.16800000000000637,0.7540190123532148,0.1885424220449601,0.7384615384615385,296.93566534318944,11.109821616846135
longest_prefix,naive,2,625.0162326420004,32,0.7453042824943651,0.23076352010156143,0.6159138192224396,0.13072877535687452,0.735632183908046,296.93566534318944,11.109821616846135
longest_prefix,naive,2,630.0162326420004,41,0.7685998828353837,0.21600000000000819,0.783958344555117,0.09490333919156414,0.7901234567901234,296.93566534318944,11.109821616846135
longest_prefix,naive,2,635.0162326420004,42,0.7546322290847838,0.250447337257242,0.5462589983661507,0.12521055586749016,0.7174887892376681,296.93566534318944,11.109821616846135
longest_prefix,naive,2,640.0162326420004,50,0.7276172430127902,0.21600000000000819,0.7202264579400355,0.16816674561819042,0.8112676056338028,296.93566534318944,11.109821616846135
longest_prefix,naive,2,645.0162326420004,36,0.7417900837089504,0.2319999999999709,0.4952151222717588,0.10882163554410818,0.757396449704142,296.93566534318944,11.109821616846135
longest_prefix,naive,2,650.0162326420004,47,0.7326932794340576,0.23414155010937066,0.9586361699366966,0.16826680141485598,0.7687687687687688,296.93566534318944,11.109821616846135
longest_prefix,naive,2,655.0162326420004,43,0.7429519071310116,0.25154045612885056,0.7632165623231093,0.20342730790491984,0.782608695652174,296.93566534318944,11.109821616846135
longest_prefix,naive,2,660.0162326420004,34,0.7640449438202247,0.18609574716128918,0.5697444385781433,0.1172752808988764,0.7664670658682635,296.93566534318944,11.109821616846135
longest_prefix,naive,2,665.0162326420004,30,0.7520259319286872,0.17599999999998772,0.6310278121733328,0.0640194489465154,0.810126582278481,296.93566534318944,11.109821616846135
longest_prefix,naive,2,670.0162326420004,38,0.7614276768941766,0.2009895106191948,0.4911980634927194,0.053224796493425174,0.7529411764705882,296.93566534318944,11.109821616846135
longest_prefix,naive,2,675.0162326420004,31,0.7452615617892343,0.21600000000000819,0.4140011368896352,0.09021986353297953,0.7310924369747899,296.93566534318944,11.109821616846135
longest_prefix,naive,2,680.0162326420004,31,0.766023166023166,0.18399999999996908,0.43731860957566365,0.15984555984555984,0.7729468599033816,296.93566534318944,11.109821616846135
longest_prefix,naive,2,685.0162326420004,43,0.7372462973121229,0.2319999999999709,0.7608080913864796,0.06911684037301152,0.7619047619047619,296.93566534318944,11.109821616846135
longest_prefix,naive,2,690.0162326420004,44,0.7268770402611534,0.21600000000000819,1.019805972892616,0.24483133841131666,0.6666666666666666,296.93566534318944,11.109821616846135
longest_prefix,naive,2,695.0162326420004,30,0.7619047619047619,0.20242523225698505,0.7992231518437942,0.16825396825396827,0.7547169811320755,296.93566534318944,11.109821616846135
longest_prefix,naive,2,700.0162326420004,39,0.7365233192004845,0.21600000000000819,0.7141543782128063,0.17504542701393094,0.7750865051903114,296.93566534318944,11.109821616846135
longest_prefix,naive,2,705.0162326420004,51,0.7450346420323326,0.2458676868806151,0.8056167013464801,0.053117782909930716,0.8347826086956521,296.93566534318944,11.109821616846135
longest_prefix,naive,2,710.0162326420004,36,0.7690253671562083,0.2043432124555693,0.8311848651315017,0.16088117489986647,0.7966804979253111,296.93566534318944,11.109821616846135
longest_prefix,naive,2,715.0162326420004,35,0.7222982216142271,0.19103583282333148,0.6912860846655686,0.14227086183310533,0.6153846153846154,296.93566534318944,11.109821616846135
longest_prefix,naive,2,720.0162326420004,37,0.7519582245430809,0.18399999999996908,0.5593136654906585,0.09856396866840732,0.847682119205298,296.93566534318944,11.109821616846135
longest_prefix,naive,2,725.0162326420004,38,0.7541613316261203,0.1720737788967881,0.7005577800493599,0.21254801536491677,0.7710843373493976,296.93566534318944,11.109821616846135
longest_prefix,naive,2,730.0162326420004,47,0.7434343434343434,0.20693720689109796,0.6248354751673946,0.10656565656565657,0.7582938388625592,296.93566534318944,11.109821616846135
longest_prefix,naive,2,735.0162326420004,40,0.7695573074590661,0.16775723970062018,0.5835131250085361,0.12734990903577925,0.7619047619047619,296.93566534318944,11.109821616846135
longest_prefix,naive,2,740.0162326420004,18,0.72,0.2505916487970694,0.39972670433380814,0.22375,0.7150837988826816,296.93566534318944,11.109821616846135
longest_prefix,shield,0,0.0849914879961137,33,0.38857142857142857,0.6875242901541498,1.396282005262449,0.0,nan,296.28939501833446,11.109821616846135
longest_prefix,shield,0,5.084991487996113,37,0.7305009511731135,0.24800000000000022,1.4728712473957772,0.0,nan,296.28939501833446,11.109821616846135
longest_prefix,shield,0,10.084991487996113,33,0.6549707602339181,0.2560600933959183,0.7862231875310475,0.0,nan,296.28939501833446,11.109821616846135
longest_prefix,shield,0,15.084991487996113,36,0.7325049051667757,0.20445256644016396,0.7282025543599578,0.0,nan,296.28939501833446,11.109821616846135
longest_prefix,shield,0,20.084991487996113,53,0.7443642921550947,0.21621034605746914,1.1722566915033328,0.0,nan,296.28939501833446,11.109821616846135
longest_prefix,shield,0,25.084991487996113,49,0.7117701575532901,0.29971482817783723,0.7272694359578494,0.0,nan,296.28939501833446,11.109821616846135
longest_prefix,shield,0,30.084991487996113,44,0.6776246023329798,0.27166505672283314,0.9882191236122987,0.0,nan,296.28939501833446,11.109821616846135
longest_prefix,shield,0,35.08499148799611,38,0.7257566399011736,0.2646656738695796,0.7002651314582616,0.0,nan,296.28939501833446,11.109821616846135
longest_prefix,shield,0,40.08499148799611,41,0.6825859056493885,0.22135521104456046,0.8546006027714272,0.0,nan,296.28939501833446,11.109821616846135
longest_prefix,shield,0,45.08499148799611,34,0.7118294360385145,0.2552236083765216,0.8174734396246244,0.0,nan,296.28939501833446,11.109821616846135
longest_prefix,shield,0,50.08499148799611,50,0.7197750702905342,0.42327747629997603,0.9944619890396795,0.0,nan,296.28939501833446,11.109821616846135
longest_prefix,shield,0,55.08499148799611,44,0.6539735099337748,0.27764592589923254,1.3010358571251905,0.0,nan,296.28939501833446,11.109821616846135
longest_prefix,shield,0,60.08499148799611,50,0.7262411347517731,0.25743396733339097,1.0011475085042827,0.0,nan,296.28939501833446,11.109821616846135
longest_prefix,shield,0,65.08499148799612,33,0.7199710564399421,0.23587472432379286,1.5512883286190355,0.0,nan,296.28939501833446,11.109821616846135
longest_prefix,shield,0,70.08499148799612,45,0.732521186440678,0.2410990853047963,0.8883919620325398,0.0,nan,296.28939501833446,11.109821616846135
longest_prefix,shield,0,75.08499148799612,38,0.7769968051118211,0.17851958766600262,0.47702696562828256,0.0,nan,296.28939501833446,11.109821616846135
longest_prefix,shield,0,80.08499148799612,46,0.7023991832567636,0.359767397658338,1.2115242211895083,0.0,nan,296.28939501833446,11.109821616846135
longest_prefix,shield,0,85.08499148799612,36,0.7257745550428477,0.24115700000223939,0.6465430170905093,0.0,nan,296.28939501833446,11.109821616846135
longest_prefix,shield,0,90.08499148799612,35,0.7299122214719784,0.27816091433805923,0.7276623520196405,0.0,nan,296.28939501833446,11.109821616846135
longest_prefix,shield,0,95.08499148799612,36,0.7287340924313462,0.1963573951553954,0.5897746086009362,0.0,nan,296.28939501833446,11.109821616846135
longest_prefix,shield,0,100.08499148799612,43,0.7201309328968903,0.26686975576258476,1.251844092420688,0.0,nan,296.28939501833446,11.109821616846135
longest_prefix,shield,0,105.08499148799612,38,0.7190721649484536,0.22986373496680557,0.6462400000000009,0.0,nan,296.28939501833446,11.109821616846135
longest_prefix,shield,0,110.08499148799612,31,0.7743950039032006,0.17986008093849648,0.31063686186797385,0.0,nan,296.28939501833446,11.109821616846135
longest_prefix,shield,0,115.08499148799612,41,0.6847888953152111,0.2966985933786077,0.9607946589518321,0.0,nan,296.28939501833446,11.109821616846135
longest_prefix,shield,0,120.08499148799612,43,0.735632183908046,0.24330503611483323,0.6468849206026256,0.0,nan,296.28939501833446,11.109821616846135
longest_prefix,shield,0,125.08499148799612,39,0.74282223579719,0.23581300689569673,0.741731544270639,0.0,nan,296.28939501833446,11.109821616846135
longest_prefix,shield,0,130.08499148799612,42,0.7253121452894438,0.25861855210897033,0.9362661034022847,0.0,nan,296.28939501833446,11.109821616846135
longest_prefix,shield,0,135.08499148799612,38,0.7267515923566878,0.2407534459997862,0.7716614496724121,0.0,nan,296.28939501833446,11.109821616846135
longest_prefix,shield,0,140.08499148799612,33,0.7625468164794007,0.16800000000000637,0.5316953293821438,0.0,nan,296.28939501833446,11.109821616846135
longest_prefix,shield,0,145.08499148799612,40,0.750733137829912,0.21797436521092095,0.5704186176015079,0.0,nan,296.28939501833446,11.109821616846135
longest_prefix,shield,0,150.08499148799612,33,0.7324749642346209,0.2726789431203258,1.0578661536548144,0.0,nan,296.28939501833446,11.109821616846135
longest_prefix,shield,0,155.08499148799612,47,0.7506374298827129,0.20401046105919818,0.7396624043831365,0.0,nan,296.28939501833446,11.109821616846135
longest_prefix,shield,0,160.08499148799612,36,0.7101827676240209,0.2420762392655007,0.682182413003619,0.0,nan,296.28939501833446,11.109821616846135
longest_prefix,shield,0,165.08499148799612,35,0.7243675099866844,0.23157547662250977,0.5650837593004455,0.0,nan,296.28939501833446,11.109821616846135
longest_prefix,shield,0,170.08499148799612,34,0.6917760884588804,0.24225092265277226,0.8884122075031397,0.0,nan,296.28939501833446,11.109821616846135
longest_prefix,shield,0,175.08499148799612,34,0.6748802190280629,0.25910571023959506,0.8070488636851184,0.0,nan,296.28939501833446,11.109821616846135
longest_prefix,shield,0,180.08499148799612,50,0.7358047864852182,0.2680815286894642,0.854111287888403,0.0,nan,296.28939501833446,11.109821616846135
longest_prefix,shield,0,185.08499148799612,31,0.7293934681181959,0.20625407795319006,0.8552881570180431,0.0,nan,296.28939501833446,11.109821616846135
longest_prefix,shield,0,190.08499148799612,39,0.7294541091781643,0.25275108575431204,0.810281348852925,0.0,nan,296.28939501833446,11.109821616846135
longest_prefix,shield,0,195.08499148799612,44,0.6711301553294055,0.42836452386185897,1.8164919283966434,0.0,nan,296.28939501833446,11.109821616846135
longest_prefix,shield,0,200.08499148799612,47,0.72544080604534,0.26400000000001,0.9201643331472159,0.0,nan,296.28939501833446,11.109821616846135
longest_prefix,shield,0,205.08499148799612,37,0.7386290839205637,0.22975103081299153,0.7169813191099843,0.0,nan,296.28939501833446,11.109821616846135
longest_prefix,shield,0,210.08499148799612,48,0.7229862475442044,0.22413457969990702,1.6071350851424047,0.0,nan,296.28939501833446,11.109821616846135
longest_prefix,shield,0,215.08499148799612,39,0.7174969623329283,0.2259267013654096,0.7643589402158727,0.0,nan,296.28939501833446,11.109821616846135
longest_prefix,shield,0,220.08499148799612,41,0.7323943661971831,0.23224320504004936,0.7437721556898453,0.0,nan,296.28939501833446,11.109821616846135
longest_prefix,shield,0,225.08499148799612,53,0.7529411764705882,0.24171304160842055,2.277812898685143,0.0,nan,296.28939501833446,11.109821616846135
longest_prefix,shield,0,230.08499148799612,55,0.6796240922682615,0.5434241215999123,1.5667176072926225,0.0,nan,296.28939501833446,11.109821616846135
longest_prefix,shield,0,235.08499148799612,48,0.7360774818401937,0.4087325268189801,1.3520580419133634,0.0,nan,296.28939501833446,11.109821616846135
longest_prefix,shield,0,240.08499148799612,34,0.7057201929703653,0.23464480777650465,0.7230399999999928,0.0,nan,296.28939501833446,11.109821616846135
longest_prefix,shield,0,245.08499148799612,45,0.76,0.2091089632766625,0.5568332220726169,0.0,nan,296.28939501833446,11.109821616846135
longest_prefix,shield,0,250.08499148799612,42,0.7400881057268722,0.23981407475616834,0.5229926614465081,0.0,nan,296.28939501833446,11.109821616846135
longest_prefix,shield,0,255.08499148799612,45,0.7044025157232704,0.45416380763307984,2.1824185822713047,0.0,nan,296.28939501833446,11.109821616846135
longest_prefix,shield,0,260.08499148799615,56,0.7186036611323967,0.44732384285893545,1.2040732302899473,0.0,nan,296.28939501833446,11.109821616846135
longest_prefix,shield,0,265.08499148799615,32,0.7342709104367136,0.2303929323731495,0.6297476944175009,0.0,nan,296.28939501833446,11.109821616846135
longest_prefix,shield,0,270.08499148799615,43,0.743078626799557,0.23328668426688637,0.723159126577724,0.0,nan,296.28939501833446,11.109821616846135
longest_prefix,shield,0,275.08499148799615,49,0.7298601061263869,0.27592019590662176,0.8719978867598928,0.0,nan,296.28939501833446,11.109821616846135
longest_prefix,shield,0,280.08499148799615,38,0.693407960199005,0.21864040261189643,0.7107632989424738,0.0,nan,296.28939501833446,11.109821616846135
longest_prefix,shield,0,285.08499148799615,47,0.7501293326435592,0.23200000000002774,0.6969725613809249,0.0,nan,296.28939501833446,11.109821616846135
longest_prefix,shield,0,290.08499148799615,35,0.7266576454668471,0.23600368385382353,0.7056136868611195,0.0,nan,296.28939501833446,11.109821616846135
longest_prefix,shield,0,295.08499148799615,41,0.7544565842438183,0.2254528360440986,0.6326993403154575,0.0,nan,296.28939501833446,11.109821616846135
longest_prefix,shield,0,300.08499148799615,36,0.7167325428194994,0.23594814873524683,0.7450702751585822,0.048748353096179184,0.0,296.28939501833446,11.109821616846135
longest_prefix,shield,0,305.08499148799615,39,0.7450980392156863,0.2177044736587277,0.6045396906705002,0.05759803921568627,0.6808510638297872,296.28939501833446,11.109821616846135
longest_prefix,shield,0,310.08499148799615,43,0.7556287753981329,0.21600000000000819,0.46861621563078526,0.08676551345414607,0.810126582278481,296.28939501833446,11.109821616846135
longest_prefix,shield,0,315.08499148799615,34,0.7793696275071633,0.16389525227839385,0.2760753031424838,0.06160458452722063,0.7441860465116279,296.28939501833446,11.109821616846135
longest_prefix,shield,0,320.08499148799615,43,0.7321428571428571,0.21234961714355904,0.659840000000006,0.09765625,0.7314285714285714,296.28939501833446,11.109821616846135
longest_prefix,shield,0,325.08499148799615,54,0.7421944692239072,0.24269155467897008,0.9127855092810142,0.05798394290811775,0.7384615384615385,296.28939501833446,11.109821616846135
longest_prefix,shield,0,330.08499148799615,33,0.735632183908046,0.19999999999998863,0.7612458415709806,0.15014367816091953,0.7655502392344498,296.28939501833446,11.109821616846135
longest_prefix,shield,0,335.08499148799615,40,0.7203592814371258,0.24551695056348422,0.9364424127524995,0.05568862275449102,0.34408602150537637,296.28939501833446,11.109821616846135
longest_prefix,shield,0,340.08499148799615,44,0.768139661756683,0.24799999999999045,1.1531541809055523,0.09438079650845609,0.7398843930635838,296.28939501833446,11.109821616846135
longest_prefix,shield,0,345.08499148799615,36,0.7296416938110749,0.23656461610107726,0.6958479261526491,0.05732899022801303,0.7272727272727273,296.28939501833446,11.109821616846135
longest_prefix,shield,0,350.08499148799615,47,0.7661742231278655,0.18953641332808502,1.0832233055223868,0.10850738665308202,0.7511737089201878,296.28939501833446,11.109821616846135
longest_prefix,shield,0,355.08499148799615,40,0.7459653317393903,0.2091981625395647,0.6047689593881534,0.07591153616258219,0.7559055118110236,296.28939501833446,11.109821616846135
longest_prefix,shield,0,360.08499148799615,33,0.7438136826783115,0.2100558270249735,0.5559780674213447,0.08733624454148471,0.8,296.28939501833446,11.109821616846135
longest_prefix,shield,0,365.08499148799615,29,0.7811447811447811,0.14449026313565128,0.40184939227048516,0.09595959595959595,0.8421052631578947,296.28939501833446,11.109821616846135
longest_prefix,shield,0,370.08499148799615,41,0.7654609101516919,0.19190100906899943,0.5122055697103292,0.09918319719953325,0.7529411764705882,296.28939501833446,11.109821616846135
longest_prefix,shield,0,375.08499148799615,43,0.755056179775281,0.2111957826427897,0.7659793649734796,0.07078651685393259,0.7619047619047619,296.28939501833446,11.109821616846135
longest_prefix,shield,0,380.08499148799615,42,0.7445983379501385,0.25943294089361757,0.7498503276776823,0.04709141274238227,0.7529411764705882,296.28939501833446,11.109821616846135
longest_prefix,shield,0,385.08499148799615,35,0.7489768076398363,0.18400000000002592,0.6669957854596483,0.10368349249658936,0.8421052631578947,296.28939501833446,11.109821616846135
longest_prefix,shield,0,390.08499148799615,57,0.7501046462955211,0.22365168635508326,0.6129423860511406,0.06822938467978233,0.588957055214724,296.28939501833446,11.109821616846135
longest_prefix,shield,0,395.08499148799615,39,0.7809762202753442,0.15658424543471483,0.29504045370529525,0.07321652065081352,0.8205128205128205,296.28939501833446,11.109821616846135
longest_prefix,shield,0,400.08499148799615,29,0.7249190938511327,0.2063586519556111,0.6331377041391328,0.13187702265372167,0.7852760736196319,296.28939501833446,11.109821616846135
longest_prefix,shield,0,405.08499148799615,39,0.7678571428571429,0.17532229560828227,0.44370493881080275,0.10160098522167488,0.7757575757575758,296.28939501833446,11.109821616846135
longest_prefix,shield,0,410.08499148799615,35,0.723693143245078,0.21600000000000819,0.748737673746967,0.08078750848608282,0.8067226890756303,296.28939501833446,11.109821616846135
longest_prefix,shield,0,415.08499148799615,38,0.7745222929936306,0.19302802757334803,0.6842783548668803,0.0,nan,296.28939501833446,11.109821616846135
longest_prefix,shield,0,420.08499148799615,36,0.7447951645399598,0.19670709498993233,0.8794316641298621,0.024848891873740765,0.8648648648648649,296.28939501833446,11.109821616846135
longest_prefix,shield,0,425.08499148799615,44,0.7619047619047619,0.20215993718102254,0.5652868199566752,0.020562770562770564,0.8421052631578947,296.28939501833446,11.109821616846135
longest_prefix,shield,0,430.08499148799615,37,0.7559870550161812,0.19999999999998863,0.6498213854947631,0.12880258899676375,0.8040201005025126,296.28939501833446,11.109821616846135
longest_prefix,shield,0,435.08499148799615,44,0.7732015376166941,0.19999999999998863,0.5761884349410116,0.13289401427786932,0.7933884297520661,296.28939501833446,11.109821616846135
longest_prefix,shield,0,440.08499148799615,52,0.7413479052823315,0.2522323069874517,0.6332683195049396,0.10336976320582877,0.7048458149779736,296.28939501833446,11.109821616846135
longest_prefix,shield,0,445.08499148799615,37,0.7395377888819488,0.22242722883265742,0.7204246294617883,0.05309181761399125,0.7529411764705882,296.28939501833446,11.109821616846135
longest_prefix,shield,0,450.08499148799615,37,0.7482337829158638,0.23200000000002774,0.5308435485202881,0.14001284521515736,0.7339449541284404,296.28939501833446,11.109821616846135
longest_prefix,shield,0,455.08499148799615,42,0.7252252252252253,0.23200000000002774,0.9281144568039859,0.11317567567567567,0.7064676616915423,296.28939501833446,11.109821616846135
longest_prefix,shield,0,460.08499148799615,47,0.7650050864699899,0.20943287375916952,0.8810093174689392,0.08850457782299084,0.735632183908046,296.28939501833446,11.109821616846135
longest_prefix,shield,0,465.08499148799615,38,0.7564996829422955,0.18695693540985303,0.5077772135187394,0.160431198478123,0.6679841897233202,296.28939501833446,11.109821616846135
longest_prefix,shield,0,470.08499148799615,42,0.7458783399658897,0.19999999999998863,0.5637834746356801,0.14553723706651506,0.75,296.28939501833446,11.109821616846135
longest_prefix,shield,0,475.08499148799615,46,0.7470678225395206,0.25287775216500563,0.7485279013472221,0.09535951045385008,0.6844919786096256,296.28939501833446,11.109821616846135
longest_prefix,shield,0,480.08499148799615,46,0.7763713080168776,0.19530051113667923,0.44525019390721055,0.06381856540084388,0.7933884297520661,296.28939501833446,11.109821616846135
longest_prefix,shield,0,485.08499148799615,39,0.7844123192960403,0.1944024390986101,0.6075758279747685,0.10559396605908233,0.7619047619047619,296.28939501833446,11.109821616846135
longest_prefix,shield,0,490.08499148799615,29,0.7581699346405228,0.21322875235904348,0.5000095282730807,0.13562091503267973,0.7710843373493976,296.28939501833446,11.109821616846135
longest_prefix,shield,0,495.08499148799615,35,0.7713498622589532,0.19113920792017325,0.45471774164832457,0.05853994490358127,0.7529411764705882,296.28939501833446,11.109821616846135
longest_prefix,shield,0,500.08499148799615,33,0.7635574837310195,0.18921050070758838,0.6857109422212465,0.05929139551699204,0.7804878048780488,296.28939501833446,11.109821616846135
longest_prefix,shield,0,505.08499148799615,38,0.7067484662576687,0.23200000000002774,0.7262400000000276,0.12515337423312883,0.7843137254901961,296.28939501833446,11.109821616846135
longest_prefix,shield,0,510.08499148799615,38,0.7308399754751687,0.23312262434919262,0.558825210871869,0.028816676885346414,0.6808510638297872,296.28939501833446,11.109821616846135
longest_prefix,shield,0,515.0849914879961,49,0.7495219885277247,0.26400000000001,0.7391517380980529,0.0607074569789675,0.7559055118110236,296.28939501833446,11.109821616846135
longest_prefix,shield,0,520.0849914879961,48,0.7438302073050346,0.23369144502345307,0.6679899980338929,0.10513326752221125,0.6150234741784038,296.28939501833446,11.109821616846135
longest_prefix,shield,0,525.0849914879961,42,0.7634285714285715,0.2164847926700304,0.4237017638175652,0.04971428571428571,0.735632183908046,296.28939501833446,11.109821616846135
longest_prefix,shield,0,530.0849914879961,47,0.7685232498722534,0.19812378275616993,0.4111158225644999,0.21461420541645376,0.7619047619047619,296.28939501833446,11.109821616846135
longest_prefix,shield,0,535.0849914879961,46,0.7733755942947702,0.22809700961414592,0.8614463037050654,0.06814580031695722,0.7441860465116279,296.28939501833446,11.109821616846135
longest_prefix,shield,0,540.0849914879961,29,0.7726894254787677,0.16016588336196946,0.33208196276733803,0.14154870940882597,0.7529411764705882,296.28939501833446,11.109821616846135
longest_prefix,shield,0,545.0849914879961,45,0.7527443805541035,0.23060990240628598,0.468532437807362,0.10402509147935181,0.8040201005025126,296.28939501833446,11.109821616846135
longest_prefix,shield,0,550.0849914879961,45,0.7497337593184239,0.2207015781497148,0.8413848300101927,0.11182108626198083,0.6095238095238096,296.28939501833446,11.109821616846135
longest_prefix,shield,0,555.0849914879961,34,0.7394957983193278,0.21600000000000819,0.732604010791753,0.06022408963585434,0.7441860465116279,296.28939501833446,11.109821616846135
longest_prefix,shield,0,560.0849914879961,37,0.7600258732212161,0.2186751899612318,0.5266363566990413,0.13454075032341525,0.7692307692307693,296.28939501833446,11.109821616846135
longest_prefix,shield,0,565.0849914879961,38,0.7473878303626306,0.23383514576443076,0.47682725147898997,0.10448678549477566,0.7529411764705882,296.28939501833446,11.109821616846135
longest_prefix,shield,0,570.0849914879961,26,0.7380073800738007,0.16520341039370123,0.6659099988288517,0.0,nan,296.28939501833446,11.109821616846135
longest_prefix,shield,0,575.0849914879961,40,0.764179104477612,0.21567972806764146,0.4568140905384223,0.07223880597014926,0.7933884297520661,296.28939501833446,11.109821616846135
longest_prefix,shield,0,580.0849914879961,39,0.7272727272727273,0.21600000000000819,0.6195564309704399,0.12799043062200957,0.7476635514018691,296.28939501833446,11.109821616846135
longest_prefix,shield,0,585.0849914879961,47,0.7506374298827129,0.25353990423343475,0.7462751990009995,0.043345232024477306,0.7529411764705882,296.28939501833446,11.109821616846135
longest_prefix,shield,0,590.0849914879961,36,0.7776271186440677,0.181705619224374,0.5339071724879488,0.11389830508474576,0.7619047619047619,296.28939501833446,11.109821616846135
longest_prefix,shield,0,595.0849914879961,34,0.7771428571428571,0.1729798272045855,0.40589138957551435,0.06428571428571428,0.7111111111111111,296.28939501833446,11.109821616846135
longest_prefix,shield,0,600.0849914879961,39,0.7689463955637708,0.20884949142532605,0.49082798876119327,0.10474430067775724,0.7529411764705882,296.28939501833446,11.109821616846135
longest_prefix,shield,0,605.0849914879961,37,0.7427466150870407,0.21600000000000819,0.6330524630912807,0.19600257898130238,0.631578947368421,296.28939501833446,11.109821616846135
longest_prefix,shield,0,610.0849914879961,40,0.7384615384615385,0.2187172914018447,1.0918409395418427,0.052662721893491124,0.7191011235955056,296.28939501833446,11.109821616846135
longest_prefix,shield,0,615.0849914879961,44,0.7719298245614035,0.19939740507874149,0.5595196772879945,0.09320175438596491,0.7529411764705882,296.28939501833446,11.109821616846135
longest_prefix,shield,0,620.0849914879961,47,0.7716777834787071,0.21600000000000819,0.5698953811353907,0.1944586967675731,0.7598944591029023,296.28939501833446,11.109821616846135
longest_prefix,shield,0,625.0849914879961,44,0.7572922399559714,0.18713661914563318,0.5806750176792309,0.1386901485965878,0.7619047619047619,296.28939501833446,11.109821616846135
longest_prefix,shield,0,630.0849914879961,46,0.759493670886076,0.19352607149517098,0.6516063179969024,0.06276371308016877,0.8067226890756303,296.28939501833446,11.109821616846135
longest_prefix,shield,0,635.0849914879961,38,0.7686472819216182,0.1951495742950442,0.5848596503383352,0.10303413400758533,0.7852760736196319,296.28939501833446,11.109821616846135
longest_prefix,shield,0,640.0849914879961,42,0.757473209249859,0.20000000000004547,0.4510809752976466,0.09870276367738297,0.7314285714285714,296.28939501833446,11.109821616846135
longest_prefix,shield,0,645.0849914879961,48,0.759268413247652,0.23127470275892392,0.39752339566936035,0.18437963420662382,0.7721179624664879,296.28939501833446,11.109821616846135
longest_prefix,shield,0,650.0849914879961,33,0.7414916727009413,0.17578099853017193,0.759358145363276,0.11151339608979001,0.8311688311688312,296.28939501833446,11.109821616846135
longest_prefix,shield,0,655.0849914879961,41,0.7446083995459705,0.2319999999999709,0.934039930910149,0.09761634506242906,0.7441860465116279,296.28939501833446,11.109821616846135
longest_prefix,shield,0,660.0849914879961,33,0.7455705173635719,0.22280340326562964,0.5018153220917884,0.058823529411764705,0.7710843373493976,296.28939501833446,11.109821616846135
longest_prefix,shield,0,665.0849914879961,39,0.7432762836185819,0.2229013638569768,0.8733199106771548,0.08557457212713937,0.6857142857142857,296.28939501833446,11.109821616846135
longest_prefix,shield,0,670.0849914879961,31,0.7929656274980016,0.16399777744641142,0.40987610445018846,0.05755395683453238,0.8888888888888888,296.28939501833446,11.109821616846135
longest_prefix,shield,0,675.0849914879961,34,0.7524204702627939,0.2480000000000473,0.6735851311973727,0.05394190871369295,0.8205128205128205,296.28939501833446,11.109821616846135
longest_prefix,shield,0,680.0849914879961,43,0.7648693718732629,0.18399999999996908,0.3946842053572595,0.13674263479710952,0.7804878048780488,296.28939501833446,11.109821616846135
longest_prefix,shield,0,685.0849914879961,44,0.7611940298507462,0.18452407246900293,0.7583018700201115,0.09508015478164732,0.7441860465116279,296.28939501833446,11.109821616846135
longest_prefix,shield,0,690.0849914879961,45,0.7787993510005409,0.19503205550586244,0.502302679197892,0.06327744726879395,0.8205128205128205,296.28939501833446,11.109821616846135
longest_prefix,shield,0,695.0849914879961,48,0.7570231641202563,0.23109940242574112,0.5033213267434429,0.10941350418925579,0.7207207207207207,296.28939501833446,11.109821616846135
longest_prefix,shield,0,700.0849914879961,43,0.7426347971095053,0.23408126586309663,0.8062334953295657,0.06948304613674264,0.512,296.28939501833446,11.109821616846135
longest_prefix,shield,0,705.0849914879961,46,0.7739221871713985,0.22895214232232775,0.6563442586965829,0.0683491062039958,0.7384615384615385,296.28939501833446,11.109821616846135
longest_prefix,shield,0,710.0849914879961,42,0.7362514029180696,0.22497608620585652,0.6489929564771204,0.04208754208754209,0.8533333333333334,296.28939501833446,11.109821616846135
longest_prefix,shield,0,715.0849914879961,37,0.7638709677419355,0.2108226346184665,0.4859538656282075,0.1406451612903226,0.7339449541284404,296.28939501833446,11.109821616846135
longest_prefix,shield,0,720.0849914879961,46,0.7821466524973433,0.1948556082713253,0.5969778346504255,0.0,nan,296.28939501833446,11.109821616846135
longest_prefix,shield,0,725.0849914879961,33,0.7787610619469026,0.15200000000004366,0.35927883069539346,0.05752212389380531,0.8205128205128205,296.28939501833446,11.109821616846135
longest_prefix,shield,0,730.0849914879961,47,0.7685232498722534,0.2032822233564957,0.6126290429127288,0.14409810935104753,0.7943262411347518,296.28939501833446,11.109821616846135
longest_prefix,shield,0,735.0849914879961,37,0.7365728900255755,0.21747458217305393,0.9210254670218775,0.1438618925831202,0.7111111111111111,296.28939501833446,11.109821616846135
longest_prefix,shield,0,740.0849914879961,5,0.7960199004975125,0.16800000000000637,0.19936000000004242,0.0,nan,296.28939501833446,11.109821616846135
longest_prefix,shield,1,0.13412862829656735,33,0.43867243867243866,0.744,1.7661667010736755,0.0,nan,301.3564596279388,11.109821616846135
longest_prefix,shield,1,5.134128628296567,37,0.7551020408163265,0.1851300823733908,0.670536666967964,0.0,nan,301.3564596279388,11.109821616846135
longest_prefix,shield,1,10.134128628296567,46,0.7341902313624679,0.23199246551314,0.9019176902842613,0.0,nan,301.3564596279388,11.109821616846135
longest_prefix,shield,1,15.134128628296567,40,0.7468581687612208,0.2351198538081487,0.691282221633685,0.0,nan,301.3564596279388,11.109821616846135
longest_prefix,shield,1,20.134128628296565,42,0.6811512415349887,0.22747737957825365,0.8993238053264617,0.0,nan,301.3564596279388,11.109821616846135
longest_prefix,shield,1,25.134128628296565,31,0.7067783701447068,0.20974391550634053,0.6896000000000014,0.0,nan,301.3564596279388,11.109821616846135
longest_prefix,shield,1,30.134128628296565,32,0.7048458149779736,0.21105525987197282,0.7363200000000035,0.0,nan,301.3564596279388,11.109821616846135
longest_prefix,shield,1,35.134128628296565,38,0.7345679012345679,0.2575408249988804,0.6173059539212524,0.0,nan,301.3564596279388,11.109821616846135
longest_prefix,shield,1,40.134128628296565,25,0.689784442361762,0.1952114631638011,0.7561599999999984,0.0,nan,301.3564596279388,11.109821616846135
longest_prefix,shield,1,45.134128628296565,28,0.7386934673366834,0.22286892666157598,0.4458835418949968,0.0,nan,301.3564596279388,11.109821616846135
longest_prefix,shield,1,50.134128628296565,39,0.7454100367197063,0.239027322704068,1.1052017973890964,0.0,nan,301.3564596279388,11.109821616846135
longest_prefix,shield,1,55.134128628296565,39,0.7180109157064888,0.24011510408722359,1.0658162292418014,0.0,nan,301.3564596279388,11.109821616846135
longest_prefix,shield,1,60.134128628296565,45,0.7425796006475985,0.1891065157877847,0.6627199999999996,0.0,nan,301.3564596279388,11.109821616846135
longest_prefix,shield,1,65.13412862829657,40,0.6981689308919079,0.24237307781555018,0.882864784956668,0.0,nan,301.3564596279388,11.109821616846135
longest_prefix,shield,1,70.13412862829657,37,0.7373417721518988,0.25602105938095576,0.7664593208111177,0.0,nan,301.3564596279388,11.109821616846135
longest_prefix,shield,1,75.13412862829657,49,0.7174435367611726,0.28240934301739173,1.184828123328519,0.0,nan,301.3564596279388,11.109821616846135
longest_prefix,shield,1,80.13412862829657,51,0.7209302325581395,0.31088245328660946,0.8490473646764087,0.0,nan,301.3564596279388,11.109821616846135
longest_prefix,shield,1,85.13412862829657,38,0.7281921618204804,0.22227461113257618,0.8385731242307404,0.0,nan,301.3564596279388,11.109821616846135
longest_prefix,shield,1,90.13412862829657,41,0.7336476134354744,0.23710340500414873,0.866375021618123,0.0,nan,301.3564596279388,11.109821616846135
longest_prefix,shield,1,95.13412862829657,44,0.75,0.2538094637701178,0.6714468197379999,0.0,nan,301.3564596279388,11.109821616846135
longest_prefix,shield,1,100.13412862829657,39,0.7520098948670377,0.2907118648606115,0.8297862915844045,0.0,nan,301.3564596279388,11.109821616846135
longest_prefix,shield,1,105.13412862829657,35,0.7167325428194994,0.23966805519567913,0.7470998921999888,0.0,nan,301.3564596279388,11.109821616846135
longest_prefix,shield,1,110.13412862829657,28,0.7260504201680672,0.22399999999999665,0.5681076547987701,0.0,nan,301.3564596279388,11.109821616846135
longest_prefix,shield,1,115.13412862829657,40,0.7077997671711292,0.23941690723632547,0.753760000000003,0.0,nan,301.3564596279388,11.109821616846135
longest_prefix,shield,1,120.13412862829657,47,0.7016828148903621,0.5579116449596313,1.1654979192965784,0.0,nan,301.3564596279388,11.109821616846135
longest_prefix,shield,1,125.13412862829657,52,0.7241693218024579,0.48521733769881337,1.6599243817962648,0.0,nan,301.3564596279388,11.109821616846135
longest_prefix,shield,1,130.13412862829657,39,0.7162734422262553,0.29293524004054916,1.2282505107541715,0.0,nan,301.3564596279388,11.109821616846135
longest_prefix,shield,1,135.13412862829657,40,0.7158956109134045,0.23193671308740704,0.7900978711502151,0.0,nan,301.3564596279388,11.109821616846135
longest_prefix,shield,1,140.13412862829657,43,0.6855870895937674,0.2694047032684068,1.278885466897251,0.0,nan,301.3564596279388,11.109821616846135
longest_prefix,shield,1,145.13412862829657,39,0.7451573849878934,0.22947269863186648,0.5843213041472698,0.0,nan,301.3564596279388,11.109821616846135
longest_prefix,shield,1,150.13412862829657,44,0.7366720516962844,0.3015062870483973,0.9765319458093032,0.0,nan,301.3564596279388,11.109821616846135
longest_prefix,shield,1,155.13412862829657,43,0.7422447828539199,0.22253793384021492,1.1857662324556102,0.0,nan,301.3564596279388,11.109821616846135
longest_prefix,shield,1,160.13412862829657,36,0.7272139625080801,0.28357630183158733,0.8083115347247299,0.0,nan,301.3564596279388,11.109821616846135
longest_prefix,shield,1,165.13412862829657,36,0.7402511566424322,0.2524733785133151,0.8515562553084645,0.0,nan,301.3564596279388,11.109821616846135
longest_prefix,shield,1,170.13412862829657,37,0.7544204322200393,0.22703824237240156,0.609482874712187,0.0,nan,301.3564596279388,11.109821616846135
longest_prefix,shield,1,175.13412862829657,45,0.7222222222222222,0.2700898588985865,0.8883594286545978,0.0,nan,301.3564596279388,11.109821616846135
longest_prefix,shield,1,180.13412862829657,46,0.745417515274949,0.7208092908479102,2.804251806126011,0.0,nan,301.3564596279388,11.109821616846135
longest_prefix,shield,1,185.13412862829657,35,0.6668900804289544,0.7439999999999998,3.1673100396955345,0.0,nan,301.3564596279388,11.109821616846135
longest_prefix,shield,1,190.13412862829657,47,0.7340372046254399,1.4331336906689387,3.6906587856119244,0.0,nan,301.3564596279388,11.109821616846135
longest_prefix,shield,1,195.13412862829657,39,0.7313156269302038,0.3282528109573093,2.7994556782384494,0.0,nan,301.3564596279388,11.109821616846135
longest_prefix,shield,1,200.13412862829657,34,0.7350069735006973,2.001940388924851,2.9040033456882863,0.0,nan,301.3564596279388,11.109821616846135
longest_prefix,shield,1,205.13412862829657,34,0.7553648068669528,0.4612561055256066,2.501462030683248,0.0,nan,301.3564596279388,11.109821616846135
longest_prefix,shield,1,210.13412862829657,34,0.7467625899280576,0.17600000000000193,1.2094608648492706,0.0,nan,301.3564596279388,11.109821616846135
longest_prefix,shield,1,215.13412862829657,35,0.7106325706594886,0.23199999999999932,0.7821138036400801,0.0,nan,301.3564596279388,11.109821616846135
longest_prefix,shield,1,220.13412862829657,30,0.7811228641171685,0.19503189941465848,0.35954346098941303,0.0,nan,301.3564596279388,11.109821616846135
longest_prefix,shield,1,225.13412862829657,34,0.7065910701630049,0.2437143791356391,0.6684579754596844,0.0,nan,301.3564596279388,11.109821616846135
longest_prefix,shield,1,230.13412862829657,45,0.7204244031830239,0.4579723729316072,2.0138640686204727,0.0,nan,301.3564596279388,11.109821616846135
longest_prefix,shield,1,235.13412862829657,45,0.7194546407970634,0.2563457336058548,0.8179208245014503,0.0,nan,301.3564596279388,11.109821616846135
longest_prefix,shield,1,240.13412862829657,35,0.7292225201072386,0.24799999999999045,1.1012347209346565,0.0,nan,301.3564596279388,11.109821616846135
longest_prefix,shield,1,245.13412862829657,36,0.7003968253968254,0.21528444157081594,0.7652993792462098,0.0,nan,301.3564596279388,11.109821616846135
longest_prefix,shield,1,250.13412862829657,42,0.7396247868106879,0.21851535879544315,0.9638732213362654,0.0,nan,301.3564596279388,11.109821616846135
longest_prefix,shield,1,255.13412862829657,39,0.7320891029500302,0.2193000688266693,1.5086839870251476,0.0,nan,301.3564596279388,11.109821616846135
longest_prefix,shield,1,260.1341286282966,33,0.7007299270072993,0.21600000000000819,1.2544097787175519,0.0,nan,301.3564596279388,11.109821616846135
longest_prefix,shield,1,265.1341286282966,33,0.7724945135332846,0.2681815499606728,0.7915518573784925,0.0,nan,301.3564596279388,11.109821616846135
longest_prefix,shield,1,270.1341286282966,42,0.767162471395881,0.24541204215333323,0.7616638662403247,0.0,nan,301.3564596279388,11.109821616846135
longest_prefix,shield,1,275.1341286282966,38,0.7191011235955056,0.2519423358883728,1.6802584788858066,0.0,nan,301.3564596279388,11.109821616846135
longest_prefix,shield,1,280.1341286282966,38,0.74,0.21876987947200632,0.6564087924462416,0.0,nan,301.3564596279388,11.109821616846135
longest_prefix,shield,1,285.1341286282966,39,0.7215112736136502,0.2736038802456733,1.321315869865557,0.0,nan,301.3564596279388,11.109821616846135
longest_prefix,shield,1,290.1341286282966,51,0.7447108603667136,0.32773198420426297,0.899273438564677,0.0,nan,301.3564596279388,11.109821616846135
longest_prefix,shield,1,295.1341286282966,47,0.7622909275215408,0.26400000000001,1.2701121489490605,0.0,nan,301.3564596279388,11.109821616846135
longest_prefix,shield,1,300.1341286282966,44,0.7033805888767721,0.4462920515370854,0.9993975638746428,0.025081788440567066,0.0,301.3564596279388,11.109821616846135
longest_prefix,shield,1,305.1341286282966,38,0.7151858853182105,0.24832198882020862,0.7219435256572473,0.10270951480781348,0.39263803680981596,301.3564596279388,11.109821616846135
longest_prefix,shield,1,310.1341286282966,31,0.769588828549263,0.18883654982050757,0.35940500978689444,0.03335919317300233,0.7441860465116279,301.3564596279388,11.109821616846135
longest_prefix,shield,1,315.1341286282966,36,0.7614011896893589,0.19999999999998863,0.5338780634360459,0.029742233972240583,0.7111111111111111,301.3564596279388,11.109821616846135
longest_prefix,shield,1,320.1341286282966,33,0.76410998552822,0.23200000000002774,0.752377660670029,0.0918958031837916,0.7559055118110236,301.3564596279388,11.109821616846135
longest_prefix,shield,1,325.1341286282966,45,0.7210031347962382,0.24510810484150625,1.1805465871100802,0.14681295715778475,0.797153024911032,301.3564596279388,11.109821616846135
longest_prefix,shield,1,330.1341286282966,33,0.7781871775976419,0.2354308061105712,1.0668456892319271,0.09579955784819455,0.7384615384615385,301.3564596279388,11.109821616846135
longest_prefix,shield,1,335.1341286282966,33,0.6879026485325698,0.24199752906122285,1.068009588966454,0.0658554044380816,0.6956521739130435,301.3564596279388,11.109821616846135
longest_prefix,shield,1,340.1341286282966,28,0.7557643040136636,0.19999999999998863,0.548248660692405,0.1443210930828352,0.757396449704142,301.3564596279388,11.109821616846135
longest_prefix,shield,1,345.1341286282966,44,0.7416445623342175,0.24581023166882687,1.190782493119702,0.06578249336870026,0.7741935483870968,301.3564596279388,11.109821616846135
longest_prefix,shield,1,350.1341286282966,44,0.7623172712506767,0.2125772723884154,0.6802338472886725,0.03952355170546833,0.8767123287671232,301.3564596279388,11.109821616846135
longest_prefix,shield,1,355.1341286282966,33,0.7441860465116279,0.23391439582024987,0.42118962942911137,0.03312191684284708,0.6808510638297872,301.3564596279388,11.109821616846135
longest_prefix,shield,1,360.1341286282966,43,0.7288888888888889,0.24799999999999045,0.7965140345549024,0.12222222222222222,0.43636363636363634,301.3564596279388,11.109821616846135
longest_prefix,shield,1,365.1341286282966,40,0.764179104477612,0.2170095529428977,0.44462453517028505,0.1271641791044776,0.7511737089201878,301.3564596279388,11.109821616846135
longest_prefix,shield,1,370.1341286282966,45,0.7721179624664879,0.18705367106156245,0.4213083179912292,0.13351206434316354,0.7710843373493976,301.3564596279388,11.109821616846135
longest_prefix,shield,1,375.1341286282966,45,0.730669434353918,0.21600000000000819,0.9079531214193688,0.15620134924753504,0.7441860465116279,301.3564596279388,11.109821616846135
longest_prefix,shield,1,380.1341286282966,43,0.753972602739726,0.2541352123411684,1.5321664504703574,0.11452054794520548,0.7655502392344498,301.3564596279388,11.109821616846135
longest_prefix,shield,1,385.1341286282966,58,0.7631469979296066,0.8803885634792721,3.4932656885117437,0.0886128364389234,0.7476635514018691,301.3564596279388,11.109821616846135
longest_prefix,shield,1,390.1341286282966,42,0.7488584474885844,0.6211992830811823,3.828248962357353,0.1598173515981735,0.6857142857142857,301.3564596279388,11.109821616846135
longest_prefix,shield,1,395.1341286282966,43,0.7670011148272018,0.23736806440643932,3.080742165406286,0.08918617614269789,0.8,301.3564596279388,11.109821616846135
longest_prefix,shield,1,400.1341286282966,39,0.7661141804788214,0.22810617624782026,2.3484917395339355,0.13014119091467158,0.7547169811320755,301.3564596279388,11.109821616846135
longest_prefix,shield,1,405.1341286282966,39,0.7351874244256348,0.22518503151366076,1.4677676968727076,0.0804111245465538,0.7218045112781954,301.3564596279388,11.109821616846135
longest_prefix,shield,1,410.1341286282966,38,0.759525296689569,0.26435062653126806,0.6904133055963708,0.04996876951905059,0.8,301.3564596279388,11.109821616846135
longest_prefix,shield,1,415.1341286282966,44,0.7437929212889594,0.48221160112450434,2.220847456264075,0.042789223454833596,0.7901234567901234,301.3564596279388,11.109821616846135
longest_prefix,shield,1,420.1341286282966,32,0.7501831501831502,0.26524181546091086,1.7350759327453604,0.06886446886446887,0.6808510638297872,301.3564596279388,11.109821616846135
longest_prefix,shield,1,425.1341286282966,37,0.7723418134377038,0.25950935346162396,0.9954580279438483,0.13763861709067188,0.7582938388625592,301.3564596279388,11.109821616846135
longest_prefix,shield,1,430.1341286282966,39,0.7518072289156627,0.23568520052850772,0.9035720452505763,0.12831325301204818,0.7511737089201878,301.3564596279388,11.109821616846135
longest_prefix,shield,1,435.1341286282966,40,0.7684729064039408,0.17600000000001614,0.5110946287464571,0.19950738916256158,0.7901234567901234,301.3564596279388,11.109821616846135
longest_prefix,shield,1,440.1341286282966,40,0.7456716417910447,0.22559083273796432,0.9139742510611564,0.15343283582089554,0.7470817120622568,301.3564596279388,11.109821616846135
longest_prefix,shield,1,445.1341286282966,41,0.7498535442296427,0.23690308996913245,0.8030028036063414,0.19097832454598712,0.7852760736196319,301.3564596279388,11.109821616846135
longest_prefix,shield,1,450.1341286282966,28,0.7554806070826307,0.19768460501592244,0.3907493490915761,0.03456998313659359,0.7804878048780488,301.3564596279388,11.109821616846135
longest_prefix,shield,1,455.1341286282966,34,0.7645818692902319,0.22176446120747073,0.5050054741030511,0.05832747716092762,0.7710843373493976,301.3564596279388,11.109821616846135
longest_prefix,shield,1,460.1341286282966,41,0.7677004095962551,0.25169093643944507,0.4058930891966043,0.04856641310708017,0.7710843373493976,301.3564596279388,11.109821616846135
longest_prefix,shield,1,465.1341286282966,49,0.7560975609756098,0.29996693372504524,1.720335642385475,0.18292682926829268,0.768,301.3564596279388,11.109821616846135
longest_prefix,shield,1,470.1341286282966,39,0.7609756097560976,0.23200000000002774,1.264811230073597,0.19939024390243903,0.7828746177370031,301.3564596279388,11.109821616846135
longest_prefix,shield,1,475.1341286282966,42,0.7473148671565857,0.23200000000002774,0.8836324344872556,0.09779536461277558,0.7398843930635838,301.3564596279388,11.109821616846135
longest_prefix,shield,1,480.1341286282966,49,0.761113825109917,0.28131616084118605,0.7960902873246253,0.09672691744015632,0.8080808080808081,301.3564596279388,11.109821616846135
longest_prefix,shield,1,485.1341286282966,36,0.75,0.21529499862884904,0.5282511149527492,0.11653645833333333,0.7150837988826816,301.3564596279388,11.109821616846135
longest_prefix,shield,1,490.1341286282966,40,0.7598331346841478,0.20248945169782928,0.3885033860641641,0.18295589988081049,0.7296416938110749,301.3564596279388,11.109821616846135
longest_prefix,shield,1,495.1341286282966,42,0.7508591065292096,0.21439200362098632,0.6489904009895666,0.19759450171821305,0.6463768115942029,301.3564596279388,11.109821616846135
longest_prefix,shield,1,500.1341286282966,31,0.7482785003825555,0.19297798022711277,0.48727038807583084,0.1009946442234124,0.7272727272727273,301.3564596279388,11.109821616846135
longest_prefix,shield,1,505.1341286282966,48,0.7383406971035837,0.2655514745543712,0.9427101158983743,0.17623956799214532,0.713091922005571,301.3564596279388,11.109821616846135
longest_prefix,shield,1,510.1341286282966,55,0.7513043478260869,0.315277918611514,0.9493285608809358,0.16652173913043478,0.7519582245430809,301.3564596279388,11.109821616846135
longest_prefix,shield,1,515.1341286282966,36,0.7485380116959064,0.24214245383626576,0.9439943919996263,0.0,nan,301.3564596279388,11.109821616846135
longest_prefix,shield,1,520.1341286282966,51,0.7180312787488501,0.2480000000000473,0.6879999999999882,0.15639374425023,0.7529411764705882,301.3564596279388,11.109821616846135
longest_prefix,shield,1,525.1341286282966,36,0.7389352148813342,0.22445530214145037,0.6342014545643733,0.16228351507376523,0.758893280632411,301.3564596279388,11.109821616846135
longest_prefix,shield,1,530.1341286282966,45,0.7635206786850477,0.2513092311151013,1.1701951961891794,0.021739130434782608,0.7804878048780488,301.3564596279388,11.109821616846135
longest_prefix,shield,1,535.1341286282966,50,0.7640878701050621,0.27997200788428245,1.899293742797691,0.055396370582617004,0.8275862068965517,301.3564596279388,11.109821616846135
longest_prefix,shield,1,540.1341286282966,49,0.7509578544061303,0.3332198995891531,1.9117736524361078,0.09722222222222222,0.7881773399014779,301.3564596279388,11.109821616846135
longest_prefix,shield,1,545.1341286282966,42,0.7559055118110236,0.23070203300972025,0.48092571826880404,0.051181102362204724,0.7032967032967034,301.3564596279388,11.109821616846135
longest_prefix,shield,1,550.1341286282966,32,0.7419596110695588,0.19200000000000728,0.6305640459179338,0.18922961854899029,0.6324110671936759,301.3564596279388,11.109821616846135
longest_prefix,shield,1,555.1341286282966,44,0.7693989071038252,0.25391160843696525,0.714639783131222,0.06721311475409836,0.7804878048780488,301.3564596279388,11.109821616846135
longest_prefix,shield,1,560.1341286282966,50,0.7758872143898882,0.2668465283301771,1.2873894244396102,0.0962566844919786,0.8080808080808081,301.3564596279388,11.109821616846135
longest_prefix,shield,1,565.1341286282966,33,0.7641440117560617,0.26400000000001,0.9020257033400594,0.06612784717119764,0.7111111111111111,301.3564596279388,11.109821616846135
longest_prefix,shield,1,570.1341286282966,36,0.7495120364346128,0.21600000000000819,0.5063650931540337,0.11385816525699415,0.7314285714285714,301.3564596279388,11.109821616846135
longest_prefix,shield,1,575.1341286282966,38,0.7916666666666666,0.16889476377144774,0.6856946294139336,0.13216145833333334,0.7881773399014779,301.3564596279388,11.109821616846135
longest_prefix,shield,1,580.1341286282966,42,0.7483296213808464,0.27548422033322595,0.7957580653858337,0.06959910913140312,0.768,301.3564596279388,11.109821616846135
longest_prefix,shield,1,585.1341286282966,37,0.7351627313337588,0.5130977047797387,1.4069521782345829,0.08551372048500319,0.7164179104477612,301.3564596279388,11.109821616846135
longest_prefix,shield,1,590.1341286282966,40,0.7578448786264061,0.2999768536054148,1.0585127132605634,0.07696862048549438,0.7384615384615385,301.3564596279388,11.109821616846135
longest_prefix,shield,1,595.1341286282966,50,0.7366906474820144,0.722179002735345,2.2469771736880646,0.05515587529976019,0.8347826086956521,301.3564596279388,11.109821616846135
longest_prefix,shield,1,600.1341286282966,41,0.7704051673517323,0.3795683947773796,2.678240326368473,0.11861421021726365,0.7920792079207921,301.3564596279388,11.109821616846135
longest_prefix,shield,1,605.1341286282966,34,0.7838616714697406,0.17642185221728823,1.5592536175025296,0.0569164265129683,0.810126582278481,301.3564596279388,11.109821616846135
longest_prefix,shield,1,610.1341286282966,39,0.7751552795031056,0.18399999999996908,0.42914187962810046,0.04906832298136646,0.810126582278481,301.3564596279388,11.109821616846135
longest_prefix,shield,1,615.1341286282966,34,0.7597765363128491,0.2481842688512188,0.5339222744605547,0.06634078212290503,0.6736842105263158,301.3564596279388,11.109821616846135
longest_prefix,shield,1,620.1341286282966,33,0.7702407002188184,0.18399999999996908,0.5812664718452469,0.1276440554339898,0.7314285714285714,301.3564596279388,11.109821616846135
longest_prefix,shield,1,625.1341286282966,41,0.7616279069767442,0.26400000000001,1.1215451009710025,0.07209302325581396,0.7741935483870968,301.3564596279388,11.109821616846135
longest_prefix,shield,1,630.1341286282966,41,0.7735849056603774,0.26400000000001,1.7256365098681046,0.07606132075471699,0.7441860465116279,301.3564596279388,11.109821616846135
longest_prefix,shield,1,635.1341286282966,55,0.7695709862892526,0.23859045558117487,1.6431225479254272,0.12870411322423705,0.7010309278350515,301.3564596279388,11.109821616846135
longest_prefix,shield,1,640.1341286282966,37,0.7594611930724824,0.2596752386348271,1.6280562784952646,0.07697241821680564,0.8,301.3564596279388,11.109821616846135
longest_prefix,shield,1,645.1341286282966,32,0.7852760736196319,0.1868729319164686,0.5578378589679664,0.03680981595092025,0.6666666666666666,301.3564596279388,11.109821616846135
longest_prefix,shield,1,650.1341286282966,42,0.7221288515406162,0.21005122326334913,0.679199999999972,0.07282913165266107,0.7384615384615385,301.3564596279388,11.109821616846135
longest_prefix,shield,1,655.1341286282966,38,0.7661188369152971,0.20461388241386658,0.6406173055963259,0.04740834386852086,0.8533333333333334,301.3564596279388,11.109821616846135
longest_prefix,shield,1,660.1341286282966,46,0.7380830343413634,0.27567937115281893,1.0576680000687522,0.08662224500256278,0.5680473372781065,301.3564596279388,11.109821616846135
longest_prefix,shield,1,665.1341286282966,45,0.7610993657505285,0.21929878408661807,0.8719915336493068,0.1649048625792812,0.717948717948718,301.3564596279388,11.109821616846135
longest_prefix,shield,1,670.1341286282966,39,0.7318668252080857,0.36000000000001364,1.5157834284861924,0.050535077288941736,0.7529411764705882,301.3564596279388,11.109821616846135
longest_prefix,shield,1,675.1341286282966,39,0.729064039408867,0.21600000000000819,0.6532569548369815,0.1564039408866995,0.7559055118110236,301.3564596279388,11.109821616846135
longest_prefix,shield,1,680.1341286282966,33,0.7635574837310195,0.2090918513787301,0.5555237026793384,0.05856832971800434,0.7901234567901234,301.3564596279388,11.109821616846135
longest_prefix,shield,1,685.1341286282966,43,0.7589630446773304,0.22892975584488795,0.7061365625741723,0.1836734693877551,0.7687687687687688,301.3564596279388,11.109821616846135
longest_prefix,shield,1,690.1341286282966,44,0.7354188759278897,0.2400000000000091,0.6331027196416528,0.09278897136797455,0.7314285714285714,301.3564596279388,11.109821616846135
longest_prefix,shield,1,695.1341286282966,29,0.7376362112321878,0.20728794884098534,0.5575578656195375,0.10896898575020955,0.7384615384615385,301.3564596279388,11.109821616846135
longest_prefix,shield,1,700.1341286282966,38,0.7483076923076923,0.27168437611766194,0.9293389995899319,0.05292307692307692,0.7441860465116279,301.3564596279388,11.109821616846135
longest_prefix,shield,1,705.1341286282966,33,0.7532097004279601,0.22926947753910554,0.5936076206793041,0.15477888730385164,0.7373271889400922,301.3564596279388,11.109821616846135
longest_prefix,shield,1,710.1341286282966,51,0.7615492300513299,0.27437054487666046,1.6133664935210277,0.03873075128324778,0.7710843373493976,301.3564596279388,11.109821616846135
longest_prefix,shield,1,715.1341286282966,43,0.7598012147984539,0.2895288184563469,1.683722412867512,0.04527885146327996,0.7804878048780488,301.3564596279388,11.109821616846135
longest_prefix,shield,1,720.1341286282966,43,0.7614831211953514,0.23883318395053266,0.5490438615070934,0.07083563918096292,0.75,301.3564596279388,11.109821616846135
longest_prefix,shield,1,725.1341286282966,36,0.7664670658682635,0.20375869089906473,0.41767722394200174,0.08050565535595476,0.7933884297520661,301.3564596279388,11.109821616846135
longest_prefix,shield,1,730.1341286282966,28,0.7539267015706806,0.19200000000000728,0.7709962147483476,0.0,nan,301.3564596279388,11.109821616846135
longest_prefix,shield,1,735.1341286282966,39,0.7675276752767528,0.18399999999996908,0.5623178573943731,0.13161131611316113,0.7476635514018691,301.3564596279388,11.109821616846135
longest_prefix,shield,1,740.1341286282966,39,0.7642375995101041,0.2088180883622499,0.527107678958182,0.08022045315370484,0.732824427480916,301.3564596279388,11.109821616846135
longest_prefix,shield,1,745.1341286282966,48,0.7480276134122288,0.27315083424861086,0.9625160984520608,0.059664694280078895,0.7933884297520661,301.3564596279388,11.109821616846135
longest_prefix,shield,1,750.1341286282966,33,0.7383966244725738,0.26588507609869794,0.8448583756607104,0.09423347398030943,0.7164179104477612,301.3564596279388,11.109821616846135
longest_prefix,shield,2,0.01623264200049831,44,0.5665236051502146,0.41780408052535123,1.394704567075792,0.0,nan,296.93566534318944,11.109821616846135
longest_prefix,shield,2,5.016232642000499,34,0.7394957983193278,0.23597210186293127,0.818434872643334,0.0,nan,296.93566534318944,11.109821616846135
longest_prefix,shield,2,10.0162326420005,48,0.6807558428642466,0.28424142334815183,1.1303993426964072,0.0,nan,296.93566534318944,11.109821616846135
longest_prefix,shield,2,15.0162326420005,50,0.7178638941398866,0.42038147275458115,1.3710539016257648,0.0,nan,296.93566534318944,11.109821616846135
longest_prefix,shield,2,20.0162326420005,37,0.7365384615384616,0.24944654964014035,0.6779677963985278,0.0,nan,296.93566534318944,11.109821616846135
longest_prefix,shield,2,25.0162326420005,41,0.6977272727272728,0.3546793817575953,1.0563078105073922,0.0,nan,296.93566534318944,11.109821616846135
longest_prefix,shield,2,30.0162326420005,41,0.7476470588235294,0.24509642508097684,0.8980654771037395,0.0,nan,296.93566534318944,11.109821616846135
longest_prefix,shield,2,35.0162326420005,40,0.6863446630888491,0.21075344499941195,0.7499614699616824,0.0,nan,296.93566534318944,11.109821616846135
longest_prefix,shield,2,40.0162326420005,43,0.7520984890878567,0.25061553022631955,1.1199156464749689,0.0,nan,296.93566534318944,11.109821616846135
longest_prefix,shield,2,45.0162326420005,28,0.7441860465116279,0.16609765468399829,0.6681326309347629,0.0,nan,296.93566534318944,11.109821616846135
longest_prefix,shield,2,50.0162326420005,47,0.7409484956654768,0.2029059140076086,0.6397374282393097,0.0,nan,296.93566534318944,11.109821616846135
longest_prefix,shield,2,55.0162326420005,31,0.711453744493392,0.2193317357398641,0.5074133839349478,0.0,nan,296.93566534318944,11.109821616846135
longest_prefix,shield,2,60.0162326420005,38,0.76,0.21599999999999753,0.41353274464889556,0.0,nan,296.93566534318944,11.109821616846135
longest_prefix,shield,2,65.0162326420005,42,0.6992567181246426,0.2615610320319064,0.9606737508377406,0.0,nan,296.93566534318944,11.109821616846135
longest_prefix,shield,2,70.0162326420005,39,0.748780487804878,0.2430529935771233,1.041528467528129,0.0,nan,296.93566534318944,11.109821616846135
longest_prefix,shield,2,75.0162326420005,39,0.7211714460036608,0.28734889417681586,1.2469720524315724,0.0,nan,296.93566534318944,11.109821616846135
longest_prefix,shield,2,80.0162326420005,36,0.7214334009465855,0.20325632020726658,0.6684122805788312,0.0,nan,296.93566534318944,11.109821616846135
longest_prefix,shield,2,85.0162326420005,50,0.7179856115107913,0.25806173508779295,0.9451150864015526,0.0,nan,296.93566534318944,11.109821616846135
longest_prefix,shield,2,90.0162326420005,40,0.702527924750147,0.22303010386037414,1.0491095121193665,0.0,nan,296.93566534318944,11.109821616846135
longest_prefix,shield,2,95.0162326420005,44,0.750402576489533,0.223189430502444,0.931395206097335,0.0,nan,296.93566534318944,11.109821616846135
longest_prefix,shield,2,100.0162326420005,44,0.7042404723564144,0.2372646802791749,0.9265946398502087,0.0,nan,296.93566534318944,11.109821616846135
longest_prefix,shield,2,105.0162326420005,41,0.7234782608695652,0.2570123818602781,0.8600324815056271,0.0,nan,296.93566534318944,11.109821616846135
longest_prefix,shield,2,110.0162326420005,50,0.7144893111638955,0.24888920369475187,1.120216746358999,0.0,nan,296.93566534318944,11.109821616846135
longest_prefix,shield,2,115.0162326420005,44,0.7594390507011867,0.3250057205911503,0.8402970661094966,0.0,nan,296.93566534318944,11.109821616846135
longest_prefix,shield,2,120.0162326420005,40,0.711006474396704,0.26976768006503704,1.3400129631134188,0.0,nan,296.93566534318944,11.109821616846135
longest_prefix,shield,2,125.0162326420005,46,0.7293076522644456,0.3133990720720661,3.1661097409380305,0.0,nan,296.93566534318944,11.109821616846135
longest_prefix,shield,2,130.0162326420005,29,0.7305533279871692,0.49727123837053,2.0629326808336383,0.0,nan,296.93566534318944,11.109821616846135
longest_prefix,shield,2,135.0162326420005,41,0.7177006260671599,0.22124114071996814,0.627119918425348,0.0,nan,296.93566534318944,11.109821616846135
longest_prefix,shield,2,140.0162326420005,60,0.7393595460072964,0.2902425212332673,1.3857854717477858,0.0,nan,296.93566534318944,11.109821616846135
longest_prefix,shield,2,145.0162326420005,24,0.7041540020263425,0.24169506991184164,1.0024088235634163,0.0,nan,296.93566534318944,11.109821616846135
longest_prefix,shield,2,150.0162326420005,41,0.7362250879249707,0.20354081870601703,0.720118139847631,0.0,nan,296.93566534318944,11.109821616846135
longest_prefix,shield,2,155.0162326420005,34,0.7231638418079096,0.21957278264049762,0.7424525284237637,0.0,nan,296.93566534318944,11.109821616846135
longest_prefix,shield,2,160.0162326420005,44,0.7482327351821643,0.24057401058249184,0.7814878415593501,0.0,nan,296.93566534318944,11.109821616846135
longest_prefix,shield,2,165.0162326420005,37,0.6970873786407767,0.27091598039260134,0.8806600594385874,0.0,nan,296.93566534318944,11.109821616846135
longest_prefix,shield,2,170.0162326420005,41,0.7616550116550117,0.1839999999999975,0.3618075149998391,0.0,nan,296.93566534318944,11.109821616846135
longest_prefix,shield,2,175.0162326420005,45,0.7038251366120218,0.22863098410789462,1.2703385757227246,0.0,nan,296.93566534318944,11.109821616846135
longest_prefix,shield,2,180.0162326420005,35,0.7099596231493943,0.2535527082779936,0.8447239127948936,0.0,nan,296.93566534318944,11.109821616846135
longest_prefix,shield,2,185.0162326420005,46,0.7441505595116988,0.24487929100581596,0.6377797718520242,0.0,nan,296.93566534318944,11.109821616846135
longest_prefix,shield,2,190.0162326420005,41,0.7230590961761297,0.22257469930474372,0.9130866641770867,0.0,nan,296.93566534318944,11.109821616846135
longest_prefix,shield,2,195.0162326420005,36,0.7361018084393838,0.2034421247577285,0.6727982196369026,0.0,nan,296.93566534318944,11.109821616846135
longest_prefix,shield,2,200.0162326420005,41,0.7472270869819031,0.22389329218685816,0.7817767650187081,0.0,nan,296.93566534318944,11.109821616846135
longest_prefix,shield,2,205.0162326420005,42,0.7127355796687607,0.24799999999999045,0.8565492057544847,0.0,nan,296.93566534318944,11.109821616846135
longest_prefix,shield,2,210.0162326420005,38,0.7449748743718593,0.19806536178920453,0.6581476040293762,0.0,nan,296.93566534318944,11.109821616846135
longest_prefix,shield,2,215.0162326420005,44,0.7244616234124793,0.2424582804563329,1.0072623220292856,0.0,nan,296.93566534318944,11.109821616846135
longest_prefix,shield,2,220.0162326420005,53,0.6536388140161725,0.4443577292149996,1.3243715716343412,0.0,nan,296.93566534318944,11.109821616846135
longest_prefix,shield,2,225.0162326420005,46,0.6783867631851086,0.503726102956648,1.2131424127089838,0.0,nan,296.93566534318944,11.109821616846135
longest_prefix,shield,2,230.0162326420005,33,0.6912704045422285,0.26244486866164607,0.7896537976542595,0.0,nan,296.93566534318944,11.109821616846135
longest_prefix,shield,2,235.0162326420005,55,0.6877944325481798,0.3168703138485398,1.9260944182816002,0.0,nan,296.93566534318944,11.109821616846135
longest_prefix,shield,2,240.0162326420005,38,0.769620253164557,0.19072300790541874,0.7425302078150118,0.0,nan,296.93566534318944,11.109821616846135
longest_prefix,shield,2,245.0162326420005,48,0.6860873932697137,0.25689024427708773,2.193714778062895,0.0,nan,296.93566534318944,11.109821616846135
longest_prefix,shield,2,250.0162326420005,35,0.7018505825908157,0.26400000000001,1.713738639451541,0.0,nan,296.93566534318944,11.109821616846135
longest_prefix,shield,2,255.0162326420005,41,0.6788990825688074,0.24970551250902417,0.934919495198659,0.0,nan,296.93566534318944,11.109821616846135
longest_prefix,shield,2,260.0162326420005,40,0.7199526346950859,0.23784002064715537,0.7513678787654822,0.0,nan,296.93566534318944,11.109821616846135
longest_prefix,shield,2,265.0162326420005,37,0.7239548772395488,0.18235877427997593,0.7680308953992175,0.0,nan,296.93566534318944,11.109821616846135
longest_prefix,shield,2,270.0162326420005,59,0.7480635955972279,0.27984966583244386,1.2939750982034786,0.0,nan,296.93566534318944,11.109821616846135
longest_prefix,shield,2,275.0162326420005,35,0.7095908786049631,0.26619454383774155,1.0539456883084515,0.0,nan,296.93566534318944,11.109821616846135
longest_prefix,shield,2,280.0162326420005,32,0.7135217723453018,0.19681828046074656,0.8284895384974067,0.0,nan,296.93566534318944,11.109821616846135
longest_prefix,shield,2,285.0162326420005,30,0.7290015847860539,0.2079999999999984,0.6292007704718547,0.0,nan,296.93566534318944,11.109821616846135
longest_prefix,shield,2,290.0162326420005,47,0.7078934137757668,0.23200000000002774,0.8231240545444644,0.0,nan,296.93566534318944,11.109821616846135
longest_prefix,shield,2,295.0162326420005,35,0.7421555252387448,0.18400000000002592,0.6221935935392955,0.0,nan,296.93566534318944,11.109821616846135
longest_prefix,shield,2,300.0162326420005,38,0.742319749216301,0.21370825211351985,0.7875591247882114,0.025705329153605017,0.0,296.93566534318944,11.109821616846135
longest_prefix,shield,2,305.0162326420005,47,0.7239074550128535,0.20350105917765404,1.0396050364728575,0.04524421593830334,0.0,296.93566534318944,11.109821616846135
longest_prefix,shield,2,310.0162326420005,40,0.7692307692307693,0.18400000000002592,0.37861101709822376,0.17548076923076922,0.7671232876712328,296.93566534318944,11.109821616846135
longest_prefix,shield,2,315.0162326420005,36,0.7387862796833773,0.21600000000000819,0.670725981824583,0.08443271767810026,0.75,296.93566534318944,11.109821616846135
longest_prefix,shield,2,320.0162326420005,32,0.7401633259094283,0.2150576897094254,0.6217395571465479,0.0645879732739421,0.735632183908046,296.93566534318944,11.109821616846135
longest_prefix,shield,2,325.0162326420005,39,0.7203791469194313,0.22198877893026747,0.6996483195552625,0.050355450236966824,0.7529411764705882,296.93566534318944,11.109821616846135
longest_prefix,shield,2,330.0162326420005,44,0.738870792616721,0.21600000000000819,0.6980856719075643,0.08849077090119435,0.588957055214724,296.93566534318944,11.109821616846135
longest_prefix,shield,2,335.0162326420005,51,0.7111111111111111,0.24799999999999045,1.128620498208278,0.09523809523809523,0.7619047619047619,296.93566534318944,11.109821616846135
longest_prefix,shield,2,340.0162326420005,35,0.7496570644718793,0.18808277820005515,0.48729919350447354,0.14609053497942387,0.6713615023474179,296.93566534318944,11.109821616846135
longest_prefix,shield,2,345.0162326420005,33,0.7586206896551724,0.20666869639859442,0.6422389245223575,0.12140804597701149,0.757396449704142,296.93566534318944,11.109821616846135
longest_prefix,shield,2,350.0162326420005,45,0.7509333333333333,0.21600000000000819,0.5863434949214485,0.0864,0.7901234567901234,296.93566534318944,11.109821616846135
longest_prefix,shield,2,355.0162326420005,48,0.7345309381237525,0.2535304245548389,0.9808505754116177,0.12574850299401197,0.7619047619047619,296.93566534318944,11.109821616846135
longest_prefix,shield,2,360.0162326420005,42,0.7525195968645016,0.21753988821680537,0.5374037055953986,0.07390817469204927,0.7272727272727273,296.93566534318944,11.109821616846135
longest_prefix,shield,2,365.0162326420005,38,0.7374166161309885,0.21600000000000819,0.5127661779679846,0.10794420861127957,0.7191011235955056,296.93566534318944,11.109821616846135
longest_prefix,shield,2,370.0162326420005,41,0.7318467695826186,0.23527657381714562,0.9857893439203855,0.19954259576901087,0.6418338108882522,296.93566534318944,11.109821616846135
longest_prefix,shield,2,375.0162326420005,48,0.7691537305958939,0.19999999999998863,0.6717493212985854,0.19128693039559339,0.7539267015706806,296.93566534318944,11.109821616846135
longest_prefix,shield,2,380.0162326420005,39,0.7334137515078407,0.23200000000002774,0.6766402790639534,0.2792521109770808,0.7602591792656588,296.93566534318944,11.109821616846135
longest_prefix,shield,2,385.0162326420005,35,0.7391304347826086,0.21600000000000819,0.7336690279998673,0.08967391304347826,0.48484848484848486,296.93566534318944,11.109821616846135
longest_prefix,shield,2,390.0162326420005,40,0.7906114885731933,0.15621489344977135,0.39411438460436105,0.1260037059913527,0.7843137254901961,296.93566534318944,11.109821616846135
longest_prefix,shield,2,395.0162326420005,49,0.7420728821580691,0.22793963668812012,0.5261507666911801,0.11358258400378608,0.8,296.93566534318944,11.109821616846135
longest_prefix,shield,2,400.0162326420005,36,0.7258587167854829,0.22835803917422481,0.7303564773118637,0.05832793259883344,0.7111111111111111,296.93566534318944,11.109821616846135
longest_prefix,shield,2,405.0162326420005,58,0.7223807582551978,0.30613824862831507,1.065485112222716,0.2091316754993885,0.7095516569200779,296.93566534318944,11.109821616846135
longest_prefix,shield,2,410.0162326420005,48,0.7615189873417721,0.17436977914860563,0.6601353619811128,0.10430379746835443,0.7766990291262136,296.93566534318944,11.109821616846135
longest_prefix,shield,2,415.0162326420005,35,0.7349081364829396,0.26400000000001,0.5442390351171444,0.13976377952755906,0.7511737089201878,296.93566534318944,11.109821616846135
longest_prefix,shield,2,420.0162326420005,41,0.730635838150289,0.23443517443496376,0.657048864638557,0.14277456647398845,0.7773279352226721,296.93566534318944,11.109821616846135
longest_prefix,shield,2,425.0162326420005,33,0.7699248120300752,0.18400000000002592,0.5879205912140651,0.0887218045112782,0.8135593220338984,296.93566534318944,11.109821616846135
longest_prefix,shield,2,430.0162326420005,37,0.7628865979381443,0.23200000000002774,0.39553427809886216,0.030927835051546393,0.6666666666666666,296.93566534318944,11.109821616846135
longest_prefix,shield,2,435.0162326420005,29,0.7428803905614321,0.20240831840266083,0.36118550823734946,0.14157851912123678,0.735632183908046,296.93566534318944,11.109821616846135
longest_prefix,shield,2,440.0162326420005,48,0.7378446115288221,0.2191791704136108,1.261660846669227,0.06616541353383458,0.7272727272727273,296.93566534318944,11.109821616846135
longest_prefix,shield,2,445.0162326420005,41,0.7176538240368028,0.2244589358159601,0.7875027261565722,0.14836112708453134,0.7441860465116279,296.93566534318944,11.109821616846135
longest_prefix,shield,2,450.0162326420005,49,0.7239558329332694,0.22449523302054786,1.2943400087082104,0.06481036965914547,0.7111111111111111,296.93566534318944,11.109821616846135
longest_prefix,shield,2,455.0162326420005,36,0.7195767195767195,0.21373470798525318,1.056024872652935,0.08267195767195767,0.768,296.93566534318944,11.109821616846135
longest_prefix,shield,2,460.0162326420005,28,0.7612574341546304,0.18400000000002592,0.622143620615588,0.03143585386576041,0.8648648648648649,296.93566534318944,11.109821616846135
longest_prefix,shield,2,465.0162326420005,42,0.7733026467203682,0.17717738763877833,0.5325171219761043,0.07192174913693901,0.768,296.93566534318944,11.109821616846135
longest_prefix,shield,2,470.0162326420005,47,0.7222767419038273,0.23200000000002774,0.7154872890383569,0.12463199214916584,0.6299212598425197,296.93566534318944,11.109821616846135
longest_prefix,shield,2,475.0162326420005,49,0.7242206235011991,0.25040648992785464,0.905112874735934,0.1223021582733813,0.7529411764705882,296.93566534318944,11.109821616846135
longest_prefix,shield,2,480.0162326420005,34,0.7292817679558011,0.19999999999998863,0.789711773208486,0.14986187845303867,0.7373271889400922,296.93566534318944,11.109821616846135
longest_prefix,shield,2,485.0162326420005,46,0.7449560269011899,0.22473759634925727,0.5501746789438041,0.06828763579927574,0.7272727272727273,296.93566534318944,11.109821616846135
longest_prefix,shield,2,490.0162326420005,32,0.7223053892215568,0.20344486513403126,0.5708110611421628,0.033682634730538924,0.7111111111111111,296.93566534318944,11.109821616846135
longest_prefix,shield,2,495.0162326420005,34,0.7358093903293623,0.19999999999998863,0.6658403896232604,0.08969866853538892,0.75,296.93566534318944,11.109821616846135
longest_prefix,shield,2,500.0162326420005,39,0.7746741154562383,0.18798214668157698,0.36527043965532696,0.1005586592178771,0.7901234567901234,296.93566534318944,11.109821616846135
longest_prefix,shield,2,505.0162326420005,38,0.7667087011349306,0.18727200103447217,0.4632124228627909,0.056116015132408575,0.7191011235955056,296.93566534318944,11.109821616846135
longest_prefix,shield,2,510.0162326420005,37,0.7673363577446533,0.18399999999996908,0.5311493314166046,0.1101749837977965,0.7529411764705882,296.93566534318944,11.109821616846135
longest_prefix,shield,2,515.0162326420004,30,0.7735697018533441,0.1717036783019239,0.32489158101072013,0.072522159548751,0.7111111111111111,296.93566534318944,11.109821616846135
longest_prefix,shield,2,520.0162326420004,40,0.750733137829912,0.21600000000000819,0.4643181191935298,0.0750733137829912,0.75,296.93566534318944,11.109821616846135
longest_prefix,shield,2,525.0162326420004,36,0.735873850197109,0.1859130884245701,0.5662825177047746,0.054533508541392904,0.7710843373493976,296.93566534318944,11.109821616846135
longest_prefix,shield,2,530.0162326420004,47,0.7592686642965972,0.24824288370348313,0.9510390656628601,0.08684611477907567,0.7485380116959064,296.93566534318944,11.109821616846135
longest_prefix,shield,2,535.0162326420004,41,0.7160208212839791,0.20849052865060003,0.8647051023225003,0.16020821283979178,0.7870036101083032,296.93566534318944,11.109821616846135
longest_prefix,shield,2,540.0162326420004,51,0.7558084400189663,0.23116357216827055,1.7793013847708607,0.07539118065433854,0.8050314465408805,296.93566534318944,11.109821616846135
longest_prefix,shield,2,545.0162326420004,37,0.767833981841764,0.1887125929957847,0.3313794635604199,0.05966277561608301,0.6956521739130435,296.93566534318944,11.109821616846135
longest_prefix,shield,2,550.0162326420004,40,0.7828746177370031,0.17202334738607306,0.35131361348702855,0.06972477064220184,0.8421052631578947,296.93566534318944,11.109821616846135
longest_prefix,shield,2,555.0162326420004,39,0.7024390243902439,0.24070588156132544,0.7757484041104954,0.07865853658536585,0.7441860465116279,296.93566534318944,11.109821616846135
longest_prefix,shield,2,560.0162326420004,52,0.7509025270758123,0.23787396147724849,0.6526241947021527,0.15252707581227437,0.757396449704142,296.93566534318944,11.109821616846135
longest_prefix,shield,2,565.0162326420004,51,0.7329892069450962,0.2772747508311113,0.979561658169871,0.11872360394181136,0.6324110671936759,296.93566534318944,11.109821616846135
longest_prefix,shield,2,570.0162326420004,35,0.729841488628532,0.18399999999996908,0.7405765992126814,0.1419710544452102,0.6359223300970874,296.93566534318944,11.109821616846135
longest_prefix,shield,2,575.0162326420004,35,0.7804878048780488,0.15200000000004366,0.3713281521055977,0.08780487804878048,0.7619047619047619,296.93566534318944,11.109821616846135
longest_prefix,shield,2,580.0162326420004,38,0.7855297157622739,0.18399999999996908,0.32122716097836135,0.07751937984496124,0.8,296.93566534318944,11.109821616846135
longest_prefix,shield,2,585.0162326420004,37,0.7575175943698017,0.18399999999996908,0.6137381363520172,0.08125399872040946,0.7559055118110236,296.93566534318944,11.109821616846135
longest_prefix,shield,2,590.0162326420004,44,0.7501331912626532,0.2532384212796046,0.5888043263046882,0.10655301012253596,0.8,296.93566534318944,11.109821616846135
longest_prefix,shield,2,595.0162326420004,41,0.7289504036908881,0.2319999999999709,0.7442050344408244,0.17474048442906576,0.7392739273927392,296.93566534318944,11.109821616846135
longest_prefix,shield,2,600.0162326420004,36,0.7577807848443843,0.1925324168815905,0.5872486976175533,0.14614343707713126,0.7407407407407407,296.93566534318944,11.109821616846135
longest_prefix,shield,2,605.0162326420004,37,0.7741935483870968,0.18289278189502056,0.368351248309059,0.1336405529953917,0.7881773399014779,296.93566534318944,11.109821616846135
longest_prefix,shield,2,610.0162326420004,40,0.7486599166170339,0.2456295352434381,0.6685413693562907,0.09469922572960095,0.8050314465408805,296.93566534318944,11.109821616846135
longest_prefix,shield,2,615.0162326420004,50,0.7653256704980843,0.21823299484748304,0.46755176172578555,0.12883141762452108,0.7063197026022305,296.93566534318944,11.109821616846135
longest_prefix,shield,2,620.0162326420004,33,0.7432922407541697,0.16800000000000637,0.7540190123532148,0.09064539521392313,0.768,296.93566534318944,11.109821616846135
longest_prefix,shield,2,625.0162326420004,32,0.7453042824943651,0.23435526117606287,0.6677590228750808,0.1622839969947408,0.7407407407407407,296.93566534318944,11.109821616846135
longest_prefix,shield,2,630.0162326420004,41,0.7685998828353837,0.21600000000000819,0.783958344555117,0.17106033977738722,0.7671232876712328,296.93566534318944,11.109821616846135
longest_prefix,shield,2,635.0162326420004,42,0.7546322290847838,0.25258726733642334,0.6664064545589905,0.1510387422796182,0.7137546468401487,296.93566534318944,11.109821616846135
longest_prefix,shield,2,640.0162326420004,50,0.7427759355755567,0.20816796638661117,0.7202264579400355,0.23211747986736145,0.7183673469387755,296.93566534318944,11.109821616846135
longest_prefix,shield,2,645.0162326420004,36,0.7417900837089504,0.23483325487768525,0.5741359161806313,0.11010946555054733,0.7485380116959064,296.93566534318944,11.109821616846135
longest_prefix,shield,2,650.0162326420004,47,0.7276402223345124,0.2480000000000473,0.977714508545655,0.14704396159676605,0.7697594501718213,296.93566534318944,11.109821616846135
longest_prefix,shield,2,655.0162326420004,43,0.754007739082366,0.25645185675466564,0.5147800105274336,0.16970702045328911,0.7296416938110749,296.93566534318944,11.109821616846135
longest_prefix,shield,2,660.0162326420004,34,0.7415730337078652,0.2022556551694379,0.7927804395581988,0.08567415730337079,0.7868852459016393,296.93566534318944,11.109821616846135
longest_prefix,shield,2,665.0162326420004,30,0.7779578606158833,0.18188939491159317,0.2760010511270082,0.031604538087520256,0.8205128205128205,296.93566534318944,11.109821616846135
longest_prefix,shield,2,670.0162326420004,38,0.7313713212273012,0.24469843289131177,0.6273732984819826,0.056355666875391355,0.35555555555555557,296.93566534318944,11.109821616846135
longest_prefix,shield,2,675.0162326420004,31,0.7422289613343442,0.21600000000000819,0.5123447607961225,0.09173616376042457,0.6859504132231405,296.93566534318944,11.109821616846135
longest_prefix,shield,2,680.0162326420004,31,0.7552123552123552,0.18399999999996908,0.5766979111156273,0.0694980694980695,0.7111111111111111,296.93566534318944,11.109821616846135
longest_prefix,shield,2,685.0162326420004,43,0.748217224355458,0.2319999999999709,0.5519336007570675,0.20241360394953373,0.7479674796747967,296.93566534318944,11.109821616846135
longest_prefix,shield,2,690.0162326420004,44,0.7486398258977149,0.2024496400729845,0.6271302056151808,0.10990206746463548,0.7920792079207921,296.93566534318944,11.109821616846135
longest_prefix,shield,2,695.0162326420004,30,0.7619047619047619,0.20000000000004547,0.5285660895344654,0.10476190476190476,0.7272727272727273,296.93566534318944,11.109821616846135
longest_prefix,shield,2,700.0162326420004,39,0.7365233192004845,0.21600000000000819,0.5829821767806829,0.20956995760145367,0.7398843930635838,296.93566534318944,11.109821616846135
longest_prefix,shield,2,705.0162326420004,51,0.7496535796766743,0.22346107572218443,0.6594196705084414,0.1353348729792148,0.764505119453925,296.93566534318944,11.109821616846135
longest_prefix,shield,2,710.0162326420004,36,0.7610146862483311,0.2265531880577214,0.8311848651315017,0.16889185580774366,0.758893280632411,296.93566534318944,11.109821616846135
longest_prefix,shield,2,715.0162326420004,35,0.725718194254446,0.19103583282333148,1.1781341070959668,0.11764705882352941,0.4011627906976744,296.93566534318944,11.109821616846135
longest_prefix,shield,2,720.0162326420004,37,0.7519582245430809,0.18399999999996908,0.7724749695948141,0.11031331592689295,0.757396449704142,296.93566534318944,11.109821616846135
longest_prefix,shield,2,725.0162326420004,38,0.7580025608194623,0.19200000000000728,0.8730245387607318,0.15941101152368758,0.7710843373493976,296.93566534318944,11.109821616846135
longest_prefix,shield,2,730.0162326420004,47,0.7368686868686869,0.20693720689109796,0.5318468619460279,0.17272727272727273,0.7105263157894737,296.93566534318944,11.109821616846135
longest_prefix,shield,2,735.0162326420004,40,0.7738023044269254,0.180047757007344,0.5835131250085361,0.10006064281382657,0.7515151515151515,296.93566534318944,11.109821616846135
longest_prefix,shield,2,740.0162326420004,18,0.72,0.2639748250001617,0.5201012159672859,0.0,nan,296.93566534318944,11.109821616846135
longest_prefix,prewarm,0,0.0849914879961137,33,0.38857142857142857,0.6875242901541498,1.396282005262449,0.0,nan,296.28939501833446,11.109821616846135
longest_prefix,prewarm,0,5.084991487996113,37,0.7305009511731135,0.24800000000000022,1.4728712473957772,0.0,nan,296.28939501833446,11.109821616846135
longest_prefix,prewarm,0,10.084991487996113,33,0.6549707602339181,0.2560600933959183,0.7862231875310475,0.0,nan,296.28939501833446,11.109821616846135
longest_prefix,prewarm,0,15.084991487996113,36,0.7325049051667757,0.20445256644016396,0.7282025543599578,0.0,nan,296.28939501833446,11.109821616846135
longest_prefix,prewarm,0,20.084991487996113,53,0.7443642921550947,0.21621034605746914,1.1722566915033328,0.0,nan,296.28939501833446,11.109821616846135
longest_prefix,prewarm,0,25.084991487996113,49,0.7117701575532901,0.29971482817783723,0.7272694359578494,0.0,nan,296.28939501833446,11.109821616846135
longest_prefix,prewarm,0,30.084991487996113,44,0.6776246023329798,0.27166505672283314,0.9882191236122987,0.0,nan,296.28939501833446,11.109821616846135
longest_prefix,prewarm,0,35.08499148799611,38,0.7257566399011736,0.2646656738695796,0.7002651314582616,0.0,nan,296.28939501833446,11.109821616846135
longest_prefix,prewarm,0,40.08499148799611,41,0.6825859056493885,0.22135521104456046,0.8546006027714272,0.0,nan,296.28939501833446,11.109821616846135
longest_prefix,prewarm,0,45.08499148799611,34,0.7118294360385145,0.2552236083765216,0.8174734396246244,0.0,nan,296.28939501833446,11.109821616846135
longest_prefix,prewarm,0,50.08499148799611,50,0.7197750702905342,0.42327747629997603,0.9944619890396795,0.0,nan,296.28939501833446,11.109821616846135
longest_prefix,prewarm,0,55.08499148799611,44,0.6539735099337748,0.27764592589923254,1.3010358571251905,0.0,nan,296.28939501833446,11.109821616846135
longest_prefix,prewarm,0,60.08499148799611,50,0.7262411347517731,0.25743396733339097,1.0011475085042827,0.0,nan,296.28939501833446,11.109821616846135
longest_prefix,prewarm,0,65.08499148799612,33,0.7199710564399421,0.23587472432379286,1.5512883286190355,0.0,nan,296.28939501833446,11.109821616846135
longest_prefix,prewarm,0,70.08499148799612,45,0.732521186440678,0.2410990853047963,0.8883919620325398,0.0,nan,296.28939501833446,11.109821616846135
longest_prefix,prewarm,0,75.08499148799612,38,0.7769968051118211,0.17851958766600262,0.47702696562828256,0.0,nan,296.28939501833446,11.109821616846135
longest_prefix,prewarm,0,80.08499148799612,46,0.7023991832567636,0.359767397658338,1.2115242211895083,0.0,nan,296.28939501833446,11.109821616846135
longest_prefix,prewarm,0,85.08499148799612,36,0.7257745550428477,0.24115700000223939,0.6465430170905093,0.0,nan,296.28939501833446,11.109821616846135
longest_prefix,prewarm,0,90.08499148799612,35,0.7299122214719784,0.27816091433805923,0.7276623520196405,0.0,nan,296.28939501833446,11.109821616846135
longest_prefix,prewarm,0,95.08499148799612,36,0.7287340924313462,0.1963573951553954,0.5897746086009362,0.0,nan,296.28939501833446,11.109821616846135
longest_prefix,prewarm,0,100.08499148799612,43,0.7201309328968903,0.26686975576258476,1.251844092420688,0.0,nan,296.28939501833446,11.109821616846135
longest_prefix,prewarm,0,105.08499148799612,38,0.7190721649484536,0.22986373496680557,0.6462400000000009,0.0,nan,296.28939501833446,11.109821616846135
longest_prefix,prewarm,0,110.08499148799612,31,0.7743950039032006,0.17986008093849648,0.31063686186797385,0.0,nan,296.28939501833446,11.109821616846135
longest_prefix,prewarm,0,115.08499148799612,41,0.6847888953152111,0.2966985933786077,0.9607946589518321,0.0,nan,296.28939501833446,11.109821616846135
longest_prefix,prewarm,0,120.08499148799612,43,0.735632183908046,0.24330503611483323,0.6468849206026256,0.0,nan,296.28939501833446,11.109821616846135
longest_prefix,prewarm,0,125.08499148799612,39,0.74282223579719,0.23581300689569673,0.741731544270639,0.0,nan,296.28939501833446,11.109821616846135
longest_prefix,prewarm,0,130.08499148799612,42,0.7253121452894438,0.25861855210897033,0.9362661034022847,0.0,nan,296.28939501833446,11.109821616846135
longest_prefix,prewarm,0,135.08499148799612,38,0.7267515923566878,0.2407534459997862,0.7716614496724121,0.0,nan,296.28939501833446,11.109821616846135
longest_prefix,prewarm,0,140.08499148799612,33,0.7625468164794007,0.16800000000000637,0.5316953293821438,0.0,nan,296.28939501833446,11.109821616846135
longest_prefix,prewarm,0,145.08499148799612,40,0.750733137829912,0.21797436521092095,0.5704186176015079,0.0,nan,296.28939501833446,11.109821616846135
longest_prefix,prewarm,0,150.08499148799612,33,0.7324749642346209,0.2726789431203258,1.0578661536548144,0.0,nan,296.28939501833446,11.109821616846135
longest_prefix,prewarm,0,155.08499148799612,47,0.7506374298827129,0.20401046105919818,0.7396624043831365,0.0,nan,296.28939501833446,11.109821616846135
longest_prefix,prewarm,0,160.08499148799612,36,0.7101827676240209,0.2420762392655007,0.682182413003619,0.0,nan,296.28939501833446,11.109821616846135
longest_prefix,prewarm,0,165.08499148799612,35,0.7243675099866844,0.23157547662250977,0.5650837593004455,0.0,nan,296.28939501833446,11.109821616846135
longest_prefix,prewarm,0,170.08499148799612,34,0.6917760884588804,0.24225092265277226,0.8884122075031397,0.0,nan,296.28939501833446,11.109821616846135
longest_prefix,prewarm,0,175.08499148799612,34,0.6748802190280629,0.25910571023959506,0.8070488636851184,0.0,nan,296.28939501833446,11.109821616846135
longest_prefix,prewarm,0,180.08499148799612,50,0.7358047864852182,0.2680815286894642,0.854111287888403,0.0,nan,296.28939501833446,11.109821616846135
longest_prefix,prewarm,0,185.08499148799612,31,0.7293934681181959,0.20625407795319006,0.8552881570180431,0.0,nan,296.28939501833446,11.109821616846135
longest_prefix,prewarm,0,190.08499148799612,39,0.7294541091781643,0.25275108575431204,0.810281348852925,0.0,nan,296.28939501833446,11.109821616846135
longest_prefix,prewarm,0,195.08499148799612,44,0.6711301553294055,0.42836452386185897,1.8164919283966434,0.0,nan,296.28939501833446,11.109821616846135
longest_prefix,prewarm,0,200.08499148799612,47,0.72544080604534,0.26400000000001,0.9201643331472159,0.0,nan,296.28939501833446,11.109821616846135
longest_prefix,prewarm,0,205.08499148799612,37,0.7386290839205637,0.22975103081299153,0.7169813191099843,0.0,nan,296.28939501833446,11.109821616846135
longest_prefix,prewarm,0,210.08499148799612,48,0.7229862475442044,0.22413457969990702,1.6071350851424047,0.0,nan,296.28939501833446,11.109821616846135
longest_prefix,prewarm,0,215.08499148799612,39,0.7174969623329283,0.2259267013654096,0.7643589402158727,0.0,nan,296.28939501833446,11.109821616846135
longest_prefix,prewarm,0,220.08499148799612,41,0.7323943661971831,0.23224320504004936,0.7437721556898453,0.0,nan,296.28939501833446,11.109821616846135
longest_prefix,prewarm,0,225.08499148799612,53,0.7529411764705882,0.24171304160842055,2.277812898685143,0.0,nan,296.28939501833446,11.109821616846135
longest_prefix,prewarm,0,230.08499148799612,55,0.6796240922682615,0.5434241215999123,1.5667176072926225,0.0,nan,296.28939501833446,11.109821616846135
longest_prefix,prewarm,0,235.08499148799612,48,0.7360774818401937,0.4087325268189801,1.3520580419133634,0.0,nan,296.28939501833446,11.109821616846135
longest_prefix,prewarm,0,240.08499148799612,34,0.7057201929703653,0.23464480777650465,0.7230399999999928,0.0,nan,296.28939501833446,11.109821616846135
longest_prefix,prewarm,0,245.08499148799612,45,0.76,0.2091089632766625,0.5568332220726169,0.0,nan,296.28939501833446,11.109821616846135
longest_prefix,prewarm,0,250.08499148799612,42,0.7400881057268722,0.23981407475616834,0.5229926614465081,0.0,nan,296.28939501833446,11.109821616846135
longest_prefix,prewarm,0,255.08499148799612,45,0.7044025157232704,0.45416380763307984,2.1824185822713047,0.0,nan,296.28939501833446,11.109821616846135
longest_prefix,prewarm,0,260.08499148799615,56,0.7186036611323967,0.44732384285893545,1.2040732302899473,0.0,nan,296.28939501833446,11.109821616846135
longest_prefix,prewarm,0,265.08499148799615,32,0.7342709104367136,0.2303929323731495,0.6297476944175009,0.0,nan,296.28939501833446,11.109821616846135
longest_prefix,prewarm,0,270.08499148799615,43,0.743078626799557,0.23328668426688637,0.723159126577724,0.0,nan,296.28939501833446,11.109821616846135
longest_prefix,prewarm,0,275.08499148799615,49,0.7298601061263869,0.27592019590662176,0.8719978867598928,0.0,nan,296.28939501833446,11.109821616846135
longest_prefix,prewarm,0,280.08499148799615,38,0.693407960199005,0.21864040261189643,0.7107632989424738,0.0,nan,296.28939501833446,11.109821616846135
longest_prefix,prewarm,0,285.08499148799615,47,0.7501293326435592,0.23200000000002774,0.6969725613809249,0.0,nan,296.28939501833446,11.109821616846135
longest_prefix,prewarm,0,290.08499148799615,35,0.7266576454668471,0.23600368385382353,0.7056136868611195,0.0,nan,296.28939501833446,11.109821616846135
longest_prefix,prewarm,0,295.08499148799615,41,0.7544565842438183,0.22063966194531304,0.6326993403154575,0.06900517538815411,0.8,296.28939501833446,11.109821616846135
longest_prefix,prewarm,0,300.08499148799615,36,0.6936758893280632,0.21122972093490944,0.8534101033529368,0.1976284584980237,0.7466666666666667,296.28939501833446,11.109821616846135
longest_prefix,prewarm,0,305.08499148799615,39,0.7089460784313726,0.19999999999998863,1.3130276929251719,0.2181372549019608,0.8089887640449438,296.28939501833446,11.109821616846135
longest_prefix,prewarm,0,310.08499148799615,43,0.7473915431081823,0.16800000000000637,0.45505252498451904,0.18231740801757276,0.7710843373493976,296.28939501833446,11.109821616846135
longest_prefix,prewarm,0,315.08499148799615,34,0.7793696275071633,0.18081211983576395,0.2685135761348124,0.23782234957020057,0.7710843373493976,296.28939501833446,11.109821616846135
longest_prefix,prewarm,0,320.08499148799615,43,0.7321428571428571,0.1917058891212946,0.7714842400557858,0.08928571428571429,0.8,296.28939501833446,11.109821616846135
longest_prefix,prewarm,0,325.08499148799615,54,0.756021409455843,0.22264085820179957,0.6253383772726703,0.21052631578947367,0.7457627118644068,296.28939501833446,11.109821616846135
longest_prefix,prewarm,0,330.08499148799615,33,0.735632183908046,0.18954041526637866,0.5356594321721263,0.27514367816091956,0.7519582245430809,296.28939501833446,11.109821616846135
longest_prefix,prewarm,0,335.08499148799615,40,0.7610778443113773,0.20427418037823486,0.5837384970160485,0.23233532934131737,0.7422680412371134,296.28939501833446,11.109821616846135
longest_prefix,prewarm,0,340.08499148799615,44,0.768139661756683,0.2096374314638183,0.7622862161870222,0.24549918166939444,0.7822222222222223,296.28939501833446,11.109821616846135
longest_prefix,prewarm,0,345.08499148799615,36,0.7504885993485342,0.21959850059312203,0.4397352506893524,0.27231270358306187,0.7655502392344498,296.28939501833446,11.109821616846135
longest_prefix,prewarm,0,350.08499148799615,47,0.7498726439123791,0.2214335722294436,0.6577877773672844,0.1925624044829343,0.7619047619047619,296.28939501833446,11.109821616846135
longest_prefix,prewarm,0,355.08499148799615,40,0.7369994022713688,0.20690549033557204,0.6047689593881534,0.17573221757322174,0.7619047619047619,296.28939501833446,11.109821616846135
longest_prefix,prewarm,0,360.08499148799615,33,0.7219796215429404,0.19207281057430237,0.7111482983326095,0.1804949053857351,0.7741935483870968,296.28939501833446,11.109821616846135
longest_prefix,prewarm,0,365.08499148799615,29,0.7533670033670034,0.16800000000000637,0.6231614682773464,0.17676767676767677,0.7619047619047619,296.28939501833446,11.109821616846135
longest_prefix,prewarm,0,370.08499148799615,41,0.7654609101516919,0.19190100906899943,0.4375341748928918,0.15110851808634773,0.7413127413127413,296.28939501833446,11.109821616846135
longest_prefix,prewarm,0,375.08499148799615,43,0.7477528089887641,0.16800000000000637,0.6168291688626513,0.1556179775280899,0.8086642599277978,296.28939501833446,11.109821616846135
longest_prefix,prewarm,0,380.08499148799615,42,0.7445983379501385,0.2137130099127944,0.5646943827372777,0.2116343490304709,0.7539267015706806,296.28939501833446,11.109821616846135
longest_prefix,prewarm,0,385.08499148799615,35,0.7469304229195088,0.18400000000002592,0.6458757854596602,0.08935879945429741,0.732824427480916,296.28939501833446,11.109821616846135
longest_prefix,prewarm,0,390.08499148799615,57,0.7429886982000837,0.23196420707677134,0.6247491129442777,0.14231896190874843,0.7529411764705882,296.28939501833446,11.109821616846135
longest_prefix,prewarm,0,395.08499148799615,39,0.7609511889862328,0.15658424543471483,0.48624870229025896,0.2715894868585732,0.7373271889400922,296.28939501833446,11.109821616846135
longest_prefix,prewarm,0,400.08499148799615,29,0.6990291262135923,0.2085250280784976,0.6480000000000246,0.03559870550161812,0.7272727272727273,296.28939501833446,11.109821616846135
longest_prefix,prewarm,0,405.08499148799615,39,0.7487684729064039,0.18400000000002592,0.5400616840059225,0.12992610837438423,0.7582938388625592,296.28939501833446,11.109821616846135
longest_prefix,prewarm,0,410.08499148799615,35,0.6951799049558723,0.21600000000000819,0.7372563499225451,0.17311608961303462,0.7529411764705882,296.28939501833446,11.109821616846135
longest_prefix,prewarm,0,415.08499148799615,38,0.7745222929936306,0.1519999999999868,0.38520229793290817,0.2585987261146497,0.7881773399014779,296.28939501833446,11.109821616846135
longest_prefix,prewarm,0,420.08499148799615,36,0.7521826729348556,0.16242644700190567,0.8388127718016958,0.2310275352585628,0.7441860465116279,296.28939501833446,11.109821616846135
longest_prefix,prewarm,0,425.08499148799615,44,0.7445887445887446,0.18266892952024705,0.6143532292326984,0.21645021645021645,0.72,296.28939501833446,11.109821616846135
longest_prefix,prewarm,0,430.08499148799615,37,0.7249190938511327,0.21134048294004515,0.6790271823147737,0.21553398058252426,0.6726726726726727,296.28939501833446,11.109821616846135
longest_prefix,prewarm,0,435.08499148799615,44,0.7732015376166941,0.18400000000002592,0.5688350218086856,0.2185612300933553,0.8040201005025126,296.28939501833446,11.109821616846135
longest_prefix,prewarm,0,440.08499148799615,52,0.73816029143898,0.23562626670002373,0.6550510801717828,0.2336065573770492,0.7485380116959064,296.28939501833446,11.109821616846135
longest_prefix,prewarm,0,445.08499148799615,37,0.7395377888819488,0.22242722883265742,0.651153728159336,0.10930668332292318,0.7314285714285714,296.28939501833446,11.109821616846135
longest_prefix,prewarm,0,450.08499148799615,37,0.7193320488118176,0.22721583465386175,0.6044799999999918,0.15928066795118817,0.7741935483870968,296.28939501833446,11.109821616846135
longest_prefix,prewarm,0,455.08499148799615,42,0.7027027027027027,0.2592639474351017,0.8654241886286687,0.23254504504504506,0.774818401937046,296.28939501833446,11.109821616846135
longest_prefix,prewarm,0,460.08499148799615,47,0.7538148524923703,0.19999999999998863,0.5937216337621747,0.2121057985757884,0.7673860911270983,296.28939501833446,11.109821616846135
longest_prefix,prewarm,0,465.08499148799615,38,0.7507926442612556,0.18728305729527506,0.5940558236795865,0.12999365884590997,0.7804878048780488,296.28939501833446,11.109821616846135
longest_prefix,prewarm,0,470.08499148799615,42,0.7640704945992041,0.19999999999998863,0.3783155627600745,0.2404775440591245,0.7565011820330969,296.28939501833446,11.109821616846135
longest_prefix,prewarm,0,475.08499148799615,46,0.7287098419173891,0.20982532789705033,0.6038023818272698,0.1295257521672616,0.7559055118110236,296.28939501833446,11.109821616846135
longest_prefix,prewarm,0,480.08499148799615,46,0.759493670886076,0.21077685689544978,0.7243182255510301,0.06592827004219409,0.768,296.28939501833446,11.109821616846135
longest_prefix,prewarm,0,485.08499148799615,39,0.7806411062225016,0.16757516685788687,0.46076643794623656,0.2055311125078567,0.7828746177370031,296.28939501833446,11.109821616846135
longest_prefix,prewarm,0,490.08499148799615,29,0.7459150326797386,0.21322875235904348,0.3437502895804391,0.1527777777777778,0.6844919786096256,296.28939501833446,11.109821616846135
longest_prefix,prewarm,0,495.08499148799615,35,0.7493112947658402,0.22089841755126827,0.8483558689425484,0.11639118457300275,0.757396449704142,296.28939501833446,11.109821616846135
longest_prefix,prewarm,0,500.08499148799615,33,0.7635574837310195,0.21786069968300126,0.4396467013478741,0.22198120028922633,0.7296416938110749,296.28939501833446,11.109821616846135
longest_prefix,prewarm,0,505.08499148799615,38,0.7257668711656442,0.22691660782246004,0.6340060877896663,0.23742331288343557,0.7416020671834626,296.28939501833446,11.109821616846135
longest_prefix,prewarm,0,510.08499148799615,38,0.7259350091968118,0.22569211160049463,0.6353414252245095,0.21520539546290618,0.7293447293447294,296.28939501833446,11.109821616846135
longest_prefix,prewarm,0,515.0849914879961,49,0.739961759082218,0.21906855560018812,0.49338159931826786,0.14435946462715105,0.7417218543046358,296.28939501833446,11.109821616846135
longest_prefix,prewarm,0,520.0849914879961,48,0.7393879565646594,0.19350359250785232,0.5868734693832589,0.17127344521224086,0.7204610951008645,296.28939501833446,11.109821616846135
longest_prefix,prewarm,0,525.0849914879961,42,0.7314285714285714,0.21858744014849663,0.6414399999999931,0.24457142857142858,0.7476635514018691,296.28939501833446,11.109821616846135
longest_prefix,prewarm,0,530.0849914879961,47,0.7521716913643332,0.1867824310859305,0.6340366349146619,0.1946857434849259,0.6719160104986877,296.28939501833446,11.109821616846135
longest_prefix,prewarm,0,535.0849914879961,46,0.7606973058637084,0.20284982096808335,0.7974463037051008,0.19440042260961438,0.782608695652174,296.28939501833446,11.109821616846135
longest_prefix,prewarm,0,540.0849914879961,29,0.7726894254787677,0.16016588336196946,0.30363379923314365,0.07077435470441298,0.7529411764705882,296.28939501833446,11.109821616846135
longest_prefix,prewarm,0,545.0849914879961,45,0.7433350757971772,0.20000000000004547,0.5296081466089665,0.24098274960794563,0.7245119305856833,296.28939501833446,11.109821616846135
longest_prefix,prewarm,0,550.0849914879961,45,0.7337593184238551,0.20865453166618408,0.6932064711537078,0.18210862619808307,0.6549707602339181,296.28939501833446,11.109821616846135
longest_prefix,prewarm,0,555.0849914879961,34,0.7394957983193278,0.19504712546932979,1.0076585827762943,0.12254901960784313,0.7314285714285714,296.28939501833446,11.109821616846135
longest_prefix,prewarm,0,560.0849914879961,37,0.7658473479948253,0.18828863392957373,0.43759563138391516,0.18822768434670117,0.7697594501718213,296.28939501833446,11.109821616846135
longest_prefix,prewarm,0,565.0849914879961,38,0.7080516287645974,0.2400000000000091,0.8790479502349994,0.2347879532882606,0.7539267015706806,296.28939501833446,11.109821616846135
longest_prefix,prewarm,0,570.0849914879961,26,0.7380073800738007,0.16570176134433723,0.6659099988288517,0.11070110701107011,0.8,296.28939501833446,11.109821616846135
longest_prefix,prewarm,0,575.0849914879961,40,0.7450746268656716,0.21586406501040756,0.6247032076675895,0.13014925373134328,0.7339449541284404,296.28939501833446,11.109821616846135
longest_prefix,prewarm,0,580.0849914879961,39,0.7081339712918661,0.21600000000000819,0.6358400000000096,0.20813397129186603,0.735632183908046,296.28939501833446,11.109821616846135
longest_prefix,prewarm,0,585.0849914879961,47,0.7506374298827129,0.2234591341318719,0.7462751990009995,0.2039775624681285,0.8,296.28939501833446,11.109821616846135
longest_prefix,prewarm,0,590.0849914879961,36,0.7159322033898305,0.18522930481077537,0.7216000000000007,0.18983050847457628,0.8,296.28939501833446,11.109821616846135
longest_prefix,prewarm,0,595.0849914879961,34,0.7771428571428571,0.16800000000000637,0.3996650225700968,0.23285714285714285,0.7852760736196319,296.28939501833446,11.109821616846135
longest_prefix,prewarm,0,600.0849914879961,39,0.7689463955637708,0.1982311942672368,0.46360450156268573,0.24645717806531114,0.8,296.28939501833446,11.109821616846135
longest_prefix,prewarm,0,605.0849914879961,37,0.7350096711798839,0.20000000000004547,0.8363485174637436,0.23726627981947132,0.782608695652174,296.28939501833446,11.109821616846135
longest_prefix,prewarm,0,610.0849914879961,40,0.7301775147928994,0.20512637964702662,0.7333361857345676,0.16449704142011834,0.8057553956834532,296.28939501833446,11.109821616846135
longest_prefix,prewarm,0,615.0849914879961,44,0.7543859649122807,0.19237923536502421,0.7384905110125658,0.18092105263157895,0.7757575757575758,296.28939501833446,11.109821616846135
longest_prefix,prewarm,0,620.0849914879961,47,0.7716777834787071,0.20000000000004547,0.5550040727608347,0.29297075423293995,0.7845884413309983,296.28939501833446,11.109821616846135
longest_prefix,prewarm,0,625.0849914879961,44,0.7572922399559714,0.15200000000004366,0.5954999460481578,0.24931205283434232,0.7770419426048565,296.28939501833446,11.109821616846135
longest_prefix,prewarm,0,630.0849914879961,46,0.7710970464135021,0.16800000000000637,0.3641793883458092,0.2209915611814346,0.7637231503579952,296.28939501833446,11.109821616846135
longest_prefix,prewarm,0,635.0849914879961,38,0.7484197218710493,0.18723630129977664,0.6692001635927682,0.23640960809102401,0.7700534759358288,296.28939501833446,11.109821616846135
longest_prefix,prewarm,0,640.0849914879961,42,0.7219402143260011,0.2480000000000473,0.7112000000000112,0.24985899605188946,0.7223476297968398,296.28939501833446,11.109821616846135
longest_prefix,prewarm,0,645.0849914879961,48,0.759268413247652,0.19664398501384994,0.3783086374184882,0.24518042511122096,0.7741935483870968,296.28939501833446,11.109821616846135
longest_prefix,prewarm,0,650.0849914879961,33,0.7385952208544533,0.18399999999996908,0.759358145363276,0.19261404779145547,0.7218045112781954,296.28939501833446,11.109821616846135
longest_prefix,prewarm,0,655.0849914879961,41,0.7400681044267877,0.2319999999999709,0.9939591435063451,0.3564131668558456,0.7643312101910829,296.28939501833446,11.109821616846135
longest_prefix,prewarm,0,660.0849914879961,33,0.7257264351523742,0.21600000000000819,0.5782173448821913,0.1559177888022679,0.7272727272727273,296.28939501833446,11.109821616846135
longest_prefix,prewarm,0,665.0849914879961,39,0.7096577017114915,0.21600000000000819,0.8679498104927093,0.1980440097799511,0.7901234567901234,296.28939501833446,11.109821616846135
longest_prefix,prewarm,0,670.0849914879961,31,0.7929656274980016,0.141110175606741,0.2772515116846193,0.18864908073541167,0.8135593220338984,296.28939501833446,11.109821616846135
longest_prefix,prewarm,0,675.0849914879961,34,0.7524204702627939,0.20288764696016415,0.38217887813274387,0.19571230982019364,0.7915194346289752,296.28939501833446,11.109821616846135
longest_prefix,prewarm,0,680.0849914879961,43,0.7598665925514174,0.19491434161000143,0.5433174911674655,0.2501389660922735,0.7822222222222223,296.28939501833446,11.109821616846135
longest_prefix,prewarm,0,685.0849914879961,44,0.7661691542288557,0.183601511521033,0.6346810298275307,0.205085682697623,0.7762803234501348,296.28939501833446,11.109821616846135
longest_prefix,prewarm,0,690.0849914879961,45,0.7787993510005409,0.1785479443225313,0.37005085676495586,0.21957815035154138,0.7881773399014779,296.28939501833446,11.109821616846135
longest_prefix,prewarm,0,695.0849914879961,48,0.7570231641202563,0.20737409103071514,0.48465524882212896,0.27747658945293247,0.738898756660746,296.28939501833446,11.109821616846135
longest_prefix,prewarm,0,700.0849914879961,43,0.7220678154530294,0.21600000000000819,0.7212799999999674,0.1434130072262368,0.7441860465116279,296.28939501833446,11.109821616846135
longest_prefix,prewarm,0,705.0849914879961,46,0.7581493165089379,0.18494371222794825,0.602778880399279,0.27812828601472134,0.7296786389413988,296.28939501833446,11.109821616846135
longest_prefix,prewarm,0,710.0849914879961,42,0.7255892255892256,0.21888662563225125,0.549712028169976,0.19696969696969696,0.7293447293447294,296.28939501833446,11.109821616846135
longest_prefix,prewarm,0,715.0849914879961,37,0.724516129032258,0.2319999999999709,0.6682276473147521,0.16064516129032258,0.7710843373493976,296.28939501833446,11.109821616846135
longest_prefix,prewarm,0,720.0849914879961,46,0.7821466524973433,0.16253597281871635,0.40268816741463526,0.2013815090329437,0.7598944591029023,296.28939501833446,11.109821616846135
longest_prefix,prewarm,0,725.0849914879961,33,0.7551622418879056,0.15836729604927768,0.500942892638327,0.26548672566371684,0.8,296.28939501833446,11.109821616846135
longest_prefix,prewarm,0,730.0849914879961,47,0.7414409810935104,0.19192456896496424,0.5274605791635507,0.21614716402657128,0.7565011820330969,296.28939501833446,11.109821616846135
longest_prefix,prewarm,0,735.0849914879961,37,0.6994884910485933,0.20995432025972605,0.9098563164084227,0.18861892583120204,0.6508474576271186,296.28939501833446,11.109821616846135
longest_prefix,prewarm,0,740.0849914879961,5,0.7960199004975125,0.16800000000000637,0.19936000000004242,0.0,nan,296.28939501833446,11.109821616846135
longest_prefix,prewarm,1,0.13412862829656735,33,0.43867243867243866,0.744,1.7661667010736755,0.0,nan,301.3564596279388,11.109821616846135
longest_prefix,prewarm,1,5.134128628296567,37,0.7551020408163265,0.1851300823733908,0.670536666967964,0.0,nan,301.3564596279388,11.109821616846135
longest_prefix,prewarm,1,10.134128628296567,46,0.7341902313624679,0.23199246551314,0.9019176902842613,0.0,nan,301.3564596279388,11.109821616846135
longest_prefix,prewarm,1,15.134128628296567,40,0.7468581687612208,0.2351198538081487,0.691282221633685,0.0,nan,301.3564596279388,11.109821616846135
longest_prefix,prewarm,1,20.134128628296565,42,0.6811512415349887,0.22747737957825365,0.8993238053264617,0.0,nan,301.3564596279388,11.109821616846135
longest_prefix,prewarm,1,25.134128628296565,31,0.7067783701447068,0.20974391550634053,0.6896000000000014,0.0,nan,301.3564596279388,11.109821616846135
longest_prefix,prewarm,1,30.134128628296565,32,0.7048458149779736,0.21105525987197282,0.7363200000000035,0.0,nan,301.3564596279388,11.109821616846135
longest_prefix,prewarm,1,35.134128628296565,38,0.7345679012345679,0.2575408249988804,0.6173059539212524,0.0,nan,301.3564596279388,11.109821616846135
longest_prefix,prewarm,1,40.134128628296565,25,0.689784442361762,0.1952114631638011,0.7561599999999984,0.0,nan,301.3564596279388,11.109821616846135
longest_prefix,prewarm,1,45.134128628296565,28,0.7386934673366834,0.22286892666157598,0.4458835418949968,0.0,nan,301.3564596279388,11.109821616846135
longest_prefix,prewarm,1,50.134128628296565,39,0.7454100367197063,0.239027322704068,1.1052017973890964,0.0,nan,301.3564596279388,11.109821616846135
longest_prefix,prewarm,1,55.134128628296565,39,0.7180109157064888,0.24011510408722359,1.0658162292418014,0.0,nan,301.3564596279388,11.109821616846135
longest_prefix,prewarm,1,60.134128628296565,45,0.7425796006475985,0.1891065157877847,0.6627199999999996,0.0,nan,301.3564596279388,11.109821616846135
longest_prefix,prewarm,1,65.13412862829657,40,0.6981689308919079,0.24237307781555018,0.882864784956668,0.0,nan,301.3564596279388,11.109821616846135
longest_prefix,prewarm,1,70.13412862829657,37,0.7373417721518988,0.25602105938095576,0.7664593208111177,0.0,nan,301.3564596279388,11.109821616846135
longest_prefix,prewarm,1,75.13412862829657,49,0.7174435367611726,0.28240934301739173,1.184828123328519,0.0,nan,301.3564596279388,11.109821616846135
longest_prefix,prewarm,1,80.13412862829657,51,0.7209302325581395,0.31088245328660946,0.8490473646764087,0.0,nan,301.3564596279388,11.109821616846135
longest_prefix,prewarm,1,85.13412862829657,38,0.7281921618204804,0.22227461113257618,0.8385731242307404,0.0,nan,301.3564596279388,11.109821616846135
longest_prefix,prewarm,1,90.13412862829657,41,0.7336476134354744,0.23710340500414873,0.866375021618123,0.0,nan,301.3564596279388,11.109821616846135
longest_prefix,prewarm,1,95.13412862829657,44,0.75,0.2538094637701178,0.6714468197379999,0.0,nan,301.3564596279388,11.109821616846135
longest_prefix,prewarm,1,100.13412862829657,39,0.7520098948670377,0.2907118648606115,0.8297862915844045,0.0,nan,301.3564596279388,11.109821616846135
longest_prefix,prewarm,1,105.13412862829657,35,0.7167325428194994,0.23966805519567913,0.7470998921999888,0.0,nan,301.3564596279388,11.109821616846135
longest_prefix,prewarm,1,110.13412862829657,28,0.7260504201680672,0.22399999999999665,0.5681076547987701,0.0,nan,301.3564596279388,11.109821616846135
longest_prefix,prewarm,1,115.13412862829657,40,0.7077997671711292,0.23941690723632547,0.753760000000003,0.0,nan,301.3564596279388,11.109821616846135
longest_prefix,prewarm,1,120.13412862829657,47,0.7016828148903621,0.5579116449596313,1.1654979192965784,0.0,nan,301.3564596279388,11.109821616846135
longest_prefix,prewarm,1,125.13412862829657,52,0.7241693218024579,0.48521733769881337,1.6599243817962648,0.0,nan,301.3564596279388,11.109821616846135
longest_prefix,prewarm,1,130.13412862829657,39,0.7162734422262553,0.29293524004054916,1.2282505107541715,0.0,nan,301.3564596279388,11.109821616846135
longest_prefix,prewarm,1,135.13412862829657,40,0.7158956109134045,0.23193671308740704,0.7900978711502151,0.0,nan,301.3564596279388,11.109821616846135
longest_prefix,prewarm,1,140.13412862829657,43,0.6855870895937674,0.2694047032684068,1.278885466897251,0.0,nan,301.3564596279388,11.109821616846135
longest_prefix,prewarm,1,145.13412862829657,39,0.7451573849878934,0.22947269863186648,0.5843213041472698,0.0,nan,301.3564596279388,11.109821616846135
longest_prefix,prewarm,1,150.13412862829657,44,0.7366720516962844,0.3015062870483973,0.9765319458093032,0.0,nan,301.3564596279388,11.109821616846135
longest_prefix,prewarm,1,155.13412862829657,43,0.7422447828539199,0.22253793384021492,1.1857662324556102,0.0,nan,301.3564596279388,11.109821616846135
longest_prefix,prewarm,1,160.13412862829657,36,0.7272139625080801,0.28357630183158733,0.8083115347247299,0.0,nan,301.3564596279388,11.109821616846135
longest_prefix,prewarm,1,165.13412862829657,36,0.7402511566424322,0.2524733785133151,0.8515562553084645,0.0,nan,301.3564596279388,11.109821616846135
longest_prefix,prewarm,1,170.13412862829657,37,0.7544204322200393,0.22703824237240156,0.609482874712187,0.0,nan,301.3564596279388,11.109821616846135
longest_prefix,prewarm,1,175.13412862829657,45,0.7222222222222222,0.2700898588985865,0.8883594286545978,0.0,nan,301.3564596279388,11.109821616846135
longest_prefix,prewarm,1,180.13412862829657,46,0.745417515274949,0.7208092908479102,2.804251806126011,0.0,nan,301.3564596279388,11.109821616846135
longest_prefix,prewarm,1,185.13412862829657,35,0.6668900804289544,0.7439999999999998,3.1673100396955345,0.0,nan,301.3564596279388,11.109821616846135
longest_prefix,prewarm,1,190.13412862829657,47,0.7340372046254399,1.4331336906689387,3.6906587856119244,0.0,nan,301.3564596279388,11.109821616846135
longest_prefix,prewarm,1,195.13412862829657,39,0.7313156269302038,0.3282528109573093,2.7994556782384494,0.0,nan,301.3564596279388,11.109821616846135
longest_prefix,prewarm,1,200.13412862829657,34,0.7350069735006973,2.001940388924851,2.9040033456882863,0.0,nan,301.3564596279388,11.109821616846135
longest_prefix,prewarm,1,205.13412862829657,34,0.7553648068669528,0.4612561055256066,2.501462030683248,0.0,nan,301.3564596279388,11.109821616846135
longest_prefix,prewarm,1,210.13412862829657,34,0.7467625899280576,0.17600000000000193,1.2094608648492706,0.0,nan,301.3564596279388,11.109821616846135
longest_prefix,prewarm,1,215.13412862829657,35,0.7106325706594886,0.23199999999999932,0.7821138036400801,0.0,nan,301.3564596279388,11.109821616846135
longest_prefix,prewarm,1,220.13412862829657,30,0.7811228641171685,0.19503189941465848,0.35954346098941303,0.0,nan,301.3564596279388,11.109821616846135
longest_prefix,prewarm,1,225.13412862829657,34,0.7065910701630049,0.2437143791356391,0.6684579754596844,0.0,nan,301.3564596279388,11.109821616846135
longest_prefix,prewarm,1,230.13412862829657,45,0.7204244031830239,0.4579723729316072,2.0138640686204727,0.0,nan,301.3564596279388,11.109821616846135
longest_prefix,prewarm,1,235.13412862829657,45,0.7194546407970634,0.2563457336058548,0.8179208245014503,0.0,nan,301.3564596279388,11.109821616846135
longest_prefix,prewarm,1,240.13412862829657,35,0.7292225201072386,0.24799999999999045,1.1012347209346565,0.0,nan,301.3564596279388,11.109821616846135
longest_prefix,prewarm,1,245.13412862829657,36,0.7003968253968254,0.21528444157081594,0.7652993792462098,0.0,nan,301.3564596279388,11.109821616846135
longest_prefix,prewarm,1,250.13412862829657,42,0.7396247868106879,0.21851535879544315,0.9638732213362654,0.0,nan,301.3564596279388,11.109821616846135
longest_prefix,prewarm,1,255.13412862829657,39,0.7320891029500302,0.2193000688266693,1.5086839870251476,0.0,nan,301.3564596279388,11.109821616846135
longest_prefix,prewarm,1,260.1341286282966,33,0.7007299270072993,0.21600000000000819,1.2544097787175519,0.0,nan,301.3564596279388,11.109821616846135
longest_prefix,prewarm,1,265.1341286282966,33,0.7724945135332846,0.2681815499606728,0.7915518573784925,0.0,nan,301.3564596279388,11.109821616846135
longest_prefix,prewarm,1,270.1341286282966,42,0.767162471395881,0.24541204215333323,0.7616638662403247,0.0,nan,301.3564596279388,11.109821616846135
longest_prefix,prewarm,1,275.1341286282966,38,0.7191011235955056,0.2519423358883728,1.6802584788858066,0.0,nan,301.3564596279388,11.109821616846135
longest_prefix,prewarm,1,280.1341286282966,38,0.74,0.21876987947200632,0.6564087924462416,0.0,nan,301.3564596279388,11.109821616846135
longest_prefix,prewarm,1,285.1341286282966,39,0.7215112736136502,0.2736038802456733,1.321315869865557,0.0,nan,301.3564596279388,11.109821616846135
longest_prefix,prewarm,1,290.1341286282966,51,0.7447108603667136,0.32773198420426297,0.899273438564677,0.0,nan,301.3564596279388,11.109821616846135
longest_prefix,prewarm,1,295.1341286282966,47,0.7622909275215408,0.26400000000001,1.2701121489490605,0.0,nan,301.3564596279388,11.109821616846135
longest_prefix,prewarm,1,300.1341286282966,44,0.7033805888767721,0.4462920515370854,0.9993975638746428,0.022355507088331516,0.7804878048780488,301.3564596279388,11.109821616846135
longest_prefix,prewarm,1,305.1341286282966,38,0.7195967233774417,0.20233654619073604,0.8091415602819413,0.1543793320730939,0.7836734693877551,301.3564596279388,11.109821616846135
longest_prefix,prewarm,1,310.1341286282966,31,0.769588828549263,0.18883654982050757,0.35940500978689444,0.22575640031031807,0.7697594501718213,301.3564596279388,11.109821616846135
longest_prefix,prewarm,1,315.1341286282966,36,0.7402511566424322,0.19999999999998863,0.5919504126305236,0.19563780568407138,0.7567567567567568,301.3564596279388,11.109821616846135
longest_prefix,prewarm,1,320.1341286282966,33,0.7178002894356006,0.23929036205191778,0.6800000000000068,0.12735166425470332,0.7272727272727273,301.3564596279388,11.109821616846135
longest_prefix,prewarm,1,325.1341286282966,45,0.735632183908046,0.20927640037058381,0.7973811220862176,0.2857889237199582,0.7605118829981719,301.3564596279388,11.109821616846135
longest_prefix,prewarm,1,330.1341286282966,33,0.7715549005158437,0.18451148161665287,0.3611525482410911,0.2955047899778924,0.7755610972568578,301.3564596279388,11.109821616846135
longest_prefix,prewarm,1,335.1341286282966,33,0.6685755189692197,0.22836654610659934,0.7926303559472034,0.14531138153185397,0.7881773399014779,301.3564596279388,11.109821616846135
longest_prefix,prewarm,1,340.1341286282966,28,0.7651579846285226,0.19619888901721083,0.46092731739221904,0.1537147736976943,0.7111111111111111,301.3564596279388,11.109821616846135
longest_prefix,prewarm,1,345.1341286282966,44,0.7458885941644562,0.2219908892855642,0.5620609310978774,0.1973474801061008,0.7741935483870968,301.3564596279388,11.109821616846135
longest_prefix,prewarm,1,350.1341286282966,44,0.7623172712506767,0.20074199536972515,0.4833126807266677,0.34488359501894966,0.7535321821036107,301.3564596279388,11.109821616846135
longest_prefix,prewarm,1,355.1341286282966,33,0.7216349541930938,0.2356884656414877,0.5482948707729747,0.22973925299506695,0.7852760736196319,301.3564596279388,11.109821616846135
longest_prefix,prewarm,1,360.1341286282966,43,0.7266666666666667,0.22062167436297386,0.8092813146448211,0.22555555555555556,0.7881773399014779,301.3564596279388,11.109821616846135
longest_prefix,prewarm,1,365.1341286282966,40,0.7259701492537314,0.22940564034863087,1.1261370280927456,0.1928358208955224,0.7925696594427245,301.3564596279388,11.109821616846135
longest_prefix,prewarm,1,370.1341286282966,45,0.7646112600536193,0.21484730731629043,0.40991320938414677,0.2900804289544236,0.7615526802218114,301.3564596279388,11.109821616846135
longest_prefix,prewarm,1,375.1341286282966,45,0.730669434353918,0.22402723166158012,0.6165588310173643,0.2402698495070057,0.7602591792656588,301.3564596279388,11.109821616846135
longest_prefix,prewarm,1,380.1341286282966,43,0.7446575342465753,0.24799999999999045,0.6759431641101434,0.25972602739726025,0.7426160337552743,301.3564596279388,11.109821616846135
longest_prefix,prewarm,1,385.1341286282966,58,0.7685300207039337,0.23235759813434242,0.49889201232601466,0.26956521739130435,0.7864823348694316,301.3564596279388,11.109821616846135
longest_prefix,prewarm,1,390.1341286282966,42,0.7488584474885844,0.21570784514230468,0.707466798163544,0.19006849315068494,0.7687687687687688,301.3564596279388,11.109821616846135
longest_prefix,prewarm,1,395.1341286282966,43,0.7670011148272018,0.21097338914751163,0.6506214733521755,0.23801560758082496,0.7494145199063232,301.3564596279388,11.109821616846135
longest_prefix,prewarm,1,400.1341286282966,39,0.7464702271332105,0.19162328796051042,1.3473953942111858,0.22590546347452425,0.782608695652174,301.3564596279388,11.109821616846135
longest_prefix,prewarm,1,405.1341286282966,39,0.7158403869407497,0.22219504425692094,0.6921845912162962,0.10157194679564692,0.7619047619047619,301.3564596279388,11.109821616846135
longest_prefix,prewarm,1,410.1341286282966,38,0.759525296689569,0.22288802393708806,0.5488906605786671,0.18550905683947533,0.7542087542087542,301.3564596279388,11.109821616846135
longest_prefix,prewarm,1,415.1341286282966,44,0.7437929212889594,0.2418099562582654,0.9843300320086684,0.21764395139989434,0.7766990291262136,301.3564596279388,11.109821616846135
longest_prefix,prewarm,1,420.1341286282966,32,0.7032967032967034,0.2680201584202848,0.7318360202955911,0.15677655677655677,0.7476635514018691,301.3564596279388,11.109821616846135
longest_prefix,prewarm,1,425.1341286282966,37,0.7514677103718199,0.1893692973879979,1.0766211883887786,0.2648401826484018,0.7881773399014779,301.3564596279388,11.109821616846135
longest_prefix,prewarm,1,430.1341286282966,39,0.7512048192771085,0.22282606571508268,0.5290940189877608,0.26265060240963856,0.7339449541284404,301.3564596279388,11.109821616846135
longest_prefix,prewarm,1,435.1341286282966,40,0.7383004926108374,0.18967527330920575,0.6762259198058705,0.10591133004926108,0.7441860465116279,301.3564596279388,11.109821616846135
longest_prefix,prewarm,1,440.1341286282966,40,0.7444776119402985,0.20460270180501539,0.8669861114722971,0.11641791044776119,0.8205128205128205,301.3564596279388,11.109821616846135
longest_prefix,prewarm,1,445.1341286282966,41,0.7369654364381957,0.19999999999998863,0.6284224887282905,0.17106033977738722,0.7671232876712328,301.3564596279388,11.109821616846135
longest_prefix,prewarm,1,450.1341286282966,28,0.739460370994941,0.19999999999998863,0.659904845743701,0.13322091062394603,0.810126582278481,301.3564596279388,11.109821616846135
longest_prefix,prewarm,1,455.1341286282966,34,0.7456078706957133,0.18400000000002592,0.7741367817929474,0.3808854532677442,0.7675276752767528,301.3564596279388,11.109821616846135
longest_prefix,prewarm,1,460.1341286282966,41,0.7677004095962551,0.21722547721185492,0.43443342225073145,0.3042715038033938,0.8,301.3564596279388,11.109821616846135
longest_prefix,prewarm,1,465.1341286282966,49,0.7458536585365854,0.21069681931868445,0.7995812249985053,0.22195121951219512,0.7736263736263737,301.3564596279388,11.109821616846135
longest_prefix,prewarm,1,470.1341286282966,39,0.7609756097560976,0.2155980066776806,0.4677325424286027,0.17926829268292682,0.7619047619047619,301.3564596279388,11.109821616846135
longest_prefix,prewarm,1,475.1341286282966,42,0.7416619559072922,0.22400000000001796,0.7710987218831882,0.24816280384397965,0.8018223234624146,301.3564596279388,11.109821616846135
longest_prefix,prewarm,1,480.1341286282966,49,0.7464582315583781,0.2193143746194437,0.7047819985931526,0.19931607230092818,0.7843137254901961,301.3564596279388,11.109821616846135
longest_prefix,prewarm,1,485.1341286282966,36,0.75,0.21600000000000819,0.3474209581060506,0.13802083333333334,0.7547169811320755,301.3564596279388,11.109821616846135
longest_prefix,prewarm,1,490.1341286282966,40,0.7056019070321812,0.2531736252372241,0.6897600000000187,0.15137067938021453,0.7559055118110236,301.3564596279388,11.109821616846135
longest_prefix,prewarm,1,495.1341286282966,42,0.7514318442153494,0.18989647049312453,0.6412850072044407,0.140893470790378,0.7804878048780488,301.3564596279388,11.109821616846135
longest_prefix,prewarm,1,500.1341286282966,31,0.7368018362662586,0.2233743639596355,0.7571887688251023,0.13006885998469778,0.7529411764705882,301.3564596279388,11.109821616846135
longest_prefix,prewarm,1,505.1341286282966,48,0.7226313205694649,0.2650823334384427,1.0574635533529266,0.12763868433971526,0.7384615384615385,301.3564596279388,11.109821616846135
longest_prefix,prewarm,1,510.1341286282966,55,0.7591304347826087,0.20647774765132,0.6432992031208029,0.21956521739130436,0.7603960396039604,301.3564596279388,11.109821616846135
longest_prefix,prewarm,1,515.1341286282966,36,0.7277452891487979,0.21584126974647688,0.9823865535848197,0.1949317738791423,0.7466666666666667,301.3564596279388,11.109821616846135
longest_prefix,prewarm,1,520.1341286282966,51,0.7226310947562098,0.255336155559462,0.6577584491029143,0.24287028518859247,0.7272727272727273,301.3564596279388,11.109821616846135
longest_prefix,prewarm,1,525.1341286282966,36,0.7389352148813342,0.21351073460715497,0.4043080931661165,0.18665811417575368,0.7697594501718213,301.3564596279388,11.109821616846135
longest_prefix,prewarm,1,530.1341286282966,45,0.7401908801696713,0.23049025126897504,0.5275856301657044,0.2698833510074231,0.7544204322200393,301.3564596279388,11.109821616846135
longest_prefix,prewarm,1,535.1341286282966,50,0.7516714422158548,0.19591799925376563,0.6996286857406401,0.16427889207258833,0.7441860465116279,301.3564596279388,11.109821616846135
longest_prefix,prewarm,1,540.1341286282966,49,0.735632183908046,0.2480000000000473,0.9025880787267162,0.16810344827586207,0.7293447293447294,301.3564596279388,11.109821616846135
longest_prefix,prewarm,1,545.1341286282966,42,0.7244094488188977,0.19666457025846285,1.206729545669867,0.09055118110236221,0.7950310559006211,301.3564596279388,11.109821616846135
longest_prefix,prewarm,1,550.1341286282966,32,0.7180254300673149,0.2319999999999709,0.7590358149683778,0.275243081525804,0.6956521739130435,301.3564596279388,11.109821616846135
longest_prefix,prewarm,1,555.1341286282966,44,0.7344262295081967,0.21600000000000819,0.6350661376561516,0.11530054644808743,0.7582938388625592,301.3564596279388,11.109821616846135
longest_prefix,prewarm,1,560.1341286282966,50,0.7778317938745746,0.1849521398843308,0.6851723937141093,0.23626640738940205,0.7901234567901234,301.3564596279388,11.109821616846135
longest_prefix,prewarm,1,565.1341286282966,33,0.7759000734753857,0.18399999999996908,0.5098805447051244,0.2417340191036003,0.7781155015197568,301.3564596279388,11.109821616846135
longest_prefix,prewarm,1,570.1341286282966,36,0.7495120364346128,0.21600000000000819,0.3341900102217892,0.25374105400130126,0.7384615384615385,301.3564596279388,11.109821616846135
longest_prefix,prewarm,1,575.1341286282966,38,0.7747395833333334,0.1595166074797021,0.642253359378965,0.3131510416666667,0.7983367983367984,301.3564596279388,11.109821616846135
longest_prefix,prewarm,1,580.1341286282966,42,0.7305122494432071,0.21925223574965003,0.6494213089996066,0.2811804008908686,0.7603960396039604,301.3564596279388,11.109821616846135
longest_prefix,prewarm,1,585.1341286282966,37,0.7351627313337588,0.21600000000000819,0.6246111275339127,0.21378430121250797,0.764179104477612,301.3564596279388,11.109821616846135
longest_prefix,prewarm,1,590.1341286282966,40,0.7383066903493192,0.22175208711666983,0.6160352493624828,0.29780935464772057,0.7614314115308151,301.3564596279388,11.109821616846135
longest_prefix,prewarm,1,595.1341286282966,50,0.7213429256594724,0.2730899994393212,0.8987031816772685,0.30167865707434055,0.7631160572337043,301.3564596279388,11.109821616846135
longest_prefix,prewarm,1,600.1341286282966,41,0.7674691720493247,0.1740741118870801,0.3359788973767764,0.27128596594245447,0.7619047619047619,301.3564596279388,11.109821616846135
longest_prefix,prewarm,1,605.1341286282966,34,0.7838616714697406,0.1452631927721768,0.3711045176835365,0.12175792507204611,0.757396449704142,301.3564596279388,11.109821616846135
longest_prefix,prewarm,1,610.1341286282966,39,0.7751552795031056,0.17247598056883362,0.35842046040766246,0.3099378881987578,0.7695390781563126,301.3564596279388,11.109821616846135
longest_prefix,prewarm,1,615.1341286282966,34,0.7597765363128491,0.21536496243118108,0.7031674598073585,0.28282122905027934,0.7901234567901234,301.3564596279388,11.109821616846135
longest_prefix,prewarm,1,620.1341286282966,33,0.7702407002188184,0.17351388661097644,0.4183914632854703,0.14587892049598833,0.8,301.3564596279388,11.109821616846135
longest_prefix,prewarm,1,625.1341286282966,41,0.7627906976744186,0.21600000000000819,0.6220546975932396,0.3686046511627907,0.7570977917981072,301.3564596279388,11.109821616846135
longest_prefix,prewarm,1,630.1341286282966,41,0.7735849056603774,0.17123389023254276,0.6964997308887179,0.23997641509433962,0.7862407862407862,301.3564596279388,11.109821616846135
longest_prefix,prewarm,1,635.1341286282966,55,0.7567448031844317,0.2036559624605161,0.7544569112431645,0.14860681114551083,0.7619047619047619,301.3564596279388,11.109821616846135
longest_prefix,prewarm,1,640.1341286282966,37,0.7389352148813342,0.19509297553349825,0.7444903080650102,0.16100064143681847,0.7649402390438247,301.3564596279388,11.109821616846135
longest_prefix,prewarm,1,645.1341286282966,32,0.7852760736196319,0.15234335612439054,0.34566584577211085,0.2392638036809816,0.8205128205128205,301.3564596279388,11.109821616846135
longest_prefix,prewarm,1,650.1341286282966,42,0.7316526610644257,0.2044197069073448,0.9390547390910474,0.20952380952380953,0.7700534759358288,301.3564596279388,11.109821616846135
longest_prefix,prewarm,1,655.1341286282966,38,0.7686472819216182,0.19027121746535158,0.6108373055940447,0.18331226295828065,0.7724137931034483,301.3564596279388,11.109821616846135
longest_prefix,prewarm,1,660.1341286282966,46,0.7221937467965146,0.2502667870483606,0.6553337747754366,0.30958482829318296,0.7417218543046358,301.3564596279388,11.109821616846135
longest_prefix,prewarm,1,665.1341286282966,45,0.7531712473572939,0.2092423277325679,0.5821396334465136,0.22410147991543342,0.7547169811320755,301.3564596279388,11.109821616846135
longest_prefix,prewarm,1,670.1341286282966,39,0.703923900118906,0.2480000000000473,0.9867334262075451,0.3638525564803805,0.7320261437908496,301.3564596279388,11.109821616846135
longest_prefix,prewarm,1,675.1341286282966,39,0.729064039408867,0.21600000000000819,0.723767115009409,0.12376847290640394,0.7960199004975125,301.3564596279388,11.109821616846135
longest_prefix,prewarm,1,680.1341286282966,33,0.7490961677512654,0.20000000000004547,0.5059606320715148,0.210412147505423,0.7697594501718213,301.3564596279388,11.109821616846135
longest_prefix,prewarm,1,685.1341286282966,43,0.7589630446773304,0.20210481850995166,0.580300326513734,0.17981246552675123,0.7852760736196319,301.3564596279388,11.109821616846135
longest_prefix,prewarm,1,690.1341286282966,44,0.7099681866383881,0.2319999999999709,1.581709178901674,0.2698833510074231,0.7544204322200393,301.3564596279388,11.109821616846135
longest_prefix,prewarm,1,695.1341286282966,29,0.7275775356244761,0.15926824544646934,0.867045274564152,0.23051131601005867,0.8145454545454546,301.3564596279388,11.109821616846135
longest_prefix,prewarm,1,700.1341286282966,38,0.7292307692307692,0.2319999999999709,1.1013805900522713,0.38153846153846155,0.7741935483870968,301.3564596279388,11.109821616846135
longest_prefix,prewarm,1,705.1341286282966,33,0.7075606276747504,0.21600000000000819,0.826165952774636,0.19971469329529243,0.8,301.3564596279388,11.109821616846135
longest_prefix,prewarm,1,710.1341286282966,51,0.7363509099393374,0.2017743697848573,0.6942803656466481,0.23145123658422773,0.7741935483870968,301.3564596279388,11.109821616846135
longest_prefix,prewarm,1,715.1341286282966,43,0.7598012147984539,0.22067942863020562,0.6030564044196943,0.13970182219768085,0.758893280632411,301.3564596279388,11.109821616846135
longest_prefix,prewarm,1,720.1341286282966,43,0.7083563918096292,0.25195214126904375,0.7116511630449008,0.08909795240730492,0.7950310559006211,301.3564596279388,11.109821616846135
longest_prefix,prewarm,1,725.1341286282966,36,0.7431803060545575,0.1982447673198635,0.5670241203690978,0.22488356620093147,0.757396449704142,301.3564596279388,11.109821616846135
longest_prefix,prewarm,1,730.1341286282966,28,0.7539267015706806,0.16800000000000637,0.6414729347266145,0.2844677137870855,0.7852760736196319,301.3564596279388,11.109821616846135
longest_prefix,prewarm,1,735.1341286282966,39,0.7552275522755227,0.22810916871526388,0.6763742324510685,0.12238622386223862,0.8040201005025126,301.3564596279388,11.109821616846135
longest_prefix,prewarm,1,740.1341286282966,39,0.7556644213104715,0.19233343583937312,0.7045098206122248,0.22780159216166565,0.7741935483870968,301.3564596279388,11.109821616846135
longest_prefix,prewarm,1,745.1341286282966,48,0.7416173570019724,0.26263375519346255,0.7251286890980283,0.3150887573964497,0.7511737089201878,301.3564596279388,11.109821616846135
longest_prefix,prewarm,1,750.1341286282966,33,0.720112517580872,0.2480000000000473,0.6916810481964603,0.2180028129395218,0.7225806451612903,301.3564596279388,11.109821616846135
longest_prefix,prewarm,2,0.01623264200049831,44,0.5665236051502146,0.41780408052535123,1.394704567075792,0.0,nan,296.93566534318944,11.109821616846135
longest_prefix,prewarm,2,5.016232642000499,34,0.7394957983193278,0.23597210186293127,0.818434872643334,0.0,nan,296.93566534318944,11.109821616846135
longest_prefix,prewarm,2,10.0162326420005,48,0.6807558428642466,0.28424142334815183,1.1303993426964072,0.0,nan,296.93566534318944,11.109821616846135
longest_prefix,prewarm,2,15.0162326420005,50,0.7178638941398866,0.42038147275458115,1.3710539016257648,0.0,nan,296.93566534318944,11.109821616846135
longest_prefix,prewarm,2,20.0162326420005,37,0.7365384615384616,0.24944654964014035,0.6779677963985278,0.0,nan,296.93566534318944,11.109821616846135
longest_prefix,prewarm,2,25.0162326420005,41,0.6977272727272728,0.3546793817575953,1.0563078105073922,0.0,nan,296.93566534318944,11.109821616846135
longest_prefix,prewarm,2,30.0162326420005,41,0.7476470588235294,0.24509642508097684,0.8980654771037395,0.0,nan,296.93566534318944,11.109821616846135
longest_prefix,prewarm,2,35.0162326420005,40,0.6863446630888491,0.21075344499941195,0.7499614699616824,0.0,nan,296.93566534318944,11.109821616846135
longest_prefix,prewarm,2,40.0162326420005,43,0.7520984890878567,0.25061553022631955,1.1199156464749689,0.0,nan,296.93566534318944,11.109821616846135
longest_prefix,prewarm,2,45.0162326420005,28,0.7441860465116279,0.16609765468399829,0.6681326309347629,0.0,nan,296.93566534318944,11.109821616846135
longest_prefix,prewarm,2,50.0162326420005,47,0.7409484956654768,0.2029059140076086,0.6397374282393097,0.0,nan,296.93566534318944,11.109821616846135
longest_prefix,prewarm,2,55.0162326420005,31,0.711453744493392,0.2193317357398641,0.5074133839349478,0.0,nan,296.93566534318944,11.109821616846135
longest_prefix,prewarm,2,60.0162326420005,38,0.76,0.21599999999999753,0.41353274464889556,0.0,nan,296.93566534318944,11.109821616846135
longest_prefix,prewarm,2,65.0162326420005,42,0.6992567181246426,0.2615610320319064,0.9606737508377406,0.0,nan,296.93566534318944,11.109821616846135
longest_prefix,prewarm,2,70.0162326420005,39,0.748780487804878,0.2430529935771233,1.041528467528129,0.0,nan,296.93566534318944,11.109821616846135
longest_prefix,prewarm,2,75.0162326420005,39,0.7211714460036608,0.28734889417681586,1.2469720524315724,0.0,nan,296.93566534318944,11.109821616846135
longest_prefix,prewarm,2,80.0162326420005,36,0.7214334009465855,0.20325632020726658,0.6684122805788312,0.0,nan,296.93566534318944,11.109821616846135
longest_prefix,prewarm,2,85.0162326420005,50,0.7179856115107913,0.25806173508779295,0.9451150864015526,0.0,nan,296.93566534318944,11.109821616846135
longest_prefix,prewarm,2,90.0162326420005,40,0.702527924750147,0.22303010386037414,1.0491095121193665,0.0,nan,296.93566534318944,11.109821616846135
longest_prefix,prewarm,2,95.0162326420005,44,0.750402576489533,0.223189430502444,0.931395206097335,0.0,nan,296.93566534318944,11.109821616846135
longest_prefix,prewarm,2,100.0162326420005,44,0.7042404723564144,0.2372646802791749,0.9265946398502087,0.0,nan,296.93566534318944,11.109821616846135
longest_prefix,prewarm,2,105.0162326420005,41,0.7234782608695652,0.2570123818602781,0.8600324815056271,0.0,nan,296.93566534318944,11.109821616846135
longest_prefix,prewarm,2,110.0162326420005,50,0.7144893111638955,0.24888920369475187,1.120216746358999,0.0,nan,296.93566534318944,11.109821616846135
longest_prefix,prewarm,2,115.0162326420005,44,0.7594390507011867,0.3250057205911503,0.8402970661094966,0.0,nan,296.93566534318944,11.109821616846135
longest_prefix,prewarm,2,120.0162326420005,40,0.711006474396704,0.26976768006503704,1.3400129631134188,0.0,nan,296.93566534318944,11.109821616846135
longest_prefix,prewarm,2,125.0162326420005,46,0.7293076522644456,0.3133990720720661,3.1661097409380305,0.0,nan,296.93566534318944,11.109821616846135
longest_prefix,prewarm,2,130.0162326420005,29,0.7305533279871692,0.49727123837053,2.0629326808336383,0.0,nan,296.93566534318944,11.109821616846135
longest_prefix,prewarm,2,135.0162326420005,41,0.7177006260671599,0.22124114071996814,0.627119918425348,0.0,nan,296.93566534318944,11.109821616846135
longest_prefix,prewarm,2,140.0162326420005,60,0.7393595460072964,0.2902425212332673,1.3857854717477858,0.0,nan,296.93566534318944,11.109821616846135
longest_prefix,prewarm,2,145.0162326420005,24,0.7041540020263425,0.24169506991184164,1.0024088235634163,0.0,nan,296.93566534318944,11.109821616846135
longest_prefix,prewarm,2,150.0162326420005,41,0.7362250879249707,0.20354081870601703,0.720118139847631,0.0,nan,296.93566534318944,11.109821616846135
longest_prefix,prewarm,2,155.0162326420005,34,0.7231638418079096,0.21957278264049762,0.7424525284237637,0.0,nan,296.93566534318944,11.109821616846135
longest_prefix,prewarm,2,160.0162326420005,44,0.7482327351821643,0.24057401058249184,0.7814878415593501,0.0,nan,296.93566534318944,11.109821616846135
longest_prefix,prewarm,2,165.0162326420005,37,0.6970873786407767,0.27091598039260134,0.8806600594385874,0.0,nan,296.93566534318944,11.109821616846135
longest_prefix,prewarm,2,170.0162326420005,41,0.7616550116550117,0.1839999999999975,0.3618075149998391,0.0,nan,296.93566534318944,11.109821616846135
longest_prefix,prewarm,2,175.0162326420005,45,0.7038251366120218,0.22863098410789462,1.2703385757227246,0.0,nan,296.93566534318944,11.109821616846135
longest_prefix,prewarm,2,180.0162326420005,35,0.7099596231493943,0.2535527082779936,0.8447239127948936,0.0,nan,296.93566534318944,11.109821616846135
longest_prefix,prewarm,2,185.0162326420005,46,0.7441505595116988,0.24487929100581596,0.6377797718520242,0.0,nan,296.93566534318944,11.109821616846135
longest_prefix,prewarm,2,190.0162326420005,41,0.7230590961761297,0.22257469930474372,0.9130866641770867,0.0,nan,296.93566534318944,11.109821616846135
longest_prefix,prewarm,2,195.0162326420005,36,0.7361018084393838,0.2034421247577285,0.6727982196369026,0.0,nan,296.93566534318944,11.109821616846135
longest_prefix,prewarm,2,200.0162326420005,41,0.7472270869819031,0.22389329218685816,0.7817767650187081,0.0,nan,296.93566534318944,11.109821616846135
longest_prefix,prewarm,2,205.0162326420005,42,0.7127355796687607,0.24799999999999045,0.8565492057544847,0.0,nan,296.93566534318944,11.109821616846135
longest_prefix,prewarm,2,210.0162326420005,38,0.7449748743718593,0.19806536178920453,0.6581476040293762,0.0,nan,296.93566534318944,11.109821616846135
longest_prefix,prewarm,2,215.0162326420005,44,0.7244616234124793,0.2424582804563329,1.0072623220292856,0.0,nan,296.93566534318944,11.109821616846135
longest_prefix,prewarm,2,220.0162326420005,53,0.6536388140161725,0.4443577292149996,1.3243715716343412,0.0,nan,296.93566534318944,11.109821616846135
longest_prefix,prewarm,2,225.0162326420005,46,0.6783867631851086,0.503726102956648,1.2131424127089838,0.0,nan,296.93566534318944,11.109821616846135
longest_prefix,prewarm,2,230.0162326420005,33,0.6912704045422285,0.26244486866164607,0.7896537976542595,0.0,nan,296.93566534318944,11.109821616846135
longest_prefix,prewarm,2,235.0162326420005,55,0.6877944325481798,0.3168703138485398,1.9260944182816002,0.0,nan,296.93566534318944,11.109821616846135
longest_prefix,prewarm,2,240.0162326420005,38,0.769620253164557,0.19072300790541874,0.7425302078150118,0.0,nan,296.93566534318944,11.109821616846135
longest_prefix,prewarm,2,245.0162326420005,48,0.6860873932697137,0.25689024427708773,2.193714778062895,0.0,nan,296.93566534318944,11.109821616846135
longest_prefix,prewarm,2,250.0162326420005,35,0.7018505825908157,0.26400000000001,1.713738639451541,0.0,nan,296.93566534318944,11.109821616846135
longest_prefix,prewarm,2,255.0162326420005,41,0.6788990825688074,0.24970551250902417,0.934919495198659,0.0,nan,296.93566534318944,11.109821616846135
longest_prefix,prewarm,2,260.0162326420005,40,0.7199526346950859,0.23784002064715537,0.7513678787654822,0.0,nan,296.93566534318944,11.109821616846135
longest_prefix,prewarm,2,265.0162326420005,37,0.7239548772395488,0.18235877427997593,0.7680308953992175,0.0,nan,296.93566534318944,11.109821616846135
longest_prefix,prewarm,2,270.0162326420005,59,0.7480635955972279,0.27984966583244386,1.2939750982034786,0.0,nan,296.93566534318944,11.109821616846135
longest_prefix,prewarm,2,275.0162326420005,35,0.7095908786049631,0.26619454383774155,1.0539456883084515,0.0,nan,296.93566534318944,11.109821616846135
longest_prefix,prewarm,2,280.0162326420005,32,0.7135217723453018,0.19681828046074656,0.8284895384974067,0.0,nan,296.93566534318944,11.109821616846135
longest_prefix,prewarm,2,285.0162326420005,30,0.7290015847860539,0.2079999999999984,0.6292007704718547,0.0,nan,296.93566534318944,11.109821616846135
longest_prefix,prewarm,2,290.0162326420005,47,0.7078934137757668,0.23200000000002774,0.8231240545444644,0.0,nan,296.93566534318944,11.109821616846135
longest_prefix,prewarm,2,295.0162326420005,35,0.7421555252387448,0.18400000000002592,0.6221935935392955,0.02660300136425648,0.8205128205128205,296.93566534318944,11.109821616846135
longest_prefix,prewarm,2,300.0162326420005,38,0.742319749216301,0.20107979187750402,0.6496666291858509,0.18307210031347962,0.7671232876712328,296.93566534318944,11.109821616846135
longest_prefix,prewarm,2,305.0162326420005,47,0.7239074550128535,0.2122498862859743,1.67638696197738,0.22313624678663238,0.8110599078341014,296.93566534318944,11.109821616846135
longest_prefix,prewarm,2,310.0162326420005,40,0.7692307692307693,0.18400000000002592,0.3801710170982534,0.2205528846153846,0.784741144414169,296.93566534318944,11.109821616846135
longest_prefix,prewarm,2,315.0162326420005,36,0.7176781002638523,0.20313698173069383,0.775240800949163,0.24736147757255936,0.768,296.93566534318944,11.109821616846135
longest_prefix,prewarm,2,320.0162326420005,32,0.7594654788418709,0.19999999999998863,0.3359600207829016,0.28878990348923533,0.7403598971722365,296.93566534318944,11.109821616846135
longest_prefix,prewarm,2,325.0162326420005,39,0.7014218009478673,0.21600000000000819,0.701440000000019,0.1806872037914692,0.7344262295081967,296.93566534318944,11.109821616846135
longest_prefix,prewarm,2,330.0162326420005,44,0.7285559174809989,0.21600000000000819,0.7599914249334756,0.23072747014115091,0.7529411764705882,296.93566534318944,11.109821616846135
longest_prefix,prewarm,2,335.0162326420005,51,0.7129251700680272,0.23200000000002774,1.6254374729198275,0.22267573696145124,0.7169042769857433,296.93566534318944,11.109821616846135
longest_prefix,prewarm,2,340.0162326420005,35,0.7462277091906722,0.1690367571904403,0.8052556377874633,0.26406035665294925,0.7480519480519481,296.93566534318944,11.109821616846135
longest_prefix,prewarm,2,345.0162326420005,33,0.6795977011494253,0.19895628785354802,0.7068800000000011,0.18606321839080459,0.7413127413127413,296.93566534318944,11.109821616846135
longest_prefix,prewarm,2,350.0162326420005,45,0.7498666666666667,0.20696248875674428,0.7200810903789153,0.2144,0.7960199004975125,296.93566534318944,11.109821616846135
longest_prefix,prewarm,2,355.0162326420005,48,0.7065868263473054,0.24706945195435992,0.832675366109797,0.2874251497005988,0.7777777777777778,296.93566534318944,11.109821616846135
longest_prefix,prewarm,2,360.0162326420005,42,0.723404255319149,0.22383501678365292,1.1126934292521051,0.11478163493840986,0.7804878048780488,296.93566534318944,11.109821616846135
longest_prefix,prewarm,2,365.0162326420005,38,0.698605215281989,0.2204691825107261,0.6617249782820221,0.18556701030927836,0.6274509803921569,296.93566534318944,11.109821616846135
longest_prefix,prewarm,2,370.0162326420005,41,0.6963979416809606,0.22214532290178113,0.9592894487676065,0.1183533447684391,0.7729468599033816,296.93566534318944,11.109821616846135
longest_prefix,prewarm,2,375.0162326420005,48,0.7531296945418127,0.19581502075504886,1.0163725126467025,0.23485227841762643,0.7505330490405118,296.93566534318944,11.109821616846135
longest_prefix,prewarm,2,380.0162326420005,39,0.752714113389626,0.21600000000000819,0.41361433058900504,0.2798552472858866,0.7586206896551724,296.93566534318944,11.109821616846135
longest_prefix,prewarm,2,385.0162326420005,35,0.7391304347826086,0.2086035977121128,0.7943245689863497,0.109375,0.7950310559006211,296.93566534318944,11.109821616846135
longest_prefix,prewarm,2,390.0162326420005,40,0.7906114885731933,0.1519999999999868,0.36944547294567653,0.1766522544780729,0.7832167832167832,296.93566534318944,11.109821616846135
longest_prefix,prewarm,2,395.0162326420005,49,0.7274017983909133,0.22584563173353445,1.0495655242483253,0.1689540937056318,0.8067226890756303,296.93566534318944,11.109821616846135
longest_prefix,prewarm,2,400.0162326420005,36,0.7258587167854829,0.2137275304881996,0.6273417083304703,0.2968243681140635,0.7685589519650655,296.93566534318944,11.109821616846135
longest_prefix,prewarm,2,405.0162326420005,58,0.7231960864247859,0.268321406781979,1.1480722300090007,0.31267835303709746,0.7509778357235984,296.93566534318944,11.109821616846135
longest_prefix,prewarm,2,410.0162326420005,48,0.7716455696202532,0.18460985532368568,0.45093880980999534,0.22582278481012658,0.7892376681614349,296.93566534318944,11.109821616846135
longest_prefix,prewarm,2,415.0162326420005,35,0.7139107611548556,0.26400000000001,0.8831974127652036,0.36351706036745407,0.7509025270758123,296.93566534318944,11.109821616846135
longest_prefix,prewarm,2,420.0162326420005,41,0.7028901734104046,0.23200000000002774,0.6543999999999983,0.18728323699421964,0.7901234567901234,296.93566534318944,11.109821616846135
longest_prefix,prewarm,2,425.0162326420005,33,0.7654135338345864,0.1560120753301817,0.431570087951352,0.26015037593984963,0.7398843930635838,296.93566534318944,11.109821616846135
longest_prefix,prewarm,2,430.0162326420005,37,0.7628865979381443,0.20984795451647642,0.407066588141081,0.29381443298969073,0.7719298245614035,296.93566534318944,11.109821616846135
longest_prefix,prewarm,2,435.0162326420005,29,0.7550854353132628,0.19999999999998863,0.26396499280609986,0.14239218877135884,0.7314285714285714,296.93566534318944,11.109821616846135
longest_prefix,prewarm,2,440.0162326420005,48,0.7378446115288221,0.21994073081958732,1.1635308607560821,0.16340852130325814,0.7852760736196319,296.93566534318944,11.109821616846135
longest_prefix,prewarm,2,445.0162326420005,41,0.6906267970097757,0.24256425426750639,0.7046979553747179,0.19148936170212766,0.7687687687687688,296.93566534318944,11.109821616846135
longest_prefix,prewarm,2,450.0162326420005,49,0.7373979836773884,0.21858259729640395,0.520397387647105,0.23475756120979357,0.7852760736196319,296.93566534318944,11.109821616846135
longest_prefix,prewarm,2,455.0162326420005,36,0.7433862433862434,0.18113560697378261,0.5457028109233162,0.15542328042328044,0.6808510638297872,296.93566534318944,11.109821616846135
longest_prefix,prewarm,2,460.0162326420005,28,0.7612574341546304,0.1812844720672615,0.32711248585994723,0.14528462192013594,0.7485380116959064,296.93566534318944,11.109821616846135
longest_prefix,prewarm,2,465.0162326420005,42,0.7479861910241657,0.1855613047665372,0.5401600000000084,0.23935558112773303,0.7692307692307693,296.93566534318944,11.109821616846135
longest_prefix,prewarm,2,470.0162326420005,47,0.7065750736015701,0.227337731278908,0.9004873480394099,0.24190382728164866,0.7139959432048681,296.93566534318944,11.109821616846135
longest_prefix,prewarm,2,475.0162326420005,49,0.7189448441247003,0.24799999999999045,0.768320000000001,0.21007194244604316,0.730593607305936,296.93566534318944,11.109821616846135
longest_prefix,prewarm,2,480.0162326420005,34,0.7424033149171271,0.22578565411421891,0.5255990881333481,0.2638121546961326,0.7539267015706806,296.93566534318944,11.109821616846135
longest_prefix,prewarm,2,485.0162326420005,46,0.7615106052767718,0.21594333702481094,0.44664969997335496,0.20538023797206414,0.8060453400503779,296.93566534318944,11.109821616846135
longest_prefix,prewarm,2,490.0162326420005,32,0.7215568862275449,0.18261618460383033,0.7183904176357595,0.2252994011976048,0.7441860465116279,296.93566534318944,11.109821616846135
longest_prefix,prewarm,2,495.0162326420005,34,0.7624386825508059,0.18535382475786832,0.37313571623666075,0.1807988787666433,0.7441860465116279,296.93566534318944,11.109821616846135
longest_prefix,prewarm,2,500.0162326420005,39,0.7349472377405338,0.18400000000002592,0.6746959754340967,0.19925512104283055,0.7975077881619937,296.93566534318944,11.109821616846135
longest_prefix,prewarm,2,505.0162326420005,38,0.7667087011349306,0.19200000000000728,0.4257928602809449,0.17780580075662042,0.7943262411347518,296.93566534318944,11.109821616846135
longest_prefix,prewarm,2,510.0162326420005,37,0.7673363577446533,0.17154967636787433,0.583853617980144,0.237200259235256,0.7868852459016393,296.93566534318944,11.109821616846135
longest_prefix,prewarm,2,515.0162326420004,30,0.7735697018533441,0.1731787257156725,0.4024090578029393,0.23045930701047543,0.7832167832167832,296.93566534318944,11.109821616846135
longest_prefix,prewarm,2,520.0162326420004,40,0.7466275659824047,0.21600000000000819,0.4592495434965519,0.26744868035190617,0.7719298245614035,296.93566534318944,11.109821616846135
longest_prefix,prewarm,2,525.0162326420004,36,0.7568988173455979,0.17410453608539456,0.27376559713726467,0.23587385019710908,0.8022284122562674,296.93566534318944,11.109821616846135
longest_prefix,prewarm,2,530.0162326420004,47,0.7562214321990859,0.18399999999996908,0.598241993862789,0.31538852209243273,0.7729468599033816,296.93566534318944,11.109821616846135
longest_prefix,prewarm,2,535.0162326420004,41,0.7403123192596877,0.19090939331204027,0.5127349032884925,0.16657027183342973,0.6666666666666666,296.93566534318944,11.109821616846135
longest_prefix,prewarm,2,540.0162326420004,51,0.768610715979137,0.17658500092034046,0.352921888312153,0.28686581318160265,0.7933884297520661,296.93566534318944,11.109821616846135
longest_prefix,prewarm,2,545.0162326420004,37,0.7639429312581063,0.18399999999996908,0.3463299839005549,0.23670557717250323,0.7726027397260274,296.93566534318944,11.109821616846135
longest_prefix,prewarm,2,550.0162326420004,40,0.7828746177370031,0.1685920212218548,0.34746752346053766,0.2489296636085627,0.7862407862407862,296.93566534318944,11.109821616846135
longest_prefix,prewarm,2,555.0162326420004,39,0.7609756097560976,0.22167539796373603,0.3979709906150901,0.2280487804878049,0.7700534759358288,296.93566534318944,11.109821616846135
longest_prefix,prewarm,2,560.0162326420004,52,0.7224729241877257,0.23750512335334406,0.7668402828957404,0.14124548736462095,0.6166134185303515,296.93566534318944,11.109821616846135
longest_prefix,prewarm,2,565.0162326420004,51,0.7470671046457062,0.26400000000001,0.9121742330728466,0.29282027217268886,0.7692307692307693,296.93566534318944,11.109821616846135
longest_prefix,prewarm,2,570.0162326420004,35,0.7615437629221227,0.18399999999996908,0.32623752677663326,0.191592005513439,0.8057553956834532,296.93566534318944,11.109821616846135
longest_prefix,prewarm,2,575.0162326420004,35,0.7804878048780488,0.15200000000004366,0.30647492483216626,0.22787456445993032,0.7828746177370031,296.93566534318944,11.109821616846135
longest_prefix,prewarm,2,580.0162326420004,38,0.7816537467700259,0.1724858359617656,0.278675592508115,0.16343669250645995,0.758893280632411,296.93566534318944,11.109821616846135
longest_prefix,prewarm,2,585.0162326420004,37,0.7440818937939859,0.16800000000000637,0.5432720477118301,0.16506717850287908,0.7441860465116279,296.93566534318944,11.109821616846135
longest_prefix,prewarm,2,590.0162326420004,44,0.7501331912626532,0.26400000000001,1.1506893486414322,0.20138518913159298,0.7619047619047619,296.93566534318944,11.109821616846135
longest_prefix,prewarm,2,595.0162326420004,41,0.7520184544405998,0.19644516752043728,0.4254095031016733,0.19896193771626297,0.7420289855072464,296.93566534318944,11.109821616846135
longest_prefix,prewarm,2,600.0162326420004,36,0.7577807848443843,0.16580991986751314,0.5531877395115424,0.2780784844384303,0.7785888077858881,296.93566534318944,11.109821616846135
longest_prefix,prewarm,2,605.0162326420004,37,0.7761685319289006,0.17999868662457175,0.2720561915258077,0.1869651086240948,0.7887323943661971,296.93566534318944,11.109821616846135
longest_prefix,prewarm,2,610.0162326420004,40,0.7540202501488982,0.19375173217832753,0.3837175386904005,0.29779630732578916,0.768,296.93566534318944,11.109821616846135
longest_prefix,prewarm,2,615.0162326420004,50,0.7509578544061303,0.1953235524891852,0.62578231117028,0.21886973180076627,0.7702407002188184,296.93566534318944,11.109821616846135
longest_prefix,prewarm,2,620.0162326420004,33,0.7425670775924583,0.16800000000000637,0.6299192643235028,0.14720812182741116,0.7881773399014779,296.93566534318944,11.109821616846135
longest_prefix,prewarm,2,625.0162326420004,32,0.7453042824943651,0.19059901665747248,0.585060436759426,0.3005259203606311,0.8,296.93566534318944,11.109821616846135
longest_prefix,prewarm,2,630.0162326420004,41,0.7527826596367897,0.20972668216688817,0.6041316048472254,0.3339191564147627,0.7859649122807018,296.93566534318944,11.109821616846135
longest_prefix,prewarm,2,635.0162326420004,42,0.7535092644581696,0.22336816989781028,0.5912041465783747,0.2021336327905671,0.8,296.93566534318944,11.109821616846135
longest_prefix,prewarm,2,640.0162326420004,50,0.7276172430127902,0.21541077049613477,0.6721599999999682,0.29512079583135953,0.7191011235955056,296.93566534318944,11.109821616846135
longest_prefix,prewarm,2,645.0162326420004,36,0.7417900837089504,0.2319999999999709,0.40944261989744174,0.30521571152607857,0.7426160337552743,296.93566534318944,11.109821616846135
longest_prefix,prewarm,2,650.0162326420004,47,0.7276402223345124,0.21099982229236502,0.7526400000000081,0.2516422435573522,0.7710843373493976,296.93566534318944,11.109821616846135
longest_prefix,prewarm,2,655.0162326420004,43,0.7606412382531785,0.21600000000000819,0.7409644542089675,0.26810392482034273,0.7257731958762886,296.93566534318944,11.109821616846135
longest_prefix,prewarm,2,660.0162326420004,34,0.7415730337078652,0.18399999999996908,0.6909175780353769,0.26615168539325845,0.7598944591029023,296.93566534318944,11.109821616846135
longest_prefix,prewarm,2,665.0162326420004,30,0.7520259319286872,0.1639543974728781,0.6511296398335142,0.19367909238249595,0.803347280334728,296.93566534318944,11.109821616846135
longest_prefix,prewarm,2,670.0162326420004,38,0.7614276768941766,0.1899963660076196,0.4748318460416615,0.26988102692548527,0.7424593967517401,296.93566534318944,11.109821616846135
longest_prefix,prewarm,2,675.0162326420004,31,0.7035633055344959,0.21600000000000819,0.8811637159011182,0.2608036391205459,0.7441860465116279,296.93566534318944,11.109821616846135
longest_prefix,prewarm,2,680.0162326420004,31,0.7243243243243244,0.18399999999996908,0.7522270939802523,0.22857142857142856,0.7567567567567568,296.93566534318944,11.109821616846135
longest_prefix,prewarm,2,685.0162326420004,43,0.7235326385079539,0.23623129908185092,0.7608080913864796,0.31925397696105323,0.7697594501718213,296.93566534318944,11.109821616846135
longest_prefix,prewarm,2,690.0162326420004,44,0.7383025027203483,0.19808680271813728,1.0106859728926374,0.16050054406964093,0.7593220338983051,296.93566534318944,11.109821616846135
longest_prefix,prewarm,2,695.0162326420004,30,0.7619047619047619,0.21265441205707702,1.1847915872891726,0.0626984126984127,0.810126582278481,296.93566534318944,11.109821616846135
longest_prefix,prewarm,2,700.0162326420004,39,0.7413688673531194,0.21600000000000819,0.868116398687466,0.18655360387643852,0.7272727272727273,296.93566534318944,11.109821616846135
longest_prefix,prewarm,2,705.0162326420004,51,0.753810623556582,0.22346107572218443,0.6822596509901473,0.33856812933025404,0.7421555252387448,296.93566534318944,11.109821616846135
longest_prefix,prewarm,2,710.0162326420004,36,0.7476635514018691,0.21714098673061244,0.7024535049070664,0.20360480640854473,0.7344262295081967,296.93566534318944,11.109821616846135
longest_prefix,prewarm,2,715.0162326420004,35,0.719562243502052,0.19103583282333148,0.6929399415847635,0.14227086183310533,0.7692307692307693,296.93566534318944,11.109821616846135
longest_prefix,prewarm,2,720.0162326420004,37,0.7519582245430809,0.18399999999996908,0.5519773350884863,0.07767624020887728,0.8067226890756303,296.93566534318944,11.109821616846135
longest_prefix,prewarm,2,725.0162326420004,38,0.7407170294494239,0.16500990194430187,0.7106223770786779,0.14852752880921896,0.8275862068965517,296.93566534318944,11.109821616846135
longest_prefix,prewarm,2,730.0162326420004,47,0.7434343434343434,0.20266676557014307,0.6016270489572048,0.16313131313131313,0.7925696594427245,296.93566534318944,11.109821616846135
longest_prefix,prewarm,2,735.0162326420004,40,0.7374166161309885,0.18707100049783776,0.6765596904178801,0.1170406306852638,0.8290155440414507,296.93566534318944,11.109821616846135
longest_prefix,prewarm,2,740.0162326420004,18,0.72,0.25851915208738774,0.4040113323665014,0.11875,0.6736842105263158,296.93566534318944,11.109821616846135
hybrid,none,0,0.0849914879961137,33,0.34285714285714286,0.7040898149723387,2.0075206115171995,0.0,nan,296.28939501833446,8.371142505125718
hybrid,none,0,5.084991487996113,37,0.5573874445149017,0.5558557646918434,1.5509598289880764,0.0,nan,296.28939501833446,8.371142505125718
hybrid,none,0,10.084991487996113,33,0.6505847953216374,0.2810607419086306,1.1609448773435609,0.0,nan,296.28939501833446,8.371142505125718
hybrid,none,0,15.084991487996113,36,0.5860039241334205,0.3130636359634611,1.2006269349391177,0.0,nan,296.28939501833446,8.371142505125718
hybrid,none,0,20.084991487996113,53,0.6672678088367899,0.2690401804161624,1.7994066326203941,0.0,nan,296.28939501833446,8.371142505125718
hybrid,none,0,25.084991487996113,49,0.607970342910102,0.6799999999999997,2.393351137074218,0.0,nan,296.28939501833446,8.371142505125718
hybrid,none,0,30.084991487996113,44,0.6277836691410392,0.41148353009508476,1.5553999157332112,0.0,nan,296.28939501833446,8.371142505125718
hybrid,none,0,35.08499148799611,38,0.6720197652872143,0.24858911104187342,0.9513304549133194,0.0,nan,296.28939501833446,8.371142505125718
hybrid,none,0,40.08499148799611,41,0.6592894583576004,0.3119999999999976,1.2466674830097388,0.0,nan,296.28939501833446,8.371142505125718
hybrid,none,0,45.08499148799611,34,0.6162310866574966,0.2704874730738247,0.9829290547247345,0.0,nan,296.28939501833446,8.371142505125718
hybrid,none,0,50.08499148799611,50,0.689784442361762,0.2685676418524814,1.2285074114918966,0.0,nan,296.28939501833446,8.371142505125718
hybrid,none,0,55.08499148799611,44,0.5998896247240618,0.4814250180873252,1.9055407294489835,0.0,nan,296.28939501833446,8.371142505125718
hybrid,none,0,60.08499148799611,50,0.6505910165484634,0.27565109034273405,1.328660408718661,0.0,nan,296.28939501833446,8.371142505125718
hybrid,none,0,65.08499148799612,33,0.5788712011577424,0.2710592210083149,1.3575361140255915,0.0,nan,296.28939501833446,8.371142505125718
hybrid,none,0,70.08499148799612,45,0.645656779661017,0.40453200276279233,1.6090185742075886,0.0,nan,296.28939501833446,8.371142505125718
hybrid,none,0,75.08499148799612,38,0.6952076677316293,0.20194799041226474,0.7781150832005617,0.0,nan,296.28939501833446,8.371142505125718
hybrid,none,0,80.08499148799612,46,0.6533945890760592,0.24800000000000466,1.0099787500492639,0.0,nan,296.28939501833446,8.371142505125718
hybrid,none,0,85.08499148799612,36,0.6750164798945286,0.22026772820668583,1.8197148820593694,0.0,nan,296.28939501833446,8.371142505125718
hybrid,none,0,90.08499148799612,35,0.6482106684672518,0.24800000000000466,1.1667776938552818,0.0,nan,296.28939501833446,8.371142505125718
hybrid,none,0,95.08499148799612,36,0.595445411922304,0.24649649707043153,0.869133582512365,0.0,nan,296.28939501833446,8.371142505125718
hybrid,none,0,100.08499148799612,43,0.6650300054555374,0.23199999999999932,1.0677108792151613,0.0,nan,296.28939501833446,8.371142505125718
hybrid,none,0,105.08499148799612,38,0.6597938144329897,0.21524774111311018,0.9387276803398114,0.0,nan,296.28939501833446,8.371142505125718
hybrid,none,0,110.08499148799612,31,0.6994535519125683,0.20000000000000284,0.9260060225522934,0.0,nan,296.28939501833446,8.371142505125718
hybrid,none,0,115.08499148799612,41,0.6414112203585888,0.25281081866421573,1.1329348479634518,0.0,nan,296.28939501833446,8.371142505125718
hybrid,none,0,120.08499148799612,43,0.6568144499178982,0.31891077765473597,1.0942896187347049,0.0,nan,296.28939501833446,8.371142505125718
hybrid,none,0,125.08499148799612,39,0.6450824679291387,0.25136585274526624,0.8744247429662552,0.0,nan,296.28939501833446,8.371142505125718
hybrid,none,0,130.08499148799612,42,0.6645856980703746,0.23345058641639582,0.8672536132623998,0.0,nan,296.28939501833446,8.371142505125718
hybrid,none,0,135.08499148799612,38,0.5847133757961783,0.28815775110757613,1.2462263462030045,0.0,nan,296.28939501833446,8.371142505125718
hybrid,none,0,140.08499148799612,33,0.6966292134831461,0.1950136695660376,0.6412019836710897,0.0,nan,296.28939501833446,8.371142505125718
hybrid,none,0,145.08499148799612,40,0.6756598240469208,0.24287280820939827,1.2373238414717418,0.0,nan,296.28939501833446,8.371142505125718
hybrid,none,0,150.08499148799612,33,0.6409155937052933,0.23199999999999932,0.9718877065662752,0.0,nan,296.28939501833446,8.371142505125718
hybrid,none,0,155.08499148799612,47,0.6644569097399287,0.26400000000001,0.9804618251914115,0.0,nan,296.28939501833446,8.371142505125718
hybrid,none,0,160.08499148799612,36,0.6475195822454308,0.24467963387762381,1.1657404750447098,0.0,nan,296.28939501833446,8.371142505125718
hybrid,none,0,165.08499148799612,35,0.596537949400799,0.26400000000001,1.3376603438526022,0.0,nan,296.28939501833446,8.371142505125718
hybrid,none,0,170.08499148799612,34,0.5749827228749136,0.28407440076237833,1.1290380745740778,0.0,nan,296.28939501833446,8.371142505125718
hybrid,none,0,175.08499148799612,34,0.5256673511293635,0.2716658318646097,2.063154642950058,0.0,nan,296.28939501833446,8.371142505125718
hybrid,none,0,180.08499148799612,50,0.6823087752229,0.26305655828416263,1.3555384241817008,0.0,nan,296.28939501833446,8.371142505125718
hybrid,none,0,185.08499148799612,31,0.6609642301710731,0.2776065730408277,0.9618065746351332,0.0,nan,296.28939501833446,8.371142505125718
hybrid,none,0,190.08499148799612,39,0.563887222555489,0.449659372857127,1.690940708222443,0.0,nan,296.28939501833446,8.371142505125718
hybrid,none,0,195.08499148799612,44,0.6518478843063739,0.2846178164272146,1.163541921540512,0.0,nan,296.28939501833446,8.371142505125718
hybrid,none,0,200.08499148799612,47,0.6236775818639798,0.41613442824902336,1.6453848963511322,0.0,nan,296.28939501833446,8.371142505125718
hybrid,none,0,205.08499148799612,37,0.6489429852658553,0.2758511804743762,0.8904398332022925,0.0,nan,296.28939501833446,8.371142505125718
hybrid,none,0,210.08499148799612,48,0.6129666011787819,0.32291753197024775,1.8435322088860824,0.0,nan,296.28939501833446,8.371142505125718
hybrid,none,0,215.08499148799612,39,0.6026731470230863,0.2658891400508594,0.8404518946341885,0.0,nan,296.28939501833446,8.371142505125718
hybrid,none,0,220.08499148799612,41,0.6948356807511737,0.23199999999999932,1.1424737895059658,0.0,nan,296.28939501833446,8.371142505125718
hybrid,none,0,225.08499148799612,53,0.6515837104072398,0.3846099586399703,1.4457087150713637,0.0,nan,296.28939501833446,8.371142505125718
hybrid,none,0,230.08499148799612,55,0.645877829987185,0.6771933149173606,1.8414590868576155,0.0,nan,296.28939501833446,8.371142505125718
hybrid,none,0,235.08499148799612,48,0.6532687651331719,0.5835418455182406,1.3166742932160325,0.0,nan,296.28939501833446,8.371142505125718
hybrid,none,0,240.08499148799612,34,0.5513439007580979,0.3928887453190413,1.4369384919928547,0.0,nan,296.28939501833446,8.371142505125718
hybrid,none,0,245.08499148799612,45,0.64,0.2531332983020036,0.9390289884193639,0.0,nan,296.28939501833446,8.371142505125718
hybrid,none,0,250.08499148799612,42,0.6624449339207048,0.2504626803379466,1.1067349116838059,0.0,nan,296.28939501833446,8.371142505125718
hybrid,none,0,255.08499148799612,45,0.6666666666666666,0.2989133859784374,1.2623085488480528,0.0,nan,296.28939501833446,8.371142505125718
hybrid,none,0,260.08499148799615,56,0.6679438058748404,0.26846198446051517,1.2300164609198365,0.0,nan,296.28939501833446,8.371142505125718
hybrid,none,0,265.08499148799615,32,0.6550703182827535,0.26527270854637663,0.8854583335834998,0.0,nan,296.28939501833446,8.371142505125718
hybrid,none,0,270.08499148799615,43,0.5758582502768549,0.5813257822302376,1.6510526993132055,0.0,nan,296.28939501833446,8.371142505125718
hybrid,none,0,275.08499148799615,49,0.6623251326579837,0.2914763102028246,1.165356143053861,0.0,nan,296.28939501833446,8.371142505125718
hybrid,none,0,280.08499148799615,38,0.5771144278606966,0.5471192186508631,1.5328820001025847,0.0,nan,296.28939501833446,8.371142505125718
hybrid,none,0,285.08499148799615,47,0.6787377133988619,0.29461421053019876,1.3268311450667953,0.0,nan,296.28939501833446,8.371142505125718
hybrid,none,0,290.08499148799615,35,0.6062246278755075,0.24799999999999045,1.1831744944420095,0.0,nan,296.28939501833446,8.371142505125718
hybrid,none,0,295.08499148799615,41,0.6584243818286372,0.26903020303501535,0.9674041000250896,0.0,nan,296.28939501833446,8.371142505125718
hybrid,none,0,300.08499148799615,36,0.6324110671936759,0.23511549655501085,0.9195088601774356,0.0,nan,296.28939501833446,8.371142505125718
hybrid,none,0,305.08499148799615,39,0.6047794117647058,0.3703728240476494,1.3826791979291793,0.0,nan,296.28939501833446,8.371142505125718
hybrid,none,0,310.08499148799615,43,0.6545853926414058,0.25803266287607585,1.1861155600139295,0.0,nan,296.28939501833446,8.371142505125718
hybrid,none,0,315.08499148799615,34,0.6138968481375359,0.2653445435133506,1.3780384235841696,0.0,nan,296.28939501833446,8.371142505125718
hybrid,none,0,320.08499148799615,43,0.6071428571428571,0.39797419647800325,0.9296947274294598,0.0,nan,296.28939501833446,8.371142505125718
hybrid,none,0,325.08499148799615,54,0.6851025869759143,0.3783487558995944,1.7455573388564931,0.0,nan,296.28939501833446,8.371142505125718
hybrid,none,0,330.08499148799615,33,0.6645114942528736,0.23200000000002774,0.9273209823206274,0.0,nan,296.28939501833446,8.371142505125718
hybrid,none,0,335.08499148799615,40,0.5700598802395209,0.39500800739139663,1.7809277816423872,0.0,nan,296.28939501833446,8.371142505125718
hybrid,none,0,340.08499148799615,44,0.6808510638297872,0.22826589201721958,0.9747996720353166,0.0,nan,296.28939501833446,8.371142505125718
hybrid,none,0,345.08499148799615,36,0.6462540716612378,0.2634018119948962,1.0065577894247577,0.0,nan,296.28939501833446,8.371142505125718
hybrid,none,0,350.08499148799615,47,0.6795720835455935,0.23200000000002774,1.7949860861112152,0.0,nan,296.28939501833446,8.371142505125718
hybrid,none,0,355.08499148799615,40,0.6335923490735206,0.28642595711613694,1.473141279323699,0.0,nan,296.28939501833446,8.371142505125718
hybrid,none,0,360.08499148799615,33,0.5749636098981077,0.2566198495140952,1.1041223099416242,0.0,nan,296.28939501833446,8.371142505125718
hybrid,none,0,365.08499148799615,29,0.5984848484848485,0.25413023933623435,0.8611972872610112,0.0,nan,296.28939501833446,8.371142505125718
hybrid,none,0,370.08499148799615,41,0.6522753792298717,0.33003112240828614,0.9405925833896277,0.0,nan,296.28939501833446,8.371142505125718
hybrid,none,0,375.08499148799615,43,0.6224719101123596,0.4893882618779344,2.3661848258060703,0.0,nan,296.28939501833446,8.371142505125718
hybrid,none,0,380.08499148799615,42,0.6498614958448753,0.25369456630895115,0.9908176542665705,0.0,nan,296.28939501833446,8.371142505125718
hybrid,none,0,385.08499148799615,35,0.6125511596180082,0.27828978987020037,0.8308740973734982,0.0,nan,296.28939501833446,8.371142505125718
hybrid,none,0,390.08499148799615,57,0.6676433654248639,0.25468614508599785,1.380113819635437,0.0,nan,296.28939501833446,8.371142505125718
hybrid,none,0,395.08499148799615,39,0.6207759699624531,0.21274302259791966,1.0372053363232734,0.0,nan,296.28939501833446,8.371142505125718
hybrid,none,0,400.08499148799615,29,0.56957928802589,0.25757772499298426,0.7395200000000227,0.0,nan,296.28939501833446,8.371142505125718
hybrid,none,0,405.08499148799615,39,0.625615763546798,0.2741839127049275,1.2704154286619356,0.0,nan,296.28939501833446,8.371142505125718
hybrid,none,0,410.08499148799615,35,0.5465037338764427,0.3331258044455012,1.6565612454782135,0.0,nan,296.28939501833446,8.371142505125718
hybrid,none,0,415.08499148799615,38,0.6777070063694267,0.20784848833753244,0.7317203059868923,0.0,nan,296.28939501833446,8.371142505125718
hybrid,none,0,420.08499148799615,36,0.6601746138347885,0.22511585877410312,0.7515196191993225,0.0,nan,296.28939501833446,8.371142505125718
hybrid,none,0,425.08499148799615,44,0.6314935064935064,0.27302848732929874,1.601329223763687,0.0,nan,296.28939501833446,8.371142505125718
hybrid,none,0,430.08499148799615,37,0.6213592233009708,0.3305048127504051,1.1372786247259865,0.0,nan,296.28939501833446,8.371142505125718
hybrid,none,0,435.08499148799615,44,0.6578802855573861,0.247556961363955,1.1041735553967766,0.0,nan,296.28939501833446,8.371142505125718
hybrid,none,0,440.08499148799615,52,0.6525500910746812,0.4079522342261157,1.2599230707716655,0.0,nan,296.28939501833446,8.371142505125718
hybrid,none,0,445.08499148799615,37,0.6346033728919426,0.416533447929055,1.2114936362994264,0.0,nan,296.28939501833446,8.371142505125718
hybrid,none,0,450.08499148799615,37,0.575465639049454,0.26400000000001,1.2068841402889074,0.0,nan,296.28939501833446,8.371142505125718
hybrid,none,0,455.08499148799615,42,0.5777027027027027,0.4391419368160143,1.425797464558868,0.0,nan,296.28939501833446,8.371142505125718
hybrid,none,0,460.08499148799615,47,0.6414038657171923,0.28135541025181965,1.5993395271628807,0.0,nan,296.28939501833446,8.371142505125718
hybrid,none,0,465.08499148799615,38,0.6848446417247939,0.2556641435135987,0.8683091868768418,0.0,nan,296.28939501833446,8.371142505125718
hybrid,none,0,470.08499148799615,42,0.6094371802160319,0.28488865012704423,0.7628800000000177,0.0,nan,296.28939501833446,8.371142505125718
hybrid,none,0,475.08499148799615,46,0.5894951555328913,0.5917991672083929,1.5853758757167857,0.0,nan,296.28939501833446,8.371142505125718
hybrid,none,0,480.08499148799615,46,0.609704641350211,0.4037474593914112,2.621435610564907,0.0,nan,296.28939501833446,8.371142505125718
hybrid,none,0,485.08499148799615,39,0.754242614707731,0.16373054291926792,0.7445221013582655,0.0,nan,296.28939501833446,8.371142505125718
hybrid,none,0,490.08499148799615,29,0.6013071895424836,0.21600000000000819,0.7731688695946559,0.0,nan,296.28939501833446,8.371142505125718
hybrid,none,0,495.08499148799615,35,0.6597796143250688,0.2674095768516054,0.8991412599903309,0.0,nan,296.28939501833446,8.371142505125718
hybrid,none,0,500.08499148799615,33,0.6478669558929863,0.2451432907142248,1.101387872952439,0.0,nan,296.28939501833446,8.371142505125718
hybrid,none,0,505.08499148799615,38,0.6085889570552148,0.33494018025311334,0.934156982718827,0.0,nan,296.28939501833446,8.371142505125718
hybrid,none,0,510.08499148799615,38,0.595340282035561,0.2643267484363889,1.0167313276551313,0.0,nan,296.28939501833446,8.371142505125718
hybrid,none,0,515.0849914879961,49,0.6797323135755258,0.28043193949849865,0.9241320305133002,0.0,nan,296.28939501833446,8.371142505125718
hybrid,none,0,520.0849914879961,48,0.6929911154985192,0.2864277303552285,0.8944609834502719,0.0,nan,296.28939501833446,8.371142505125718
hybrid,none,0,525.0849914879961,42,0.64,0.23988687420290944,1.4252724873208442,0.0,nan,296.28939501833446,8.371142505125718
hybrid,none,0,530.0849914879961,47,0.6959632089933572,0.22791395020260552,1.7916937504403243,0.0,nan,296.28939501833446,8.371142505125718
hybrid,none,0,535.0849914879961,46,0.676175382989963,0.24961548089953567,1.6224287882844743,0.0,nan,296.28939501833446,8.371142505125718
hybrid,none,0,540.0849914879961,29,0.6128226477935054,0.21600000000000819,0.8782970279243408,0.0,nan,296.28939501833446,8.371142505125718
hybrid,none,0,545.0849914879961,45,0.6549921589127026,0.27210910962946855,1.6873134250275192,0.0,nan,296.28939501833446,8.371142505125718
hybrid,none,0,550.0849914879961,45,0.6112886048988285,0.5591138105280606,2.898675219237462,0.0,nan,296.28939501833446,8.371142505125718
hybrid,none,0,555.0849914879961,34,0.6274509803921569,0.2436663995096069,1.2373379152272563,0.0,nan,296.28939501833446,8.371142505125718
hybrid,none,0,560.0849914879961,37,0.6209573091849935,0.24485559147126423,1.3821331943617818,0.0,nan,296.28939501833446,8.371142505125718
hybrid,none,0,565.0849914879961,38,0.5974185617701291,0.2704413718068963,1.0334721638313102,0.0,nan,296.28939501833446,8.371142505125718
hybrid,none,0,570.0849914879961,26,0.6485239852398524,0.16800000000000637,0.7239999999999611,0.0,nan,296.28939501833446,8.371142505125718
hybrid,none,0,575.0849914879961,40,0.5808955223880597,0.5038641839520324,1.138999817873805,0.0,nan,296.28939501833446,8.371142505125718
hybrid,none,0,580.0849914879961,39,0.5879186602870813,0.38278127066371326,1.257169404344426,0.0,nan,296.28939501833446,8.371142505125718
hybrid,none,0,585.0849914879961,47,0.6741458439571647,0.32625813801178083,1.325699255723689,0.0,nan,296.28939501833446,8.371142505125718
hybrid,none,0,590.0849914879961,36,0.5640677966101695,0.3413698485915688,1.5476814273452244,0.0,nan,296.28939501833446,8.371142505125718
hybrid,none,0,595.0849914879961,34,0.64,0.20947180802437515,1.3000678525243132,0.0,nan,296.28939501833446,8.371142505125718
hybrid,none,0,600.0849914879961,39,0.6235366605052373,0.23841528831246706,1.1084174614297035,0.0,nan,296.28939501833446,8.371142505125718
hybrid,none,0,605.0849914879961,37,0.5776918117343649,0.5876905400314172,1.0461501293699984,0.0,nan,296.28939501833446,8.371142505125718
hybrid,none,0,610.0849914879961,40,0.6076923076923076,0.292308800393414,1.5288001677477576,0.0,nan,296.28939501833446,8.371142505125718
hybrid,none,0,615.0849914879961,44,0.6611842105263158,0.2566187179452868,1.7679649387631902,0.0,nan,296.28939501833446,8.371142505125718
hybrid,none,0,620.0849914879961,47,0.6239096972806567,0.2538253958216501,3.1922126737508734,0.0,nan,296.28939501833446,8.371142505125718
hybrid,none,0,625.0849914879961,44,0.6329113924050633,0.46583110543633666,1.1467270326677408,0.0,nan,296.28939501833446,8.371142505125718
hybrid,none,0,630.0849914879961,46,0.6919831223628692,0.23693359622865273,0.7564331622026088,0.0,nan,296.28939501833446,8.371142505125718
hybrid,none,0,635.0849914879961,38,0.6472819216182049,0.2942350179466757,0.7511370707060986,0.0,nan,296.28939501833446,8.371142505125718
hybrid,none,0,640.0849914879961,42,0.667794698251551,0.24903776444733694,0.9139339594134511,0.0,nan,296.28939501833446,8.371142505125718
hybrid,none,0,645.0849914879961,48,0.6485417696490361,0.470659550371181,1.9653962392271478,0.0,nan,296.28939501833446,8.371142505125718
hybrid,none,0,650.0849914879961,33,0.6422881969587255,0.21554095640829019,0.746398272231454,0.0,nan,296.28939501833446,8.371142505125718
hybrid,none,0,655.0849914879961,41,0.6492622020431328,0.23702945610057213,1.2943551491712244,0.0,nan,296.28939501833446,8.371142505125718
hybrid,none,0,660.0849914879961,33,0.5669737774627923,0.26400000000001,0.7660089314356128,0.0,nan,296.28939501833446,8.371142505125718
hybrid,none,0,665.0849914879961,39,0.6063569682151589,0.22407166919492738,1.1985285451409953,0.0,nan,296.28939501833446,8.371142505125718
hybrid,none,0,670.0849914879961,31,0.6394884092725819,0.21600000000000819,1.2696301569172304,0.0,nan,296.28939501833446,8.371142505125718
hybrid,none,0,675.0849914879961,34,0.686030428769018,0.24542709869564305,0.7443199999999526,0.0,nan,296.28939501833446,8.371142505125718
hybrid,none,0,680.0849914879961,43,0.6703724291272929,0.3393926527689928,1.2242728288026432,0.0,nan,296.28939501833446,8.371142505125718
hybrid,none,0,685.0849914879961,44,0.6495301271420675,0.287039317466224,0.78813508773644,0.0,nan,296.28939501833446,8.371142505125718
hybrid,none,0,690.0849914879961,45,0.6814494321254733,0.22728043788754348,1.0873193441246487,0.0,nan,296.28939501833446,8.371142505125718
hybrid,none,0,695.0849914879961,48,0.6466239526860522,0.43348019182786857,1.902195247409826,0.0,nan,296.28939501833446,8.371142505125718
hybrid,none,0,700.0849914879961,43,0.6381322957198443,0.23927670652676625,1.399928015867922,0.0,nan,296.28939501833446,8.371142505125718
hybrid,none,0,705.0849914879961,46,0.7318611987381703,0.21388326269817526,0.8896985546839111,0.0,nan,296.28939501833446,8.371142505125718
hybrid,none,0,710.0849914879961,42,0.6285072951739619,0.2992276205817461,1.6703889409280492,0.0,nan,296.28939501833446,8.371142505125718
hybrid,none,0,715.0849914879961,37,0.5780645161290323,0.2766009724622336,1.443547143326,0.0,nan,296.28939501833446,8.371142505125718
hybrid,none,0,720.0849914879961,46,0.6870350690754516,0.2057343488988863,1.4922906412857557,0.0,nan,296.28939501833446,8.371142505125718
hybrid,none,0,725.0849914879961,33,0.6843657817109144,0.20000000000004547,0.9217792365648665,0.0,nan,296.28939501833446,8.371142505125718
hybrid,none,0,730.0849914879961,47,0.6060296371997956,0.25713594481715063,2.1594292271183644,0.0,nan,296.28939501833446,8.371142505125718
hybrid,none,0,735.0849914879961,37,0.6227621483375959,0.26589246689025003,2.0866167776842306,0.0,nan,296.28939501833446,8.371142505125718
hybrid,none,0,740.0849914879961,5,0.4228855721393035,0.351350713973261,0.7068799999999874,0.0,nan,296.28939501833446,8.371142505125718
hybrid,none,1,0.13412862829656735,33,0.3924963924963925,0.7750210517037202,1.7661667010736755,0.0,nan,301.3564596279388,8.371142505125718
hybrid,none,1,5.134128628296567,37,0.6530612244897959,0.30873510383882774,1.062590694213906,0.0,nan,301.3564596279388,8.371142505125718
hybrid,none,1,10.134128628296567,46,0.6349614395886889,0.2710014413936115,0.9540955706409414,0.0,nan,301.3564596279388,8.371142505125718
hybrid,none,1,15.134128628296567,40,0.6846199880311191,0.24015811452317237,0.9684699752257858,0.0,nan,301.3564596279388,8.371142505125718
hybrid,none,1,20.134128628296565,42,0.5778781038374717,0.35902377413341036,1.5476163499813955,0.0,nan,301.3564596279388,8.371142505125718
hybrid,none,1,25.134128628296565,31,0.6336633663366337,0.3059559245511636,1.1145216731256327,0.0,nan,301.3564596279388,8.371142505125718
hybrid,none,1,30.134128628296565,32,0.6292217327459618,0.25389217630565497,0.8098257796784865,0.0,nan,301.3564596279388,8.371142505125718
hybrid,none,1,35.134128628296565,38,0.6462962962962963,0.2523649223670361,1.328656276228419,0.0,nan,301.3564596279388,8.371142505125718
hybrid,none,1,40.134128628296565,25,0.5454545454545454,0.21496314335812627,0.7753778305566987,0.0,nan,301.3564596279388,8.371142505125718
hybrid,none,1,45.134128628296565,28,0.5619765494137353,0.3570120158738703,0.8440708055938598,0.0,nan,301.3564596279388,8.371142505125718
hybrid,none,1,50.134128628296565,39,0.6505507955936353,0.26722383895614144,0.9106080676200716,0.0,nan,301.3564596279388,8.371142505125718
hybrid,none,1,55.134128628296565,39,0.6791995148574894,0.23893373045277855,1.024715153047781,0.0,nan,301.3564596279388,8.371142505125718
hybrid,none,1,60.134128628296565,45,0.6508364813815435,0.20897232479176608,0.818598748677502,0.0,nan,301.3564596279388,8.371142505125718
hybrid,none,1,65.13412862829657,40,0.61193148257531,0.32849535773515015,1.147692881573481,0.0,nan,301.3564596279388,8.371142505125718
hybrid,none,1,70.13412862829657,37,0.6177215189873417,0.32180530737579716,1.5408111401803848,0.0,nan,301.3564596279388,8.371142505125718
hybrid,none,1,75.13412862829657,49,0.6453628063431043,0.27506402761252957,0.9771137156756833,0.0,nan,301.3564596279388,8.371142505125718
hybrid,none,1,80.13412862829657,51,0.6525581395348837,0.5526104658519415,1.7433014480727351,0.0,nan,301.3564596279388,8.371142505125718
hybrid,none,1,85.13412862829657,38,0.6706700379266751,0.22432314871316805,0.7673491571170639,0.0,nan,301.3564596279388,8.371142505125718
hybrid,none,1,90.13412862829657,41,0.6582203889216264,0.25978944385353486,1.277068772478669,0.0,nan,301.3564596279388,8.371142505125718
hybrid,none,1,95.13412862829657,44,0.6416122004357299,0.24399031648061964,1.0607084672879241,0.0,nan,301.3564596279388,8.371142505125718
hybrid,none,1,100.13412862829657,39,0.6728509585652442,0.2259126446471953,1.217114683762417,0.0,nan,301.3564596279388,8.371142505125718
hybrid,none,1,105.13412862829657,35,0.5902503293807642,0.2777197687027808,1.4174182718348234,0.0,nan,301.3564596279388,8.371142505125718
hybrid,none,1,110.13412862829657,28,0.5647058823529412,0.25913005265116595,1.160179041237211,0.0,nan,301.3564596279388,8.371142505125718
hybrid,none,1,115.13412862829657,40,0.6629802095459837,0.25494665893246093,1.0398135767370607,0.0,nan,301.3564596279388,8.371142505125718
hybrid,none,1,120.13412862829657,47,0.6690464048954615,0.3122515094769369,0.9250556111802833,0.0,nan,301.3564596279388,8.371142505125718
hybrid,none,1,125.13412862829657,52,0.6513427401001366,0.322012953558108,1.3807975542239708,0.0,nan,301.3564596279388,8.371142505125718
hybrid,none,1,130.13412862829657,39,0.6751361161524501,0.2581516375946933,1.0086783611635084,0.0,nan,301.3564596279388,8.371142505125718
hybrid,none,1,135.13412862829657,40,0.5693950177935944,0.26644401003224516,1.1304218427359938,0.0,nan,301.3564596279388,8.371142505125718
hybrid,none,1,140.13412862829657,43,0.5820812465219811,0.556019715038957,1.2535478547380035,0.0,nan,301.3564596279388,8.371142505125718
hybrid,none,1,145.13412862829657,39,0.612590799031477,0.28439478126733775,1.9281469508356508,0.0,nan,301.3564596279388,8.371142505125718
hybrid,none,1,150.13412862829657,44,0.6101238556812062,0.4499487200119603,1.5091132051063894,0.0,nan,301.3564596279388,8.371142505125718
hybrid,none,1,155.13412862829657,43,0.7038917089678511,0.23709574645960174,1.2722366600040498,0.0,nan,301.3564596279388,8.371142505125718
hybrid,none,1,160.13412862829657,36,0.654169360051713,0.21919909434396345,1.2968524189578672,0.0,nan,301.3564596279388,8.371142505125718
hybrid,none,1,165.13412862829657,36,0.6318572372769332,0.2336296842509995,0.7583084301700097,0.0,nan,301.3564596279388,8.371142505125718
hybrid,none,1,170.13412862829657,37,0.6286836935166994,0.24799999999999045,0.84496510413563,0.0,nan,301.3564596279388,8.371142505125718
hybrid,none,1,175.13412862829657,45,0.6147455867082036,0.2841655370445153,0.8882379926332307,0.0,nan,301.3564596279388,8.371142505125718
hybrid,none,1,180.13412862829657,46,0.6644602851323829,0.27334534070368477,1.2710287265420672,0.0,nan,301.3564596279388,8.371142505125718
hybrid,none,1,185.13412862829657,35,0.49463806970509383,0.6710179415783557,1.982673729394069,0.0,nan,301.3564596279388,8.371142505125718
hybrid,none,1,190.13412862829657,47,0.6757164404223228,0.25110109159999183,1.7113528594978975,0.0,nan,301.3564596279388,8.371142505125718
hybrid,none,1,195.13412862829657,39,0.6324891908585547,0.2339773443985962,1.4375296124786425,0.0,nan,301.3564596279388,8.371142505125718
hybrid,none,1,200.13412862829657,34,0.6338912133891214,0.2627129650155524,0.9555026034070302,0.0,nan,301.3564596279388,8.371142505125718
hybrid,none,1,205.13412862829657,34,0.6638054363376252,0.22664634535141204,0.73729608182092,0.0,nan,301.3564596279388,8.371142505125718
hybrid,none,1,210.13412862829657,34,0.6215827338129496,0.2590136217270498,1.0491029427163727,0.0,nan,301.3564596279388,8.371142505125718
hybrid,none,1,215.13412862829657,35,0.6029609690444145,0.22366958176820617,0.7684678102006892,0.0,nan,301.3564596279388,8.371142505125718
hybrid,none,1,220.13412862829657,30,0.5467860048820179,0.37757739772597176,1.036007185859704,0.0,nan,301.3564596279388,8.371142505125718
hybrid,none,1,225.13412862829657,34,0.6350106307583274,0.24581076091254772,1.1556076314408976,0.0,nan,301.3564596279388,8.371142505125718
hybrid,none,1,230.13412862829657,45,0.646684350132626,0.29028443562611983,1.1542561160491376,0.0,nan,301.3564596279388,8.371142505125718
hybrid,none,1,235.13412862829657,45,0.6313581541688515,0.26400000000001,1.3324112606899667,0.0,nan,301.3564596279388,8.371142505125718
hybrid,none,1,240.13412862829657,35,0.6079088471849866,0.5999999999999943,1.3477166296246517,0.0,nan,301.3564596279388,8.371142505125718
hybrid,none,1,245.13412862829657,36,0.6051587301587301,0.30503357074843507,1.3648581655448582,0.0,nan,301.3564596279388,8.371142505125718
hybrid,none,1,250.13412862829657,42,0.6367254121660034,0.19571995675451603,1.3902545403282796,0.0,nan,301.3564596279388,8.371142505125718
hybrid,none,1,255.13412862829657,39,0.6164960866947622,0.3023475676569376,1.6124004423504328,0.0,nan,301.3564596279388,8.371142505125718
hybrid,none,1,260.1341286282966,33,0.654014598540146,0.21600000000000819,0.9208019154228964,0.0,nan,301.3564596279388,8.371142505125718
hybrid,none,1,265.1341286282966,33,0.7110460863204097,0.16800000000000637,0.8510608421625762,0.0,nan,301.3564596279388,8.371142505125718
hybrid,none,1,270.1341286282966,42,0.6556064073226545,0.23860858161739884,0.995346127273443,0.0,nan,301.3564596279388,8.371142505125718
hybrid,none,1,275.1341286282966,38,0.6448189762796505,0.5637896943565295,0.9875187023337094,0.0,nan,301.3564596279388,8.371142505125718
hybrid,none,1,280.1341286282966,38,0.64,0.2517306210805259,0.9966722062710837,0.0,nan,301.3564596279388,8.371142505125718
hybrid,none,1,285.1341286282966,39,0.5228519195612431,0.6159999999999854,2.067403089622038,0.0,nan,301.3564596279388,8.371142505125718
hybrid,none,1,290.1341286282966,51,0.6770098730606487,0.4235271442317412,1.4745072663887981,0.0,nan,301.3564596279388,8.371142505125718
hybrid,none,1,295.1341286282966,47,0.6487582361885453,0.36842305240077167,1.2851495118886724,0.0,nan,301.3564596279388,8.371142505125718
hybrid,none,1,300.1341286282966,44,0.6428571428571429,0.21751472288960372,0.9472110789758318,0.0,nan,301.3564596279388,8.371142505125718
hybrid,none,1,305.1341286282966,38,0.6855702583490864,0.2515016563399115,0.7751375492054678,0.0,nan,301.3564596279388,8.371142505125718
hybrid,none,1,310.1341286282966,31,0.634600465477114,0.23333041759900652,0.8256619107699975,0.0,nan,301.3564596279388,8.371142505125718
hybrid,none,1,315.1341286282966,36,0.5756774619960344,0.4268616998054142,0.848520628588318,0.0,nan,301.3564596279388,8.371142505125718
hybrid,none,1,320.1341286282966,33,0.5962373371924746,0.21600000000000819,0.7384342544477613,0.0,nan,301.3564596279388,8.371142505125718
hybrid,none,1,325.1341286282966,45,0.6227795193312434,0.4468625063865943,1.0265861854081164,0.0,nan,301.3564596279388,8.371142505125718
hybrid,none,1,330.1341286282966,33,0.6956521739130435,0.18400000000002592,0.8664579803205629,0.0,nan,301.3564596279388,8.371142505125718
hybrid,none,1,335.1341286282966,33,0.5268432355046528,0.2587941835109291,1.1660051963431555,0.0,nan,301.3564596279388,8.371142505125718
hybrid,none,1,340.1341286282966,28,0.5738684884713919,0.2603457460444929,0.9536194989020783,0.0,nan,301.3564596279388,8.371142505125718
hybrid,none,1,345.1341286282966,44,0.6063660477453581,0.3380539786867871,1.3498062053286566,0.0,nan,301.3564596279388,8.371142505125718
hybrid,none,1,350.1341286282966,44,0.6756903086085544,0.27976468567874235,1.0903984350915739,0.0,nan,301.3564596279388,8.371142505125718
hybrid,none,1,355.1341286282966,33,0.6046511627906976,0.36000000000001364,0.9759542629398742,0.0,nan,301.3564596279388,8.371142505125718
hybrid,none,1,360.1341286282966,43,0.5888888888888889,0.504144908431158,1.2181354577252543,0.0,nan,301.3564596279388,8.371142505125718
hybrid,none,1,365.1341286282966,40,0.6877611940298507,0.25097380834375826,1.0568766302090284,0.0,nan,301.3564596279388,8.371142505125718
hybrid,none,1,370.1341286282966,45,0.650402144772118,0.24842078564398662,0.9093309623787265,0.0,nan,301.3564596279388,8.371142505125718
hybrid,none,1,375.1341286282966,45,0.6543850544888428,0.24597989253811647,1.691721132717085,0.0,nan,301.3564596279388,8.371142505125718
hybrid,none,1,380.1341286282966,43,0.6010958904109589,0.6075560968051263,1.8929960971038837,0.0,nan,301.3564596279388,8.371142505125718
hybrid,none,1,385.1341286282966,58,0.6778467908902691,0.3807708454896783,1.382040936698918,0.0,nan,301.3564596279388,8.371142505125718
hybrid,none,1,390.1341286282966,42,0.6752283105022832,0.26696492151415896,1.196594742004608,0.0,nan,301.3564596279388,8.371142505125718
hybrid,none,1,395.1341286282966,43,0.6421404682274248,0.3070151448268348,1.49165545482685,0.0,nan,301.3564596279388,8.371142505125718
hybrid,none,1,400.1341286282966,39,0.5696746470227133,0.25771604351490396,2.26815080693626,0.0,nan,301.3564596279388,8.371142505125718
hybrid,none,1,405.1341286282966,39,0.6354292623941958,0.4152751224052622,2.255173529169817,0.0,nan,301.3564596279388,8.371142505125718
hybrid,none,1,410.1341286282966,38,0.5996252342286071,0.2846560182983353,1.6704752575714235,0.0,nan,301.3564596279388,8.371142505125718
hybrid,none,1,415.1341286282966,44,0.6930797675647121,0.24447343502740182,1.037363945966024,0.0,nan,301.3564596279388,8.371142505125718
hybrid,none,1,420.1341286282966,32,0.5970695970695971,0.26912254897018784,1.4799007471027574,0.0,nan,301.3564596279388,8.371142505125718
hybrid,none,1,425.1341286282966,37,0.6027397260273972,0.26888661766065525,0.99784671148047,0.0,nan,301.3564596279388,8.371142505125718
hybrid,none,1,430.1341286282966,39,0.5975903614457831,0.4346518285476577,1.420272603171886,0.0,nan,301.3564596279388,8.371142505125718
hybrid,none,1,435.1341286282966,40,0.5677339901477833,0.5919999999999845,1.2267332393785653,0.0,nan,301.3564596279388,8.371142505125718
hybrid,none,1,440.1341286282966,40,0.6549253731343283,0.24799999999999045,1.3900968765331867,0.0,nan,301.3564596279388,8.371142505125718
hybrid,none,1,445.1341286282966,41,0.6145284124194493,0.2797163136440304,0.8958293902422043,0.0,nan,301.3564596279388,8.371142505125718
hybrid,none,1,450.1341286282966,28,0.5666104553119731,0.23200000000002774,0.7484315085133847,0.0,nan,301.3564596279388,8.371142505125718
hybrid,none,1,455.1341286282966,34,0.6296556570625439,0.229957982435252,0.8349463284478408,0.0,nan,301.3564596279388,8.371142505125718
hybrid,none,1,460.1341286282966,41,0.6547688706846109,0.25102333573897795,1.230331157023693,0.0,nan,301.3564596279388,8.371142505125718
hybrid,none,1,465.1341286282966,49,0.6039024390243902,0.4780962774600539,1.1088408852255065,0.0,nan,301.3564596279388,8.371142505125718
hybrid,none,1,470.1341286282966,39,0.6628048780487805,0.2487787630838625,1.2463972112955877,0.0,nan,301.3564596279388,8.371142505125718
hybrid,none,1,475.1341286282966,42,0.6048615036743923,0.3754921442828447,1.7662561744567085,0.0,nan,301.3564596279388,8.371142505125718
hybrid,none,1,480.1341286282966,49,0.6673180263800684,0.24939184907697154,1.0506731350241625,0.0,nan,301.3564596279388,8.371142505125718
hybrid,none,1,485.1341286282966,36,0.6106770833333334,0.2217673628162231,1.3035179608769534,0.0,nan,301.3564596279388,8.371142505125718
hybrid,none,1,490.1341286282966,40,0.6299165673420739,0.43778721789078645,1.34827095782728,0.0,nan,301.3564596279388,8.371142505125718
hybrid,none,1,495.1341286282966,42,0.6414662084765178,0.2647352145625348,1.2415403257533246,0.0,nan,301.3564596279388,8.371142505125718
hybrid,none,1,500.1341286282966,31,0.5661820964039785,0.3378647415484579,1.295541908421717,0.0,nan,301.3564596279388,8.371142505125718
hybrid,none,1,505.1341286282966,48,0.6597938144329897,0.3374101650617263,1.3848266300968335,0.0,nan,301.3564596279388,8.371142505125718
hybrid,none,1,510.1341286282966,55,0.6956521739130435,0.2808829025847217,1.7053522409128232,0.0,nan,301.3564596279388,8.371142505125718
hybrid,none,1,515.1341286282966,36,0.6653671215074723,0.28314691129975245,1.9096250734831528,0.0,nan,301.3564596279388,8.371142505125718
hybrid,none,1,520.1341286282966,51,0.5984360625574977,0.6412519333093769,1.8574705232556425,0.0,nan,301.3564596279388,8.371142505125718
hybrid,none,1,525.1341286282966,36,0.5952533675432969,0.28311898291946136,0.9211514964384889,0.0,nan,301.3564596279388,8.371142505125718
hybrid,none,1,530.1341286282966,45,0.6246023329798516,0.2717502179607436,0.9853174417106993,0.0,nan,301.3564596279388,8.371142505125718
hybrid,none,1,535.1341286282966,50,0.623686723973257,0.3873974699214955,1.1759953531735095,0.0,nan,301.3564596279388,8.371142505125718
hybrid,none,1,540.1341286282966,49,0.6115900383141762,0.6387128966842965,2.2317593426671327,0.0,nan,301.3564596279388,8.371142505125718
hybrid,none,1,545.1341286282966,42,0.6462317210348706,0.2655604578614543,0.9930913917514397,0.0,nan,301.3564596279388,8.371142505125718
hybrid,none,1,550.1341286282966,32,0.5684367988032909,0.2480000000000473,1.051382715904574,0.0,nan,301.3564596279388,8.371142505125718
hybrid,none,1,555.1341286282966,44,0.6819672131147541,0.2309890792553233,1.3496378355592105,0.0,nan,301.3564596279388,8.371142505125718
hybrid,none,1,560.1341286282966,50,0.6533787068546427,0.2837600315423856,1.2233488267668347,0.0,nan,301.3564596279388,8.371142505125718
hybrid,none,1,565.1341286282966,33,0.6583394562821455,0.19570706972888274,0.8483972876062307,0.0,nan,301.3564596279388,8.371142505125718
hybrid,none,1,570.1341286282966,36,0.6454131424853611,0.2298233200449431,1.1075458792754254,0.0,nan,301.3564596279388,8.371142505125718
hybrid,none,1,575.1341286282966,38,0.70703125,0.1960581309010081,0.7736907066190714,0.0,nan,301.3564596279388,8.371142505125718
hybrid,none,1,580.1341286282966,42,0.6592427616926503,0.25197597197183086,0.9824973353270228,0.0,nan,301.3564596279388,8.371142505125718
hybrid,none,1,585.1341286282966,37,0.6330567964262923,0.2763639309038126,0.871338743653455,0.0,nan,301.3564596279388,8.371142505125718
hybrid,none,1,590.1341286282966,40,0.6441681468324453,0.25566872960160936,1.201158946875839,0.0,nan,301.3564596279388,8.371142505125718
hybrid,none,1,595.1341286282966,50,0.6599520383693046,0.3858598678535827,1.1854219058517366,0.0,nan,301.3564596279388,8.371142505125718
hybrid,none,1,600.1341286282966,41,0.5736934820904287,0.38198348239041024,1.6216250330079447,0.0,nan,301.3564596279388,8.371142505125718
hybrid,none,1,605.1341286282966,34,0.622478386167147,0.21603975545531284,1.4455263497724582,0.0,nan,301.3564596279388,8.371142505125718
hybrid,none,1,610.1341286282966,39,0.6434782608695652,0.21941216503228134,0.9873124867423688,0.0,nan,301.3564596279388,8.371142505125718
hybrid,none,1,615.1341286282966,34,0.5824022346368715,0.27784618096927716,0.9355570786187036,0.0,nan,301.3564596279388,8.371142505125718
hybrid,none,1,620.1341286282966,33,0.6695842450765864,0.22073336963080692,0.639252224370789,0.0,nan,301.3564596279388,8.371142505125718
hybrid,none,1,625.1341286282966,41,0.6697674418604651,0.21600000000000819,1.5068810762099936,0.0,nan,301.3564596279388,8.371142505125718
hybrid,none,1,630.1341286282966,41,0.6320754716981132,0.22261317813786263,1.3046091871908863,0.0,nan,301.3564596279388,8.371142505125718
hybrid,none,1,635.1341286282966,55,0.6877487837240159,0.29522935179443266,1.176768565747973,0.0,nan,301.3564596279388,8.371142505125718
hybrid,none,1,640.1341286282966,37,0.581783194355356,0.33025285431108387,1.4352137631085635,0.0,nan,301.3564596279388,8.371142505125718
hybrid,none,1,645.1341286282966,32,0.6625766871165644,0.23759249061907894,1.0872830167874588,0.0,nan,301.3564596279388,8.371142505125718
hybrid,none,1,650.1341286282966,42,0.6207282913165266,0.22387937242751832,1.1128215738526699,0.0,nan,301.3564596279388,8.371142505125718
hybrid,none,1,655.1341286282966,38,0.6997471554993678,0.24474571597454542,0.7375510513346241,0.0,nan,301.3564596279388,8.371142505125718
hybrid,none,1,660.1341286282966,46,0.6888774987186058,0.24700239472861085,0.7749528101118185,0.0,nan,301.3564596279388,8.371142505125718
hybrid,none,1,665.1341286282966,45,0.6020084566596194,0.4200462568885541,1.3984162842704249,0.0,nan,301.3564596279388,8.371142505125718
hybrid,none,1,670.1341286282966,39,0.6278240190249703,0.26400000000001,1.0817808678864977,0.0,nan,301.3564596279388,8.371142505125718
hybrid,none,1,675.1341286282966,39,0.5911330049261084,0.436367106537773,1.2288746786733118,0.0,nan,301.3564596279388,8.371142505125718
hybrid,none,1,680.1341286282966,33,0.6478669558929863,0.2749877795001794,1.432800774421148,0.0,nan,301.3564596279388,8.371142505125718
hybrid,none,1,685.1341286282966,43,0.670711527854385,0.21600000000000819,1.0756164238593828,0.0,nan,301.3564596279388,8.371142505125718
hybrid,none,1,690.1341286282966,44,0.6357370095440085,0.2683876299444705,1.661132866679777,0.0,nan,301.3564596279388,8.371142505125718
hybrid,none,1,695.1341286282966,29,0.6144174350377201,0.3699871974871485,0.7279999999999518,0.0,nan,301.3564596279388,8.371142505125718
hybrid,none,1,700.1341286282966,38,0.6301538461538462,0.26749622146678576,0.9079979115767355,0.0,nan,301.3564596279388,8.371142505125718
hybrid,none,1,705.1341286282966,33,0.4992867332382311,0.27462155063869886,1.191570166971428,0.0,nan,301.3564596279388,8.371142505125718
hybrid,none,1,710.1341286282966,51,0.6551563229118059,0.3632948253524546,0.8855829020575356,0.0,nan,301.3564596279388,8.371142505125718
hybrid,none,1,715.1341286282966,43,0.6482606294864716,0.30813634496155373,0.9933782287415737,0.0,nan,301.3564596279388,8.371142505125718
hybrid,none,1,720.1341286282966,43,0.6021029330381849,0.2807556118228831,0.9743990555377172,0.0,nan,301.3564596279388,8.371142505125718
hybrid,none,1,725.1341286282966,36,0.6114437791084497,0.2797534084733684,1.2394294942931365,0.0,nan,301.3564596279388,8.371142505125718
hybrid,none,1,730.1341286282966,28,0.6701570680628273,0.18843519533618291,0.7279065665479391,0.0,nan,301.3564596279388,8.371142505125718
hybrid,none,1,735.1341286282966,39,0.7029520295202952,0.21081862902053672,0.8051380270003711,0.0,nan,301.3564596279388,8.371142505125718
hybrid,none,1,740.1341286282966,39,0.6454378444580526,0.22919695083885472,0.8728384687106514,0.0,nan,301.3564596279388,8.371142505125718
hybrid,none,1,745.1341286282966,48,0.6543392504930966,0.2712034407775832,1.1858021772681928,0.0,nan,301.3564596279388,8.371142505125718
hybrid,none,1,750.1341286282966,33,0.5843881856540084,0.5332161451011643,1.9809418766929456,0.0,nan,301.3564596279388,8.371142505125718
hybrid,none,2,0.01623264200049831,44,0.4978540772532189,0.7764783738687144,1.889146110074805,0.0,nan,296.93566534318944,8.371142505125718
hybrid,none,2,5.016232642000499,34,0.6498599439775911,0.365358749003176,0.992305490211985,0.0,nan,296.93566534318944,8.371142505125718
hybrid,none,2,10.0162326420005,48,0.6046742913973148,0.37621901937945257,1.336802969277335,0.0,nan,296.93566534318944,8.371142505125718
hybrid,none,2,15.0162326420005,50,0.6862003780718336,0.4094694707486308,1.2508402374627108,0.0,nan,296.93566534318944,8.371142505125718
hybrid,none,2,20.0162326420005,37,0.6423076923076924,0.235486716603738,0.7602588853628172,0.0,nan,296.93566534318944,8.371142505125718
hybrid,none,2,25.0162326420005,41,0.6392045454545454,0.25835281672808463,1.5752729241987167,0.0,nan,296.93566534318944,8.371142505125718
hybrid,none,2,30.0162326420005,41,0.6711764705882353,0.23651002326406,1.0441545969285901,0.0,nan,296.93566534318944,8.371142505125718
hybrid,none,2,35.0162326420005,40,0.5963029218843172,0.2759652947856921,1.4510954751031728,0.0,nan,296.93566534318944,8.371142505125718
hybrid,none,2,40.0162326420005,43,0.7090095131505316,0.35650633135237797,1.1247656957181147,0.0,nan,296.93566534318944,8.371142505125718
hybrid,none,2,45.0162326420005,28,0.6546080964685616,0.21600000000000108,0.9609050214952637,0.0,nan,296.93566534318944,8.371142505125718
hybrid,none,2,50.0162326420005,47,0.6879143294237634,0.21311197191455022,0.8330734870429494,0.0,nan,296.93566534318944,8.371142505125718
hybrid,none,2,55.0162326420005,31,0.5873715124816447,0.27321349518828697,0.9543135610893427,0.0,nan,296.93566534318944,8.371142505125718
hybrid,none,2,60.0162326420005,38,0.64,0.24426136635528906,1.4236182596279379,0.0,nan,296.93566534318944,8.371142505125718
hybrid,none,2,65.0162326420005,42,0.5969125214408233,0.47149536493544986,1.3115732326859857,0.0,nan,296.93566534318944,8.371142505125718
hybrid,none,2,70.0162326420005,39,0.6396341463414634,0.26714446280676896,1.5080620361775903,0.0,nan,296.93566534318944,8.371142505125718
hybrid,none,2,75.0162326420005,39,0.6442953020134228,0.23199999999999932,1.4781960990908196,0.0,nan,296.93566534318944,8.371142505125718
hybrid,none,2,80.0162326420005,36,0.605814739688979,0.23131585103963914,2.424527380597733,0.0,nan,296.93566534318944,8.371142505125718
hybrid,none,2,85.0162326420005,50,0.6196642685851319,0.3990368071441779,1.435815065770089,0.0,nan,296.93566534318944,8.371142505125718
hybrid,none,2,90.0162326420005,40,0.6108171663727219,0.3506069817639812,1.2847242758097666,0.0,nan,296.93566534318944,8.371142505125718
hybrid,none,2,95.0162326420005,44,0.6162104133118625,0.2887260952976973,2.5357670184481735,0.0,nan,296.93566534318944,8.371142505125718
hybrid,none,2,100.0162326420005,44,0.6602254428341385,0.2694937848955945,1.4296630736233293,0.0,nan,296.93566534318944,8.371142505125718
hybrid,none,2,105.0162326420005,41,0.6968115942028985,0.23199999999999932,0.8591849386154252,0.0,nan,296.93566534318944,8.371142505125718
hybrid,none,2,110.0162326420005,50,0.6836104513064133,0.2623327550797825,1.3358209891756057,0.0,nan,296.93566534318944,8.371142505125718
hybrid,none,2,115.0162326420005,44,0.6763754045307443,0.3464063013187584,1.020802145704406,0.0,nan,296.93566534318944,8.371142505125718
hybrid,none,2,120.0162326420005,40,0.6215420835785757,0.25823446247145654,0.9687257026432093,0.0,nan,296.93566534318944,8.371142505125718
hybrid,none,2,125.0162326420005,46,0.6533055700156168,0.28584395995959255,0.8763373166971898,0.0,nan,296.93566534318944,8.371142505125718
hybrid,none,2,130.0162326420005,29,0.6744186046511628,0.23806995336005343,0.8190758849613166,0.0,nan,296.93566534318944,8.371142505125718
hybrid,none,2,135.0162326420005,41,0.6522481502561184,0.20984732108522053,1.3285908742501022,0.0,nan,296.93566534318944,8.371142505125718
hybrid,none,2,140.0162326420005,60,0.6226185650587759,0.2841317322447168,2.989112616900202,0.0,nan,296.93566534318944,8.371142505125718
hybrid,none,2,145.0162326420005,24,0.6484295845997974,0.2774666858562682,2.4694308137462606,0.0,nan,296.93566534318944,8.371142505125718
hybrid,none,2,150.0162326420005,41,0.6817116060961314,0.2024838162039373,0.8794280191444956,0.0,nan,296.93566534318944,8.371142505125718
hybrid,none,2,155.0162326420005,34,0.6744350282485876,0.2061200895924742,0.7462512861760401,0.0,nan,296.93566534318944,8.371142505125718
hybrid,none,2,160.0162326420005,44,0.6264274061990212,0.35862867232954443,0.8795452751502928,0.0,nan,296.93566534318944,8.371142505125718
hybrid,none,2,165.0162326420005,37,0.6213592233009708,0.2676536287088993,1.0784095105463065,0.0,nan,296.93566534318944,8.371142505125718
hybrid,none,2,170.0162326420005,41,0.6713286713286714,0.2068915500856292,0.7568000000000098,0.0,nan,296.93566534318944,8.371142505125718
hybrid,none,2,175.0162326420005,45,0.6715846994535519,0.23908516412782888,1.056276217210041,0.0,nan,296.93566534318944,8.371142505125718
hybrid,none,2,180.0162326420005,35,0.5995962314939435,0.2951710676532855,1.0489168443728376,0.0,nan,296.93566534318944,8.371142505125718
hybrid,none,2,185.0162326420005,46,0.6998982706002035,0.24471459970163778,1.359655551917889,0.0,nan,296.93566534318944,8.371142505125718
hybrid,none,2,190.0162326420005,41,0.6460023174971031,0.2741547398512125,1.0629542294734735,0.0,nan,296.93566534318944,8.371142505125718
hybrid,none,2,195.0162326420005,36,0.6644340254521098,0.20990230538288301,0.7681909699530733,0.0,nan,296.93566534318944,8.371142505125718
hybrid,none,2,200.0162326420005,41,0.6538237011091652,0.23816776023625152,1.2742139511231874,0.0,nan,296.93566534318944,8.371142505125718
hybrid,none,2,205.0162326420005,42,0.6150770988006853,0.42946747652761985,1.4242065168412168,0.0,nan,296.93566534318944,8.371142505125718
hybrid,none,2,210.0162326420005,38,0.6331658291457286,0.24562804291360862,1.250698610242476,0.0,nan,296.93566534318944,8.371142505125718
hybrid,none,2,215.0162326420005,44,0.6714522363335174,0.2216973942198024,1.544881903785103,0.0,nan,296.93566534318944,8.371142505125718
hybrid,none,2,220.0162326420005,53,0.6720575022461814,0.37751129511460135,1.6521044456604057,0.0,nan,296.93566534318944,8.371142505125718
hybrid,none,2,225.0162326420005,46,0.6230610134436402,0.39920443062116817,1.4780282763659585,0.0,nan,296.93566534318944,8.371142505125718
hybrid,none,2,230.0162326420005,33,0.6132008516678495,0.2977779951539219,1.0868181432066035,0.0,nan,296.93566534318944,8.371142505125718
hybrid,none,2,235.0162326420005,55,0.5618843683083512,0.7599999999999909,2.2519082871168825,0.0,nan,296.93566534318944,8.371142505125718
hybrid,none,2,240.0162326420005,38,0.6683544303797468,0.2727539003174684,1.145209702618129,0.0,nan,296.93566534318944,8.371142505125718
hybrid,none,2,245.0162326420005,48,0.6474133601205424,0.29310777497354934,1.2240185768224352,0.0,nan,296.93566534318944,8.371142505125718
hybrid,none,2,250.0162326420005,35,0.63262508567512,0.22420075198635914,1.0429345212968544,0.0,nan,296.93566534318944,8.371142505125718
hybrid,none,2,255.0162326420005,41,0.6479357798165137,0.22392777112520434,1.1437087823518142,0.0,nan,296.93566534318944,8.371142505125718
hybrid,none,2,260.0162326420005,40,0.5683836589698046,0.3428758388311053,0.8390658803064867,0.0,nan,296.93566534318944,8.371142505125718
hybrid,none,2,265.0162326420005,37,0.6131386861313869,0.23200000000002774,1.3612128558851078,0.0,nan,296.93566534318944,8.371142505125718
hybrid,none,2,270.0162326420005,59,0.6844679983693437,0.40159722212382576,2.077429759272192,0.0,nan,296.93566534318944,8.371142505125718
hybrid,none,2,275.0162326420005,35,0.5747820254862508,0.39200196511552576,1.8271356533571628,0.0,nan,296.93566534318944,8.371142505125718
hybrid,none,2,280.0162326420005,32,0.6050420168067226,0.2186440649165604,1.1187756128126165,0.0,nan,296.93566534318944,8.371142505125718
hybrid,none,2,285.0162326420005,30,0.6339144215530903,0.1909898691692149,0.7720545258243726,0.0,nan,296.93566534318944,8.371142505125718
hybrid,none,2,290.0162326420005,47,0.6435394670688789,0.25074069494831974,1.4895100190480217,0.0,nan,296.93566534318944,8.371142505125718
hybrid,none,2,295.0162326420005,35,0.6207366984993179,0.20764298409989124,1.4129883895826012,0.0,nan,296.93566534318944,8.371142505125718
hybrid,none,2,300.0162326420005,38,0.6557993730407523,0.25028734402468444,1.5956821972992616,0.0,nan,296.93566534318944,8.371142505125718
hybrid,none,2,305.0162326420005,47,0.6724935732647815,0.44053393845894107,1.4669952744296677,0.0,nan,296.93566534318944,8.371142505125718
hybrid,none,2,310.0162326420005,40,0.6219951923076923,0.26613701417358016,1.3723662477721785,0.0,nan,296.93566534318944,8.371142505125718
hybrid,none,2,315.0162326420005,36,0.6306068601583114,0.2634643573381368,0.9334037991553569,0.0,nan,296.93566534318944,8.371142505125718
hybrid,none,2,320.0162326420005,32,0.6399406087602079,0.21821250165274364,0.8040152413065426,0.0,nan,296.93566534318944,8.371142505125718
hybrid,none,2,325.0162326420005,39,0.5687203791469194,0.46208216796600254,1.027861523117307,0.0,nan,296.93566534318944,8.371142505125718
hybrid,none,2,330.0162326420005,44,0.6775244299674267,0.2535826423022911,1.0105911495696296,0.0,nan,296.93566534318944,8.371142505125718
hybrid,none,2,335.0162326420005,51,0.5904761904761905,0.6274019787042562,1.4591677895414534,0.0,nan,296.93566534318944,8.371142505125718
hybrid,none,2,340.0162326420005,35,0.6474622770919067,0.30638122887444297,1.1549448805025972,0.0,nan,296.93566534318944,8.371142505125718
hybrid,none,2,345.0162326420005,33,0.6666666666666666,0.19999999999998863,0.9321632716454928,0.0,nan,296.93566534318944,8.371142505125718
hybrid,none,2,350.0162326420005,45,0.6426666666666667,0.2912580473690696,1.164389816050041,0.0,nan,296.93566534318944,8.371142505125718
hybrid,none,2,355.0162326420005,48,0.6541916167664671,0.29267983975165635,1.2686723327682852,0.0,nan,296.93566534318944,8.371142505125718
hybrid,none,2,360.0162326420005,42,0.5991041433370661,0.5411464185059458,1.3817559408421087,0.0,nan,296.93566534318944,8.371142505125718
hybrid,none,2,365.0162326420005,38,0.6209824135839903,0.2788088118819303,1.05429239472803,0.0,nan,296.93566534318944,8.371142505125718
hybrid,none,2,370.0162326420005,41,0.6283590623213264,0.27240383655384903,1.6925204641340543,0.0,nan,296.93566534318944,8.371142505125718
hybrid,none,2,375.0162326420005,48,0.7190786179268903,0.25258887129334084,1.010684125907082,0.0,nan,296.93566534318944,8.371142505125718
hybrid,none,2,380.0162326420005,39,0.6586248492159228,0.282065569124029,0.928261376435373,0.0,nan,296.93566534318944,8.371142505125718
hybrid,none,2,385.0162326420005,35,0.6351902173913043,0.2500947238684148,0.8292683119174191,0.0,nan,296.93566534318944,8.371142505125718
hybrid,none,2,390.0162326420005,40,0.6590487955528104,0.28193159693151415,0.752696699654088,0.0,nan,296.93566534318944,8.371142505125718
hybrid,none,2,395.0162326420005,49,0.6275437766209181,0.4249542308518244,1.7890672444476239,0.0,nan,296.93566534318944,8.371142505125718
hybrid,none,2,400.0162326420005,36,0.6986390149060272,0.23160381022128718,0.7303564773118637,0.0,nan,296.93566534318944,8.371142505125718
hybrid,none,2,405.0162326420005,58,0.5870362821035466,0.8120583397409291,3.1247060656503622,0.0,nan,296.93566534318944,8.371142505125718
hybrid,none,2,410.0162326420005,48,0.6921518987341773,0.24985165976391954,2.9784545314241155,0.0,nan,296.93566534318944,8.371142505125718
hybrid,none,2,415.0162326420005,35,0.6089238845144357,0.27683501596493443,1.1445750413160085,0.0,nan,296.93566534318944,8.371142505125718
hybrid,none,2,420.0162326420005,41,0.5549132947976878,0.6631157742043001,1.5558513893460828,0.0,nan,296.93566534318944,8.371142505125718
hybrid,none,2,425.0162326420005,33,0.5909774436090226,0.3976536292766468,1.883066487624185,0.0,nan,296.93566534318944,8.371142505125718
hybrid,none,2,430.0162326420005,37,0.7216494845360825,0.19369386964609703,0.8217599615715153,0.0,nan,296.93566534318944,8.371142505125718
hybrid,none,2,435.0162326420005,29,0.5728234336859235,0.2564603707205606,1.342473915103883,0.0,nan,296.93566534318944,8.371142505125718
hybrid,none,2,440.0162326420005,48,0.6416040100250626,0.2623078960476448,1.4766097761607155,0.0,nan,296.93566534318944,8.371142505125718
hybrid,none,2,445.0162326420005,41,0.6359976998274871,0.35336024623654794,1.1673077898463595,0.0,nan,296.93566534318944,8.371142505125718
hybrid,none,2,450.0162326420005,49,0.6298607777244359,0.3666293137475236,1.2024979707576626,0.0,nan,296.93566534318944,8.371142505125718
hybrid,none,2,455.0162326420005,36,0.6044973544973545,0.297385130609257,0.8442846409170442,0.0,nan,296.93566534318944,8.371142505125718
hybrid,none,2,460.0162326420005,28,0.6720475785896347,0.2603823360133788,0.9754668042652481,0.0,nan,296.93566534318944,8.371142505125718
hybrid,none,2,465.0162326420005,42,0.6087456846950517,0.2556612182500544,0.9915056292572971,0.0,nan,296.93566534318944,8.371142505125718
hybrid,none,2,470.0162326420005,47,0.6594700686947988,0.26401031742892656,1.350448648698949,0.0,nan,296.93566534318944,8.371142505125718
hybrid,none,2,475.0162326420005,49,0.6666666666666666,0.320266720903021,1.6736339217182852,0.0,nan,296.93566534318944,8.371142505125718
hybrid,none,2,480.0162326420005,34,0.5835635359116023,0.3618980370742406,1.5099866162469924,0.0,nan,296.93566534318944,8.371142505125718
hybrid,none,2,485.0162326420005,46,0.7118468701500259,0.26248782373397717,1.0167109404379147,0.0,nan,296.93566534318944,8.371142505125718
hybrid,none,2,490.0162326420005,32,0.5988023952095808,0.2557511943355735,1.0948718692218353,0.0,nan,296.93566534318944,8.371142505125718
hybrid,none,2,495.0162326420005,34,0.555010511562719,0.42175812561961834,1.3223616119085584,0.0,nan,296.93566534318944,8.371142505125718
hybrid,none,2,500.0162326420005,39,0.6722532588454376,0.2196007811962204,1.0857155851369313,0.0,nan,296.93566534318944,8.371142505125718
hybrid,none,2,505.0162326420005,38,0.605296343001261,0.3143554801757773,1.1611608216208895,0.0,nan,296.93566534318944,8.371142505125718
hybrid,none,2,510.0162326420005,37,0.6072585871678549,0.23829443628665103,1.1712466480569652,0.0,nan,296.93566534318944,8.371142505125718
hybrid,none,2,515.0162326420004,30,0.6768734891216761,0.21960574009710854,0.9876846178740155,0.0,nan,296.93566534318944,8.371142505125718
hybrid,none,2,520.0162326420004,40,0.5560117302052786,0.2467335299557476,1.4755196440127474,0.0,nan,296.93566534318944,8.371142505125718
hybrid,none,2,525.0162326420004,36,0.6452036793692509,0.2714090765837227,1.300164124284606,0.0,nan,296.93566534318944,8.371142505125718
hybrid,none,2,530.0162326420004,47,0.6825799898425596,0.32577344907747374,1.3733604461393722,0.0,nan,296.93566534318944,8.371142505125718
hybrid,none,2,535.0162326420004,41,0.5887796414112204,0.37190484201380514,1.5557170706365242,0.0,nan,296.93566534318944,8.371142505125718
hybrid,none,2,540.0162326420004,51,0.6614509246088194,0.39473709655374023,1.209015809513744,0.0,nan,296.93566534318944,8.371142505125718
hybrid,none,2,545.0162326420004,37,0.5603112840466926,0.5050125622193491,1.7927508770225677,0.0,nan,296.93566534318944,8.371142505125718
hybrid,none,2,550.0162326420004,40,0.6654434250764526,0.22854344717620734,0.9896812593752372,0.0,nan,296.93566534318944,8.371142505125718
hybrid,none,2,555.0162326420004,39,0.6634146341463415,0.26400000000001,0.7409386934451934,0.0,nan,296.93566534318944,8.371142505125718
hybrid,none,2,560.0162326420004,52,0.6723826714801444,0.272388836051789,1.0002649263073216,0.0,nan,296.93566534318944,8.371142505125718
hybrid,none,2,565.0162326420004,51,0.655091506335054,0.40635146688384793,2.356832741344249,0.0,nan,296.93566534318944,8.371142505125718
hybrid,none,2,570.0162326420004,35,0.5954514128187457,0.4604676982885394,1.1467340517823292,0.0,nan,296.93566534318944,8.371142505125718
hybrid,none,2,575.0162326420004,35,0.6466898954703832,0.1911825124313964,0.8547245655953265,0.0,nan,296.93566534318944,8.371142505125718
hybrid,none,2,580.0162326420004,38,0.6330749354005168,0.23722313699971664,0.9064467151990722,0.0,nan,296.93566534318944,8.371142505125718
hybrid,none,2,585.0162326420004,37,0.6596289187460013,0.20811649264692278,1.1064345656442585,0.0,nan,296.93566534318944,8.371142505125718
hybrid,none,2,590.0162326420004,44,0.6249334043686734,0.48681045707030535,1.8743563875764506,0.0,nan,296.93566534318944,8.371142505125718
hybrid,none,2,595.0162326420004,41,0.6089965397923875,0.3248189121861742,1.1678180090238812,0.0,nan,296.93566534318944,8.371142505125718
hybrid,none,2,600.0162326420004,36,0.6711772665764547,0.20244241716909528,0.8966540320179888,0.0,nan,296.93566534318944,8.371142505125718
hybrid,none,2,605.0162326420004,37,0.6122448979591837,0.2775827692223629,1.3719950947589452,0.0,nan,296.93566534318944,8.371142505125718
hybrid,none,2,610.0162326420004,40,0.6229898749255509,0.2421900385016329,1.2082991310836142,0.0,nan,296.93566534318944,8.371142505125718
hybrid,none,2,615.0162326420004,50,0.7203065134099617,0.25851400664453195,0.9991542128132528,0.0,nan,296.93566534318944,8.371142505125718
hybrid,none,2,620.0162326420004,33,0.59680928208847,0.2319999999999709,1.472614428605593,0.0,nan,296.93566534318944,8.371142505125718
hybrid,none,2,625.0162326420004,32,0.6491359879789632,0.19953941607877823,1.2228422807996902,0.0,nan,296.93566534318944,8.371142505125718
hybrid,none,2,630.0162326420004,41,0.6373755125951962,0.2245113697005081,1.2278293638482412,0.0,nan,296.93566534318944,8.371142505125718
hybrid,none,2,635.0162326420004,42,0.609769792251544,0.3341687359608727,1.5701494962448204,0.0,nan,296.93566534318944,8.371142505125718
hybrid,none,2,640.0162326420004,50,0.6229275225011843,0.40565075863429456,2.3891238773528563,0.0,nan,296.93566534318944,8.371142505125718
hybrid,none,2,645.0162326420004,36,0.5859626529298133,0.4196777340500262,1.8317364875562072,0.0,nan,296.93566534318944,8.371142505125718
hybrid,none,2,650.0162326420004,47,0.6139464375947449,0.4727313800437969,1.53463162914016,0.0,nan,296.93566534318944,8.371142505125718
hybrid,none,2,655.0162326420004,43,0.6390270867882808,0.2677931979023924,1.8763043097448164,0.0,nan,296.93566534318944,8.371142505125718
hybrid,none,2,660.0162326420004,34,0.6151685393258427,0.3313747883090059,1.5436556900113685,0.0,nan,296.93566534318944,8.371142505125718
hybrid,none,2,665.0162326420004,30,0.6936790923824959,0.18399999999996908,0.9811396986502575,0.0,nan,296.93566534318944,8.371142505125718
hybrid,none,2,670.0162326420004,38,0.6612398246712586,0.2480000000000473,0.8595650582203566,0.0,nan,296.93566534318944,8.371142505125718
hybrid,none,2,675.0162326420004,31,0.6633813495072024,0.22245779199352,1.026025390552013,0.0,nan,296.93566534318944,8.371142505125718
hybrid,none,2,680.0162326420004,31,0.5258687258687259,0.26960797943331727,0.867896849755209,0.0,nan,296.93566534318944,8.371142505125718
hybrid,none,2,685.0162326420004,43,0.6385079539221065,0.35704882390166404,1.2434359486839457,0.0,nan,296.93566534318944,8.371142505125718
hybrid,none,2,690.0162326420004,44,0.6267682263329706,0.33946822474842975,1.2553359757553517,0.0,nan,296.93566534318944,8.371142505125718
hybrid,none,2,695.0162326420004,30,0.7325396825396825,0.22033750111882,0.959101501359984,0.0,nan,296.93566534318944,8.371142505125718
hybrid,none,2,700.0162326420004,39,0.5966081162931557,0.2993125000194823,1.6064904513072307,0.0,nan,296.93566534318944,8.371142505125718
hybrid,none,2,705.0162326420004,51,0.6531177829099307,0.33160938707783316,1.6161889600436439,0.0,nan,296.93566534318944,8.371142505125718
hybrid,none,2,710.0162326420004,36,0.6194926568758344,0.3122225261337803,0.9336117056420731,0.0,nan,296.93566534318944,8.371142505125718
hybrid,none,2,715.0162326420004,35,0.627906976744186,0.2013235626571941,0.9988718573499855,0.0,nan,296.93566534318944,8.371142505125718
hybrid,none,2,720.0162326420004,37,0.6475195822454308,0.21600000000000819,1.058922603635624,0.0,nan,296.93566534318944,8.371142505125718
hybrid,none,2,725.0162326420004,38,0.6190781049935979,0.21712368716134733,0.9028977865623921,0.0,nan,296.93566534318944,8.371142505125718
hybrid,none,2,730.0162326420004,47,0.6424242424242425,0.23718567212233665,1.5352103448718548,0.0,nan,296.93566534318944,8.371142505125718
hybrid,none,2,735.0162326420004,40,0.6743480897513645,0.26585831678488603,1.185669499260623,0.0,nan,296.93566534318944,8.371142505125718
hybrid,none,2,740.0162326420004,18,0.6875,0.2628998899328394,0.6331016701117489,0.0,nan,296.93566534318944,8.371142505125718
hybrid,naive,0,0.0849914879961137,33,0.34285714285714286,0.7040898149723387,2.0075206115171995,0.0,nan,296.28939501833446,8.371142505125718
hybrid,naive,0,5.084991487996113,37,0.5573874445149017,0.5558557646918434,1.5509598289880764,0.0,nan,296.28939501833446,8.371142505125718
hybrid,naive,0,10.084991487996113,33,0.6505847953216374,0.2810607419086306,1.1609448773435609,0.0,nan,296.28939501833446,8.371142505125718
hybrid,naive,0,15.084991487996113,36,0.5860039241334205,0.3130636359634611,1.2006269349391177,0.0,nan,296.28939501833446,8.371142505125718
hybrid,naive,0,20.084991487996113,53,0.6672678088367899,0.2690401804161624,1.7994066326203941,0.0,nan,296.28939501833446,8.371142505125718
hybrid,naive,0,25.084991487996113,49,0.607970342910102,0.6799999999999997,2.393351137074218,0.0,nan,296.28939501833446,8.371142505125718
hybrid,naive,0,30.084991487996113,44,0.6277836691410392,0.41148353009508476,1.5553999157332112,0.0,nan,296.28939501833446,8.371142505125718
hybrid,naive,0,35.08499148799611,38,0.6720197652872143,0.24858911104187342,0.9513304549133194,0.0,nan,296.28939501833446,8.371142505125718
hybrid,naive,0,40.08499148799611,41,0.6592894583576004,0.3119999999999976,1.2466674830097388,0.0,nan,296.28939501833446,8.371142505125718
hybrid,naive,0,45.08499148799611,34,0.6162310866574966,0.2704874730738247,0.9829290547247345,0.0,nan,296.28939501833446,8.371142505125718
hybrid,naive,0,50.08499148799611,50,0.689784442361762,0.2685676418524814,1.2285074114918966,0.0,nan,296.28939501833446,8.371142505125718
hybrid,naive,0,55.08499148799611,44,0.5998896247240618,0.4814250180873252,1.9055407294489835,0.0,nan,296.28939501833446,8.371142505125718
hybrid,naive,0,60.08499148799611,50,0.6505910165484634,0.27565109034273405,1.328660408718661,0.0,nan,296.28939501833446,8.371142505125718
hybrid,naive,0,65.08499148799612,33,0.5788712011577424,0.2710592210083149,1.3575361140255915,0.0,nan,296.28939501833446,8.371142505125718
hybrid,naive,0,70.08499148799612,45,0.645656779661017,0.40453200276279233,1.6090185742075886,0.0,nan,296.28939501833446,8.371142505125718
hybrid,naive,0,75.08499148799612,38,0.6952076677316293,0.20194799041226474,0.7781150832005617,0.0,nan,296.28939501833446,8.371142505125718
hybrid,naive,0,80.08499148799612,46,0.6533945890760592,0.24800000000000466,1.0099787500492639,0.0,nan,296.28939501833446,8.371142505125718
hybrid,naive,0,85.08499148799612,36,0.6750164798945286,0.22026772820668583,1.8197148820593694,0.0,nan,296.28939501833446,8.371142505125718
hybrid,naive,0,90.08499148799612,35,0.6482106684672518,0.24800000000000466,1.1667776938552818,0.0,nan,296.28939501833446,8.371142505125718
hybrid,naive,0,95.08499148799612,36,0.595445411922304,0.24649649707043153,0.869133582512365,0.0,nan,296.28939501833446,8.371142505125718
hybrid,naive,0,100.08499148799612,43,0.6650300054555374,0.23199999999999932,1.0677108792151613,0.0,nan,296.28939501833446,8.371142505125718
hybrid,naive,0,105.08499148799612,38,0.6597938144329897,0.21524774111311018,0.9387276803398114,0.0,nan,296.28939501833446,8.371142505125718
hybrid,naive,0,110.08499148799612,31,0.6994535519125683,0.20000000000000284,0.9260060225522934,0.0,nan,296.28939501833446,8.371142505125718
hybrid,naive,0,115.08499148799612,41,0.6414112203585888,0.25281081866421573,1.1329348479634518,0.0,nan,296.28939501833446,8.371142505125718
hybrid,naive,0,120.08499148799612,43,0.6568144499178982,0.31891077765473597,1.0942896187347049,0.0,nan,296.28939501833446,8.371142505125718
hybrid,naive,0,125.08499148799612,39,0.6450824679291387,0.25136585274526624,0.8744247429662552,0.0,nan,296.28939501833446,8.371142505125718
hybrid,naive,0,130.08499148799612,42,0.6645856980703746,0.23345058641639582,0.8672536132623998,0.0,nan,296.28939501833446,8.371142505125718
hybrid,naive,0,135.08499148799612,38,0.5847133757961783,0.28815775110757613,1.2462263462030045,0.0,nan,296.28939501833446,8.371142505125718
hybrid,naive,0,140.08499148799612,33,0.6966292134831461,0.1950136695660376,0.6412019836710897,0.0,nan,296.28939501833446,8.371142505125718
hybrid,naive,0,145.08499148799612,40,0.6756598240469208,0.24287280820939827,1.2373238414717418,0.0,nan,296.28939501833446,8.371142505125718
hybrid,naive,0,150.08499148799612,33,0.6409155937052933,0.23199999999999932,0.9718877065662752,0.0,nan,296.28939501833446,8.371142505125718
hybrid,naive,0,155.08499148799612,47,0.6644569097399287,0.26400000000001,0.9804618251914115,0.0,nan,296.28939501833446,8.371142505125718
hybrid,naive,0,160.08499148799612,36,0.6475195822454308,0.24467963387762381,1.1657404750447098,0.0,nan,296.28939501833446,8.371142505125718
hybrid,naive,0,165.08499148799612,35,0.596537949400799,0.26400000000001,1.3376603438526022,0.0,nan,296.28939501833446,8.371142505125718
hybrid,naive,0,170.08499148799612,34,0.5749827228749136,0.28407440076237833,1.1290380745740778,0.0,nan,296.28939501833446,8.371142505125718
hybrid,naive,0,175.08499148799612,34,0.5256673511293635,0.2716658318646097,2.063154642950058,0.0,nan,296.28939501833446,8.371142505125718
hybrid,naive,0,180.08499148799612,50,0.6823087752229,0.26305655828416263,1.3555384241817008,0.0,nan,296.28939501833446,8.371142505125718
hybrid,naive,0,185.08499148799612,31,0.6609642301710731,0.2776065730408277,0.9618065746351332,0.0,nan,296.28939501833446,8.371142505125718
hybrid,naive,0,190.08499148799612,39,0.563887222555489,0.449659372857127,1.690940708222443,0.0,nan,296.28939501833446,8.371142505125718
hybrid,naive,0,195.08499148799612,44,0.6518478843063739,0.2846178164272146,1.163541921540512,0.0,nan,296.28939501833446,8.371142505125718
hybrid,naive,0,200.08499148799612,47,0.6236775818639798,0.41613442824902336,1.6453848963511322,0.0,nan,296.28939501833446,8.371142505125718
hybrid,naive,0,205.08499148799612,37,0.6489429852658553,0.2758511804743762,0.8904398332022925,0.0,nan,296.28939501833446,8.371142505125718
hybrid,naive,0,210.08499148799612,48,0.6129666011787819,0.32291753197024775,1.8435322088860824,0.0,nan,296.28939501833446,8.371142505125718
hybrid,naive,0,215.08499148799612,39,0.6026731470230863,0.2658891400508594,0.8404518946341885,0.0,nan,296.28939501833446,8.371142505125718
hybrid,naive,0,220.08499148799612,41,0.6948356807511737,0.23199999999999932,1.1424737895059658,0.0,nan,296.28939501833446,8.371142505125718
hybrid,naive,0,225.08499148799612,53,0.6515837104072398,0.3846099586399703,1.4457087150713637,0.0,nan,296.28939501833446,8.371142505125718
hybrid,naive,0,230.08499148799612,55,0.645877829987185,0.6771933149173606,1.8414590868576155,0.0,nan,296.28939501833446,8.371142505125718
hybrid,naive,0,235.08499148799612,48,0.6532687651331719,0.5835418455182406,1.3166742932160325,0.0,nan,296.28939501833446,8.371142505125718
hybrid,naive,0,240.08499148799612,34,0.5513439007580979,0.3928887453190413,1.4369384919928547,0.0,nan,296.28939501833446,8.371142505125718
hybrid,naive,0,245.08499148799612,45,0.64,0.2531332983020036,0.9390289884193639,0.0,nan,296.28939501833446,8.371142505125718
hybrid,naive,0,250.08499148799612,42,0.6624449339207048,0.2504626803379466,1.1067349116838059,0.0,nan,296.28939501833446,8.371142505125718
hybrid,naive,0,255.08499148799612,45,0.6666666666666666,0.2989133859784374,1.2623085488480528,0.0,nan,296.28939501833446,8.371142505125718
hybrid,naive,0,260.08499148799615,56,0.6679438058748404,0.26846198446051517,1.2300164609198365,0.0,nan,296.28939501833446,8.371142505125718
hybrid,naive,0,265.08499148799615,32,0.6550703182827535,0.26527270854637663,0.8854583335834998,0.0,nan,296.28939501833446,8.371142505125718
hybrid,naive,0,270.08499148799615,43,0.5758582502768549,0.5813257822302376,1.6510526993132055,0.0,nan,296.28939501833446,8.371142505125718
hybrid,naive,0,275.08499148799615,49,0.6623251326579837,0.2914763102028246,1.165356143053861,0.0,nan,296.28939501833446,8.371142505125718
hybrid,naive,0,280.08499148799615,38,0.5771144278606966,0.5471192186508631,1.5328820001025847,0.0,nan,296.28939501833446,8.371142505125718
hybrid,naive,0,285.08499148799615,47,0.6787377133988619,0.29461421053019876,1.3268311450667953,0.0,nan,296.28939501833446,8.371142505125718
hybrid,naive,0,290.08499148799615,35,0.6062246278755075,0.24799999999999045,1.1831744944420095,0.0,nan,296.28939501833446,8.371142505125718
hybrid,naive,0,295.08499148799615,41,0.6101207590569293,0.25894506744117507,0.930717979980091,0.07418056354226567,0.0,296.28939501833446,8.371142505125718
hybrid,naive,0,300.08499148799615,36,0.6073781291172595,0.2631545749573263,0.9650381317921723,0.13570487483530963,0.46601941747572817,296.28939501833446,8.371142505125718
hybrid,naive,0,305.08499148799615,39,0.5686274509803921,0.2457370912881629,1.121966730176862,0.13786764705882354,0.4266666666666667,296.28939501833446,8.371142505125718
hybrid,naive,0,310.08499148799615,43,0.6776496430532675,0.22383749312103873,1.040482410670795,0.15321252059308071,0.6630824372759857,296.28939501833446,8.371142505125718
hybrid,naive,0,315.08499148799615,34,0.6303724928366762,0.18400000000002592,0.8025408620771953,0.23925501432664756,0.5748502994011976,296.28939501833446,8.371142505125718
hybrid,naive,0,320.08499148799615,43,0.6199776785714286,0.225935630357867,0.9289402684521655,0.16462053571428573,0.511864406779661,296.28939501833446,8.371142505125718
hybrid,naive,0,325.08499148799615,54,0.7212310437109724,0.22263228381737576,1.4965734138144229,0.2087421944692239,0.7200854700854701,296.28939501833446,8.371142505125718
hybrid,naive,0,330.08499148799615,33,0.6206896551724138,0.23200000000002774,0.7504000000000155,0.20833333333333334,0.6620689655172414,296.28939501833446,8.371142505125718
hybrid,naive,0,335.08499148799615,40,0.6317365269461078,0.23353770226992765,1.0867256600643174,0.15808383233532936,0.6060606060606061,296.28939501833446,8.371142505125718
hybrid,naive,0,340.08499148799615,44,0.6808510638297872,0.2079999999999984,0.7703972674048606,0.18603382433169668,0.656891495601173,296.28939501833446,8.371142505125718
hybrid,naive,0,345.08499148799615,36,0.634527687296417,0.23200000000002774,0.7465849548976222,0.16742671009771987,0.6770428015564203,296.28939501833446,8.371142505125718
hybrid,naive,0,350.08499148799615,47,0.6770249617931737,0.21532800829652388,1.5866379914359845,0.18543046357615894,0.7032967032967034,296.28939501833446,8.371142505125718
hybrid,naive,0,355.08499148799615,40,0.6312014345487149,0.21282175605603015,0.8351428180975375,0.20382546323968917,0.5630498533724341,296.28939501833446,8.371142505125718
hybrid,naive,0,360.08499148799615,33,0.6455604075691412,0.23200000000002774,0.8218480191460276,0.15938864628820962,0.730593607305936,296.28939501833446,8.371142505125718
hybrid,naive,0,365.08499148799615,29,0.5732323232323232,0.2114947336891646,0.8737267167059326,0.13720538720538722,0.39263803680981596,296.28939501833446,8.371142505125718
hybrid,naive,0,370.08499148799615,41,0.5711785297549592,0.2791373273770432,0.8260771514346971,0.2012835472578763,0.6492753623188405,296.28939501833446,8.371142505125718
hybrid,naive,0,375.08499148799615,43,0.6438202247191012,0.23200000000002774,1.0588748279879454,0.16797752808988764,0.4280936454849498,296.28939501833446,8.371142505125718
hybrid,naive,0,380.08499148799615,42,0.5257617728531856,0.27014065220240013,1.2371166322507794,0.18448753462603878,0.6396396396396397,296.28939501833446,8.371142505125718
hybrid,naive,0,385.08499148799615,35,0.6541609822646658,0.21828019351607963,0.7367211886419405,0.22646657571623466,0.6024096385542169,296.28939501833446,8.371142505125718
hybrid,naive,0,390.08499148799615,57,0.656341565508581,0.29658588125562346,1.03034528119668,0.19799079112599413,0.7441860465116279,296.28939501833446,8.371142505125718
hybrid,naive,0,395.08499148799615,39,0.6808510638297872,0.19999999999998863,0.7295999999999967,0.2190237797246558,0.64,296.28939501833446,8.371142505125718
hybrid,naive,0,400.08499148799615,29,0.5315533980582524,0.23200000000002774,0.7395200000000227,0.1739482200647249,0.5953488372093023,296.28939501833446,8.371142505125718
hybrid,naive,0,405.08499148799615,39,0.6194581280788177,0.23200000000002774,0.7405079477049799,0.1791871921182266,0.5979381443298969,296.28939501833446,8.371142505125718
hybrid,naive,0,410.08499148799615,35,0.5213849287169042,0.45896250959066265,1.7385874971332365,0.23625254582484725,0.4281609195402299,296.28939501833446,8.371142505125718
hybrid,naive,0,415.08499148799615,38,0.6687898089171974,0.21825837749176458,0.8409289831378638,0.15859872611464967,0.642570281124498,296.28939501833446,8.371142505125718
hybrid,naive,0,420.08499148799615,36,0.7092008059100067,0.17039960492928685,0.7493067871025203,0.13767629281396912,0.7804878048780488,296.28939501833446,8.371142505125718
hybrid,naive,0,425.08499148799615,44,0.6504329004329005,0.21069785505807204,1.097486971590559,0.22402597402597402,0.7729468599033816,296.28939501833446,8.371142505125718
hybrid,naive,0,430.08499148799615,37,0.596116504854369,0.23848514061728565,0.9982742607463889,0.16440129449838187,0.5039370078740157,296.28939501833446,8.371142505125718
hybrid,naive,0,435.08499148799615,44,0.6957715540911587,0.19200000000000728,0.6547200000000248,0.16254805052169138,0.6486486486486487,296.28939501833446,8.371142505125718
hybrid,naive,0,440.08499148799615,52,0.6147540983606558,0.27690799785469267,1.2463030524811312,0.19262295081967212,0.6382978723404256,296.28939501833446,8.371142505125718
hybrid,naive,0,445.08499148799615,37,0.6396002498438476,0.25155821462959693,0.7488265709237885,0.1736414740787008,0.5755395683453237,296.28939501833446,8.371142505125718
hybrid,naive,0,450.08499148799615,37,0.5960179833012202,0.251787826198381,0.7965078584230537,0.1811175337186898,0.6808510638297872,296.28939501833446,8.371142505125718
hybrid,naive,0,455.08499148799615,42,0.589527027027027,0.33969008467886397,1.1733477393116676,0.18862612612612611,0.6447761194029851,296.28939501833446,8.371142505125718
hybrid,naive,0,460.08499148799615,47,0.6998982706002035,0.18400000000002592,0.9534991521029144,0.21515768056968465,0.7565011820330969,296.28939501833446,8.371142505125718
hybrid,naive,0,465.08499148799615,38,0.6943563728598605,0.20144996214298772,0.8676802788637565,0.15726062143310082,0.7741935483870968,296.28939501833446,8.371142505125718
hybrid,naive,0,470.08499148799615,42,0.6805002842524162,0.23366118470181618,0.9180113991480954,0.23649801023308697,0.7692307692307693,296.28939501833446,8.371142505125718
hybrid,naive,0,475.08499148799615,46,0.5940846506884243,0.4791548349624577,1.4805324052307682,0.21978582355940846,0.6264501160092807,296.28939501833446,8.371142505125718
hybrid,naive,0,480.08499148799615,46,0.6708860759493671,0.20169304990389492,0.7528000000000077,0.22046413502109705,0.7655502392344498,296.28939501833446,8.371142505125718
hybrid,naive,0,485.08499148799615,39,0.6304211187932118,0.19999999999998863,0.7457121367616514,0.13639220615964803,0.29493087557603687,296.28939501833446,8.371142505125718
hybrid,naive,0,490.08499148799615,29,0.6013071895424836,0.21600000000000819,0.7312201253512693,0.10375816993464053,0.25196850393700787,296.28939501833446,8.371142505125718
hybrid,naive,0,495.08499148799615,35,0.6728650137741047,0.17412700552290516,0.6899200000000004,0.1921487603305785,0.6344086021505376,296.28939501833446,8.371142505125718
hybrid,naive,0,500.08499148799615,33,0.601590744757773,0.23200000000002774,0.7440000000000282,0.2024584237165582,0.8,296.28939501833446,8.371142505125718
hybrid,naive,0,505.08499148799615,38,0.5398773006134969,0.31193653586075243,1.029978323732808,0.21288343558282208,0.5014409221902018,296.28939501833446,8.371142505125718
hybrid,naive,0,510.08499148799615,38,0.6210913549969344,0.2252544157081502,0.7940793564687312,0.15818516247700798,0.6201550387596899,296.28939501833446,8.371142505125718
hybrid,naive,0,515.0849914879961,49,0.6520076481835564,0.23662519926745063,1.216982681903514,0.14435946462715105,0.423841059602649,296.28939501833446,8.371142505125718
hybrid,naive,0,520.0849914879961,48,0.6791707798617966,0.27108452757533996,1.0045452439409999,0.18361303060217177,0.7741935483870968,296.28939501833446,8.371142505125718
hybrid,naive,0,525.0849914879961,42,0.6394285714285715,0.24096188841542698,0.8378989840209131,0.2,0.76,296.28939501833446,8.371142505125718
hybrid,naive,0,530.0849914879961,47,0.6831885539090444,0.21888707421089748,0.9206072748631573,0.19213081246806335,0.5957446808510638,296.28939501833446,8.371142505125718
hybrid,naive,0,535.0849914879961,46,0.6661384046487058,0.23914628670189586,1.066966877223444,0.2266244057052298,0.7832167832167832,296.28939501833446,8.371142505125718
hybrid,naive,0,540.0849914879961,29,0.6278101582014988,0.1777613295652145,0.8763560945085781,0.2706078268109908,0.6892307692307692,296.28939501833446,8.371142505125718
hybrid,naive,0,545.0849914879961,45,0.6523784631468897,0.24440758255775563,0.7978729430073965,0.18870883429168844,0.6204986149584487,296.28939501833446,8.371142505125718
hybrid,naive,0,550.0849914879961,45,0.6192758253461129,0.25534607873362347,1.5857860483925519,0.17891373801916932,0.5654761904761905,296.28939501833446,8.371142505125718
hybrid,naive,0,555.0849914879961,34,0.6022408963585434,0.24589645259646886,0.8149284350127471,0.19257703081232494,0.6981818181818182,296.28939501833446,8.371142505125718
hybrid,naive,0,560.0849914879961,37,0.6746442432082794,0.2231527138836782,0.7187323787350034,0.19728331177231564,0.7180327868852459,296.28939501833446,8.371142505125718
hybrid,naive,0,565.0849914879961,38,0.6687154271665642,0.20000000000004547,0.7641599999999813,0.2661339889366933,0.6651270207852193,296.28939501833446,8.371142505125718
hybrid,naive,0,570.0849914879961,26,0.5710332103321033,0.20000000000004547,0.7400000000000091,0.11439114391143912,0.25806451612903225,296.28939501833446,8.371142505125718
hybrid,naive,0,575.0849914879961,40,0.6149253731343284,0.23607116619052704,0.7377599999999984,0.2519402985074627,0.7582938388625592,296.28939501833446,8.371142505125718
hybrid,naive,0,580.0849914879961,39,0.555622009569378,0.3377598243570219,0.9419098142561846,0.18361244019138756,0.5211726384364821,296.28939501833446,8.371142505125718
hybrid,naive,0,585.0849914879961,47,0.6690464048954615,0.22617437610483648,1.2112724400108912,0.20295767465578787,0.6432160804020101,296.28939501833446,8.371142505125718
hybrid,naive,0,590.0849914879961,36,0.632542372881356,0.21525380982541265,0.6903999999999996,0.168135593220339,0.7741935483870968,296.28939501833446,8.371142505125718
hybrid,naive,0,595.0849914879961,34,0.6171428571428571,0.17599999999998772,0.8809274271478571,0.14285714285714285,0.64,296.28939501833446,8.371142505125718
hybrid,naive,0,600.0849914879961,39,0.6635859519408502,0.2319999999999709,0.8854038962077466,0.2119531731361676,0.7441860465116279,296.28939501833446,8.371142505125718
hybrid,naive,0,605.0849914879961,37,0.6602192134107028,0.22649144930517195,1.1415637679709156,0.1895551257253385,0.6530612244897959,296.28939501833446,8.371142505125718
hybrid,naive,0,610.0849914879961,40,0.6236686390532544,0.2444526397895288,0.9371169422438606,0.17100591715976332,0.5467128027681661,296.28939501833446,8.371142505125718
hybrid,naive,0,615.0849914879961,44,0.6518640350877193,0.2510644709009284,1.2008560241627744,0.1288377192982456,0.6808510638297872,296.28939501833446,8.371142505125718
hybrid,naive,0,620.0849914879961,47,0.6670087224217548,0.20785461161415242,1.023472537354753,0.16777834787070292,0.5871559633027523,296.28939501833446,8.371142505125718
hybrid,naive,0,625.0849914879961,44,0.6868464501926252,0.2096369975964194,0.9096760866789054,0.1546505228398459,0.6832740213523132,296.28939501833446,8.371142505125718
hybrid,naive,0,630.0849914879961,46,0.6213080168776371,0.1980395262319803,0.8839793818854442,0.2558016877637131,0.6597938144329897,296.28939501833446,8.371142505125718
hybrid,naive,0,635.0849914879961,38,0.5537294563843237,0.2917713461753806,0.9330830658838841,0.1498103666245259,0.5907172995780591,296.28939501833446,8.371142505125718
hybrid,naive,0,640.0849914879961,42,0.700507614213198,0.20000000000004547,0.7658719167691537,0.19402143260011281,0.7441860465116279,296.28939501833446,8.371142505125718
hybrid,naive,0,645.0849914879961,48,0.6959960454770143,0.2514528197723962,1.1594562161202806,0.2115669797330697,0.6728971962616822,296.28939501833446,8.371142505125718
hybrid,naive,0,650.0849914879961,33,0.5662563359884142,0.21176126422187735,1.0420000704412267,0.1716147719044171,0.540084388185654,296.28939501833446,8.371142505125718
hybrid,naive,0,655.0849914879961,41,0.6538024971623155,0.23573021294691898,1.1007507307392648,0.17480136208853575,0.6233766233766234,296.28939501833446,8.371142505125718
hybrid,naive,0,660.0849914879961,33,0.5768958185683912,0.26652766378799697,1.0282272189250898,0.1778880226789511,0.6932270916334662,296.28939501833446,8.371142505125718
hybrid,naive,0,665.0849914879961,39,0.6228606356968215,0.21600000000000819,0.9316353347772149,0.1466992665036675,0.8,296.28939501833446,8.371142505125718
hybrid,naive,0,670.0849914879961,31,0.6394884092725819,0.21600000000000819,0.723199999999963,0.1574740207833733,0.4873096446700508,296.28939501833446,8.371142505125718
hybrid,naive,0,675.0849914879961,34,0.6196403872752421,0.2480000000000473,0.7099901214771387,0.18603042876901799,0.5947955390334573,296.28939501833446,8.371142505125718
hybrid,naive,0,680.0849914879961,43,0.622568093385214,0.25034263655311406,0.9491321404279415,0.16453585325180656,0.5405405405405406,296.28939501833446,8.371142505125718
hybrid,naive,0,685.0849914879961,44,0.6920950801547816,0.16910982420750997,1.278979616646458,0.22332780541735767,0.7920792079207921,296.28939501833446,8.371142505125718
hybrid,naive,0,690.0849914879961,45,0.709572742022715,0.20000000000004547,0.8628282800773014,0.20227149810708492,0.6844919786096256,296.28939501833446,8.371142505125718
hybrid,naive,0,695.0849914879961,48,0.7254805322819122,0.1920587672530587,0.7562811929763952,0.18728437654016758,0.7578947368421053,296.28939501833446,8.371142505125718
hybrid,naive,0,700.0849914879961,43,0.6581434130072262,0.20533021212406766,0.9757224718983364,0.21567537520844915,0.7422680412371134,296.28939501833446,8.371142505125718
hybrid,naive,0,705.0849914879961,46,0.6561514195583596,0.2056054239074001,0.8213309706185212,0.19032597266035753,0.7071823204419889,296.28939501833446,8.371142505125718
hybrid,naive,0,710.0849914879961,42,0.590347923681257,0.24484168652764993,1.0316644691563919,0.2138047138047138,0.5879265091863517,296.28939501833446,8.371142505125718
hybrid,naive,0,715.0849914879961,37,0.6141935483870967,0.23118403512160057,0.977025381442727,0.2264516129032258,0.7293447293447294,296.28939501833446,8.371142505125718
hybrid,naive,0,720.0849914879961,46,0.7481402763018066,0.1750103813510009,0.9235830819424279,0.19287991498405951,0.7052341597796143,296.28939501833446,8.371142505125718
hybrid,naive,0,725.0849914879961,33,0.6135693215339233,0.23868862624806297,0.7126399999999512,0.1747787610619469,0.6751054852320675,296.28939501833446,8.371142505125718
hybrid,naive,0,730.0849914879961,47,0.658661216147164,0.20000000000004547,1.015163484925467,0.17322432294328052,0.6076696165191741,296.28939501833446,8.371142505125718
hybrid,naive,0,735.0849914879961,37,0.592071611253197,0.26942580571221697,1.346250173247022,0.19884910485933505,0.617363344051447,296.28939501833446,8.371142505125718
hybrid,naive,0,740.0849914879961,5,0.7960199004975125,0.16800000000000637,0.3163348366946684,0.3880597014925373,0.8205128205128205,296.28939501833446,8.371142505125718
hybrid,naive,1,0.13412862829656735,33,0.3924963924963925,0.7750210517037202,1.7661667010736755,0.0,nan,301.3564596279388,8.371142505125718
hybrid,naive,1,5.134128628296567,37,0.6530612244897959,0.30873510383882774,1.062590694213906,0.0,nan,301.3564596279388,8.371142505125718
hybrid,naive,1,10.134128628296567,46,0.6349614395886889,0.2710014413936115,0.9540955706409414,0.0,nan,301.3564596279388,8.371142505125718
hybrid,naive,1,15.134128628296567,40,0.6846199880311191,0.24015811452317237,0.9684699752257858,0.0,nan,301.3564596279388,8.371142505125718
hybrid,naive,1,20.134128628296565,42,0.5778781038374717,0.35902377413341036,1.5476163499813955,0.0,nan,301.3564596279388,8.371142505125718
hybrid,naive,1,25.134128628296565,31,0.6336633663366337,0.3059559245511636,1.1145216731256327,0.0,nan,301.3564596279388,8.371142505125718
hybrid,naive,1,30.134128628296565,32,0.6292217327459618,0.25389217630565497,0.8098257796784865,0.0,nan,301.3564596279388,8.371142505125718
hybrid,naive,1,35.134128628296565,38,0.6462962962962963,0.2523649223670361,1.328656276228419,0.0,nan,301.3564596279388,8.371142505125718
hybrid,naive,1,40.134128628296565,25,0.5454545454545454,0.21496314335812627,0.7753778305566987,0.0,nan,301.3564596279388,8.371142505125718
hybrid,naive,1,45.134128628296565,28,0.5619765494137353,0.3570120158738703,0.8440708055938598,0.0,nan,301.3564596279388,8.371142505125718
hybrid,naive,1,50.134128628296565,39,0.6505507955936353,0.26722383895614144,0.9106080676200716,0.0,nan,301.3564596279388,8.371142505125718
hybrid,naive,1,55.134128628296565,39,0.6791995148574894,0.23893373045277855,1.024715153047781,0.0,nan,301.3564596279388,8.371142505125718
hybrid,naive,1,60.134128628296565,45,0.6508364813815435,0.20897232479176608,0.818598748677502,0.0,nan,301.3564596279388,8.371142505125718
hybrid,naive,1,65.13412862829657,40,0.61193148257531,0.32849535773515015,1.147692881573481,0.0,nan,301.3564596279388,8.371142505125718
hybrid,naive,1,70.13412862829657,37,0.6177215189873417,0.32180530737579716,1.5408111401803848,0.0,nan,301.3564596279388,8.371142505125718
hybrid,naive,1,75.13412862829657,49,0.6453628063431043,0.27506402761252957,0.9771137156756833,0.0,nan,301.3564596279388,8.371142505125718
hybrid,naive,1,80.13412862829657,51,0.6525581395348837,0.5526104658519415,1.7433014480727351,0.0,nan,301.3564596279388,8.371142505125718
hybrid,naive,1,85.13412862829657,38,0.6706700379266751,0.22432314871316805,0.7673491571170639,0.0,nan,301.3564596279388,8.371142505125718
hybrid,naive,1,90.13412862829657,41,0.6582203889216264,0.25978944385353486,1.277068772478669,0.0,nan,301.3564596279388,8.371142505125718
hybrid,naive,1,95.13412862829657,44,0.6416122004357299,0.24399031648061964,1.0607084672879241,0.0,nan,301.3564596279388,8.371142505125718
hybrid,naive,1,100.13412862829657,39,0.6728509585652442,0.2259126446471953,1.217114683762417,0.0,nan,301.3564596279388,8.371142505125718
hybrid,naive,1,105.13412862829657,35,0.5902503293807642,0.2777197687027808,1.4174182718348234,0.0,nan,301.3564596279388,8.371142505125718
hybrid,naive,1,110.13412862829657,28,0.5647058823529412,0.25913005265116595,1.160179041237211,0.0,nan,301.3564596279388,8.371142505125718
hybrid,naive,1,115.13412862829657,40,0.6629802095459837,0.25494665893246093,1.0398135767370607,0.0,nan,301.3564596279388,8.371142505125718
hybrid,naive,1,120.13412862829657,47,0.6690464048954615,0.3122515094769369,0.9250556111802833,0.0,nan,301.3564596279388,8.371142505125718
hybrid,naive,1,125.13412862829657,52,0.6513427401001366,0.322012953558108,1.3807975542239708,0.0,nan,301.3564596279388,8.371142505125718
hybrid,naive,1,130.13412862829657,39,0.6751361161524501,0.2581516375946933,1.0086783611635084,0.0,nan,301.3564596279388,8.371142505125718
hybrid,naive,1,135.13412862829657,40,0.5693950177935944,0.26644401003224516,1.1304218427359938,0.0,nan,301.3564596279388,8.371142505125718
hybrid,naive,1,140.13412862829657,43,0.5820812465219811,0.556019715038957,1.2535478547380035,0.0,nan,301.3564596279388,8.371142505125718
hybrid,naive,1,145.13412862829657,39,0.612590799031477,0.28439478126733775,1.9281469508356508,0.0,nan,301.3564596279388,8.371142505125718
hybrid,naive,1,150.13412862829657,44,0.6101238556812062,0.4499487200119603,1.5091132051063894,0.0,nan,301.3564596279388,8.371142505125718
hybrid,naive,1,155.13412862829657,43,0.7038917089678511,0.23709574645960174,1.2722366600040498,0.0,nan,301.3564596279388,8.371142505125718
hybrid,naive,1,160.13412862829657,36,0.654169360051713,0.21919909434396345,1.2968524189578672,0.0,nan,301.3564596279388,8.371142505125718
hybrid,naive,1,165.13412862829657,36,0.6318572372769332,0.2336296842509995,0.7583084301700097,0.0,nan,301.3564596279388,8.371142505125718
hybrid,naive,1,170.13412862829657,37,0.6286836935166994,0.24799999999999045,0.84496510413563,0.0,nan,301.3564596279388,8.371142505125718
hybrid,naive,1,175.13412862829657,45,0.6147455867082036,0.2841655370445153,0.8882379926332307,0.0,nan,301.3564596279388,8.371142505125718
hybrid,naive,1,180.13412862829657,46,0.6644602851323829,0.27334534070368477,1.2710287265420672,0.0,nan,301.3564596279388,8.371142505125718
hybrid,naive,1,185.13412862829657,35,0.49463806970509383,0.6710179415783557,1.982673729394069,0.0,nan,301.3564596279388,8.371142505125718
hybrid,naive,1,190.13412862829657,47,0.6757164404223228,0.25110109159999183,1.7113528594978975,0.0,nan,301.3564596279388,8.371142505125718
hybrid,naive,1,195.13412862829657,39,0.6324891908585547,0.2339773443985962,1.4375296124786425,0.0,nan,301.3564596279388,8.371142505125718
hybrid,naive,1,200.13412862829657,34,0.6338912133891214,0.2627129650155524,0.9555026034070302,0.0,nan,301.3564596279388,8.371142505125718
hybrid,naive,1,205.13412862829657,34,0.6638054363376252,0.22664634535141204,0.73729608182092,0.0,nan,301.3564596279388,8.371142505125718
hybrid,naive,1,210.13412862829657,34,0.6215827338129496,0.2590136217270498,1.0491029427163727,0.0,nan,301.3564596279388,8.371142505125718
hybrid,naive,1,215.13412862829657,35,0.6029609690444145,0.22366958176820617,0.7684678102006892,0.0,nan,301.3564596279388,8.371142505125718
hybrid,naive,1,220.13412862829657,30,0.5467860048820179,0.37757739772597176,1.036007185859704,0.0,nan,301.3564596279388,8.371142505125718
hybrid,naive,1,225.13412862829657,34,0.6350106307583274,0.24581076091254772,1.1556076314408976,0.0,nan,301.3564596279388,8.371142505125718
hybrid,naive,1,230.13412862829657,45,0.646684350132626,0.29028443562611983,1.1542561160491376,0.0,nan,301.3564596279388,8.371142505125718
hybrid,naive,1,235.13412862829657,45,0.6313581541688515,0.26400000000001,1.3324112606899667,0.0,nan,301.3564596279388,8.371142505125718
hybrid,naive,1,240.13412862829657,35,0.6079088471849866,0.5999999999999943,1.3477166296246517,0.0,nan,301.3564596279388,8.371142505125718
hybrid,naive,1,245.13412862829657,36,0.6051587301587301,0.30503357074843507,1.3648581655448582,0.0,nan,301.3564596279388,8.371142505125718
hybrid,naive,1,250.13412862829657,42,0.6367254121660034,0.19571995675451603,1.3902545403282796,0.0,nan,301.3564596279388,8.371142505125718
hybrid,naive,1,255.13412862829657,39,0.6164960866947622,0.3023475676569376,1.6124004423504328,0.0,nan,301.3564596279388,8.371142505125718
hybrid,naive,1,260.1341286282966,33,0.654014598540146,0.21600000000000819,0.9208019154228964,0.0,nan,301.3564596279388,8.371142505125718
hybrid,naive,1,265.1341286282966,33,0.7110460863204097,0.16800000000000637,0.8510608421625762,0.0,nan,301.3564596279388,8.371142505125718
hybrid,naive,1,270.1341286282966,42,0.6556064073226545,0.23860858161739884,0.995346127273443,0.0,nan,301.3564596279388,8.371142505125718
hybrid,naive,1,275.1341286282966,38,0.6448189762796505,0.5637896943565295,0.9875187023337094,0.0,nan,301.3564596279388,8.371142505125718
hybrid,naive,1,280.1341286282966,38,0.64,0.2517306210805259,0.9966722062710837,0.0,nan,301.3564596279388,8.371142505125718
hybrid,naive,1,285.1341286282966,39,0.5228519195612431,0.6159999999999854,2.067403089622038,0.0,nan,301.3564596279388,8.371142505125718
hybrid,naive,1,290.1341286282966,51,0.6770098730606487,0.4235271442317412,1.4745072663887981,0.0,nan,301.3564596279388,8.371142505125718
hybrid,naive,1,295.1341286282966,47,0.6487582361885453,0.36842305240077167,1.2851495118886724,0.0,nan,301.3564596279388,8.371142505125718
hybrid,naive,1,300.1341286282966,44,0.6106870229007634,0.25461935761470045,0.9584253608673499,0.1128680479825518,0.30917874396135264,301.3564596279388,8.371142505125718
hybrid,naive,1,305.1341286282966,38,0.5847511027095148,0.2109161269997344,0.7869622120356291,0.10838059231253938,0.37209302325581395,301.3564596279388,8.371142505125718
hybrid,naive,1,310.1341286282966,31,0.6943366951124903,0.18400000000002592,0.6899176538313838,0.19162141194724594,0.7732793522267206,301.3564596279388,8.371142505125718
hybrid,naive,1,315.1341286282966,36,0.6133509583608724,0.19999999999998863,0.7384000000000214,0.1381361533377396,0.45933014354066987,301.3564596279388,8.371142505125718
hybrid,naive,1,320.1341286282966,33,0.5716353111432706,0.2226381906042434,0.6937404247956556,0.14544138929088277,0.5223880597014925,301.3564596279388,8.371142505125718
hybrid,naive,1,325.1341286282966,45,0.6290491118077325,0.21600000000000819,0.8761149961425713,0.16039707419017765,0.5211726384364821,301.3564596279388,8.371142505125718
hybrid,naive,1,330.1341286282966,33,0.7531319086219602,0.1727816099440247,0.7622484613273149,0.12527634487840825,0.7529411764705882,301.3564596279388,8.371142505125718
hybrid,naive,1,335.1341286282966,33,0.5805297065139585,0.21600000000000819,0.8495774381945057,0.15604867573371511,0.44036697247706424,301.3564596279388,8.371142505125718
hybrid,naive,1,340.1341286282966,28,0.6473099914602903,0.22723112335651763,0.7470399999999904,0.07173356105892399,0.7619047619047619,301.3564596279388,8.371142505125718
hybrid,naive,1,345.1341286282966,44,0.6,0.23811544580448185,0.9954462165484319,0.18408488063660478,0.5129682997118156,301.3564596279388,8.371142505125718
hybrid,naive,1,350.1341286282966,44,0.6756903086085544,0.23937183903427695,0.977020185599174,0.20086626962642123,0.6900269541778976,301.3564596279388,8.371142505125718
hybrid,naive,1,355.1341286282966,33,0.6539816772374912,0.23704408024178747,1.1445164634769731,0.18604651162790697,0.6060606060606061,301.3564596279388,8.371142505125718
hybrid,naive,1,360.1341286282966,43,0.6222222222222222,0.21302635998432606,0.8085539644719665,0.15777777777777777,0.5633802816901409,301.3564596279388,8.371142505125718
hybrid,naive,1,365.1341286282966,40,0.7074626865671642,0.20216080919385604,0.6724617195344377,0.1808955223880597,0.5313531353135313,301.3564596279388,8.371142505125718
hybrid,naive,1,370.1341286282966,45,0.6053619302949061,0.33611925880859417,1.0060355804456327,0.19195710455764076,0.4720670391061452,301.3564596279388,8.371142505125718
hybrid,naive,1,375.1341286282966,45,0.6097560975609756,0.258426009902621,0.964159976357812,0.1551634665282823,0.6421404682274248,301.3564596279388,8.371142505125718
hybrid,naive,1,380.1341286282966,43,0.6312328767123287,0.2553421595388272,0.990230038343401,0.21095890410958903,0.6649350649350649,301.3564596279388,8.371142505125718
hybrid,naive,1,385.1341286282966,58,0.7337474120082815,0.22001292468888778,0.8456513477437329,0.2070393374741201,0.744,301.3564596279388,8.371142505125718
hybrid,naive,1,390.1341286282966,42,0.6398401826484018,0.24241208530898462,0.7877042680364439,0.16837899543378995,0.6372881355932203,301.3564596279388,8.371142505125718
hybrid,naive,1,395.1341286282966,43,0.6187290969899666,0.2765529678315488,0.8799342691686195,0.23411371237458195,0.6857142857142857,301.3564596279388,8.371142505125718
hybrid,naive,1,400.1341286282966,39,0.5303867403314917,0.2784281132618389,1.1645442179591514,0.20933087783916512,0.750733137829912,301.3564596279388,8.371142505125718
hybrid,naive,1,405.1341286282966,39,0.6384522370012092,0.247165244237749,0.911728590532668,0.20133010882708585,0.6726726726726727,301.3564596279388,8.371142505125718
hybrid,naive,1,410.1341286282966,38,0.6196127420362274,0.26400000000001,1.1185003047701032,0.17801374141161774,0.6736842105263158,301.3564596279388,8.371142505125718
hybrid,naive,1,415.1341286282966,44,0.6677231907025885,0.24904109482616832,0.7906795004171283,0.18066561014263074,0.5614035087719298,301.3564596279388,8.371142505125718
hybrid,naive,1,420.1341286282966,32,0.6212454212454213,0.25550235537002663,0.946997299373634,0.21904761904761905,0.6956521739130435,301.3564596279388,8.371142505125718
hybrid,naive,1,425.1341286282966,37,0.6183953033268101,0.24799999999999045,0.7817452671775663,0.17547292889758642,0.7137546468401487,301.3564596279388,8.371142505125718
hybrid,naive,1,430.1341286282966,39,0.636144578313253,0.24784253524813948,1.004575182058537,0.21084337349397592,0.7314285714285714,301.3564596279388,8.371142505125718
hybrid,naive,1,435.1341286282966,40,0.6631773399014779,0.19055897859649917,0.739687970233013,0.16933497536945813,0.6981818181818182,301.3564596279388,8.371142505125718
hybrid,naive,1,440.1341286282966,40,0.6179104477611941,0.24799999999999045,1.272561543286448,0.14865671641791045,0.642570281124498,301.3564596279388,8.371142505125718
hybrid,naive,1,445.1341286282966,41,0.6701816051552432,0.21600000000000819,0.7968526483387678,0.1634446397188049,0.6594982078853047,301.3564596279388,8.371142505125718
hybrid,naive,1,450.1341286282966,28,0.5666104553119731,0.21600000000000819,0.7630400000000099,0.1467116357504216,0.367816091954023,301.3564596279388,8.371142505125718
hybrid,naive,1,455.1341286282966,34,0.6015460295151089,0.2336672628864278,0.8065897967942113,0.2101194659170766,0.7491638795986622,301.3564596279388,8.371142505125718
hybrid,naive,1,460.1341286282966,41,0.6179052077238151,0.23200000000002774,1.0643882783366734,0.2176711527208894,0.6881720430107527,301.3564596279388,8.371142505125718
hybrid,naive,1,465.1341286282966,49,0.6692682926829269,0.2370913523247964,0.9675697794953463,0.18682926829268293,0.741514360313316,301.3564596279388,8.371142505125718
hybrid,naive,1,470.1341286282966,39,0.6115853658536585,0.23869142017969125,0.7379200000000207,0.1475609756097561,0.5289256198347108,301.3564596279388,8.371142505125718
hybrid,naive,1,475.1341286282966,42,0.6257772752967778,0.2705825526154797,1.1146383437656349,0.16789146410401357,0.6464646464646465,301.3564596279388,8.371142505125718
hybrid,naive,1,480.1341286282966,49,0.6414264777723497,0.23293103258748715,1.2352235929751318,0.12212994626282364,0.544,301.3564596279388,8.371142505125718
hybrid,naive,1,485.1341286282966,36,0.654296875,0.21600000000000819,0.9335665907385845,0.23111979166666666,0.6676056338028169,301.3564596279388,8.371142505125718
hybrid,naive,1,490.1341286282966,40,0.5911799761620977,0.2788782716512799,1.1522395912221717,0.18116805721096543,0.7368421052631579,301.3564596279388,8.371142505125718
hybrid,naive,1,495.1341286282966,42,0.6414662084765178,0.22188374731993576,1.062909459773429,0.21477663230240548,0.5973333333333334,301.3564596279388,8.371142505125718
hybrid,naive,1,500.1341286282966,31,0.5860749808722264,0.24799999999999045,0.7783307289417281,0.188982402448355,0.6396761133603239,301.3564596279388,8.371142505125718
hybrid,naive,1,505.1341286282966,48,0.6318114874815906,0.2658283937386159,1.0402768431273992,0.16936671575846834,0.7420289855072464,301.3564596279388,8.371142505125718
hybrid,naive,1,510.1341286282966,55,0.6530434782608696,0.26400000000001,1.0336222285958572,0.14652173913043479,0.47477744807121663,301.3564596279388,8.371142505125718
hybrid,naive,1,515.1341286282966,36,0.6653671215074723,0.22361492795778304,0.8869250397267364,0.19168291098115658,0.6508474576271186,301.3564596279388,8.371142505125718
hybrid,naive,1,520.1341286282966,51,0.6034958601655934,0.29997475188156386,1.6546395747598126,0.1968721251149954,0.6728971962616822,301.3564596279388,8.371142505125718
hybrid,naive,1,525.1341286282966,36,0.6568313021167415,0.2279109672396089,0.7842494975456815,0.2552918537524054,0.7236180904522613,301.3564596279388,8.371142505125718
hybrid,naive,1,530.1341286282966,45,0.6277836691410392,0.27006559542439845,1.7002938332750182,0.20201484623541888,0.6719160104986877,301.3564596279388,8.371142505125718
hybrid,naive,1,535.1341286282966,50,0.626552053486151,0.2552177592194198,1.3533174756730084,0.2163323782234957,0.7064017660044151,301.3564596279388,8.371142505125718
hybrid,naive,1,540.1341286282966,49,0.6896551724137931,0.2567944160468869,1.7062754045966535,0.17672413793103448,0.6070460704607046,301.3564596279388,8.371142505125718
hybrid,naive,1,545.1341286282966,42,0.5759280089988752,0.28837286334083956,1.1115994982367916,0.21991001124859394,0.5728900255754475,301.3564596279388,8.371142505125718
hybrid,naive,1,550.1341286282966,32,0.5691847419596111,0.25600000000002865,1.0977366503608814,0.09424083769633508,0.7619047619047619,301.3564596279388,8.371142505125718
hybrid,naive,1,555.1341286282966,44,0.6743169398907104,0.21371972089008295,0.8603860360410056,0.18743169398907103,0.7463556851311953,301.3564596279388,8.371142505125718
hybrid,naive,1,560.1341286282966,50,0.6402527953330093,0.244001987408069,0.854668030173583,0.23529411764705882,0.7272727272727273,301.3564596279388,8.371142505125718
hybrid,naive,1,565.1341286282966,33,0.7053637031594416,0.20000000000004547,0.7632264169322525,0.12049963262307127,0.7804878048780488,301.3564596279388,8.371142505125718
hybrid,naive,1,570.1341286282966,36,0.5374105400130124,0.2480000000000473,0.9663978998374712,0.21665582303188027,0.5585585585585585,301.3564596279388,8.371142505125718
hybrid,naive,1,575.1341286282966,38,0.625,0.2379694431756434,0.67999999999995,0.146484375,0.4266666666666667,301.3564596279388,8.371142505125718
hybrid,naive,1,580.1341286282966,42,0.7015590200445434,0.2038716401703482,0.7119999999999891,0.18596881959910913,0.7065868263473054,301.3564596279388,8.371142505125718
hybrid,naive,1,585.1341286282966,37,0.5749840459476707,0.26400000000001,0.9066949609473113,0.23675813656668793,0.6900269541778976,301.3564596279388,8.371142505125718
hybrid,naive,1,590.1341286282966,40,0.6400236826524571,0.23757401862246752,0.7599599827776228,0.16459443457667258,0.6690647482014388,301.3564596279388,8.371142505125718
hybrid,naive,1,595.1341286282966,50,0.6446043165467625,0.23461461696354036,1.1377185738711868,0.2,0.6906474820143885,301.3564596279388,8.371142505125718
hybrid,naive,1,600.1341286282966,41,0.631238990017616,0.25564725405570243,0.7777690095664866,0.2014092777451556,0.6530612244897959,301.3564596279388,8.371142505125718
hybrid,naive,1,605.1341286282966,34,0.6685878962536023,0.17272237839489435,0.8375951404007597,0.17939481268011528,0.5140562248995983,301.3564596279388,8.371142505125718
hybrid,naive,1,610.1341286282966,39,0.6540372670807454,0.21600000000000819,0.7409911640523908,0.19813664596273292,0.6927899686520376,301.3564596279388,8.371142505125718
hybrid,naive,1,615.1341286282966,34,0.5810055865921788,0.25211341422237865,1.0485669816656764,0.18156424581005587,0.49230769230769234,301.3564596279388,8.371142505125718
hybrid,naive,1,620.1341286282966,33,0.7469000729394603,0.1796776171312331,0.5754168502675747,0.1174325309992706,0.5962732919254659,301.3564596279388,8.371142505125718
hybrid,naive,1,625.1341286282966,41,0.6273255813953489,0.21600000000000819,0.7615517319782386,0.19709302325581396,0.7020648967551623,301.3564596279388,8.371142505125718
hybrid,naive,1,630.1341286282966,41,0.652122641509434,0.2160396300209868,1.022790667227037,0.19339622641509435,0.7804878048780488,301.3564596279388,8.371142505125718
hybrid,naive,1,635.1341286282966,55,0.6784608580274215,0.2719196413454483,1.3093749180089118,0.21229544449358692,0.6666666666666666,301.3564596279388,8.371142505125718
hybrid,naive,1,640.1341286282966,37,0.6363053239255934,0.22069960822682333,0.7070120332845227,0.17190506735086594,0.5970149253731343,301.3564596279388,8.371142505125718
hybrid,naive,1,645.1341286282966,32,0.5644171779141104,0.21086778712032128,0.8151937774894487,0.12193251533742332,0.4025157232704403,301.3564596279388,8.371142505125718
hybrid,naive,1,650.1341286282966,42,0.661624649859944,0.2215805639762607,0.8228513871041838,0.1876750700280112,0.7104477611940299,301.3564596279388,8.371142505125718
hybrid,naive,1,655.1341286282966,38,0.6302149178255373,0.20800000000002683,0.8898026986140422,0.21302149178255372,0.7596439169139466,301.3564596279388,8.371142505125718
hybrid,naive,1,660.1341286282966,46,0.7052793439261917,0.23190182924821556,0.8709621451404187,0.21271143003587903,0.6939759036144578,301.3564596279388,8.371142505125718
hybrid,naive,1,665.1341286282966,45,0.642706131078224,0.21600000000000819,0.9400453909058479,0.17071881606765327,0.7925696594427245,301.3564596279388,8.371142505125718
hybrid,naive,1,670.1341286282966,39,0.5517241379310345,0.23892329116108613,1.3214826019584216,0.21046373365041618,0.4519774011299435,301.3564596279388,8.371142505125718
hybrid,naive,1,675.1341286282966,39,0.5923645320197044,0.24882440402973316,1.1999003503847523,0.20689655172413793,0.6666666666666666,301.3564596279388,8.371142505125718
hybrid,naive,1,680.1341286282966,33,0.6167751265365148,0.2749877795001794,1.1979346319969453,0.1547360809833695,0.4485981308411215,301.3564596279388,8.371142505125718
hybrid,naive,1,685.1341286282966,43,0.5973524544953116,0.22510742162251063,0.7685693211781017,0.1825703254274683,0.5649546827794562,301.3564596279388,8.371142505125718
hybrid,naive,1,690.1341286282966,44,0.6617179215270413,0.2271092104955983,1.2254859168307337,0.13626723223753975,0.7470817120622568,301.3564596279388,8.371142505125718
hybrid,naive,1,695.1341286282966,29,0.5775356244761106,0.23644097983208212,0.9046331399206018,0.21877619446772842,0.5555555555555556,301.3564596279388,8.371142505125718
hybrid,naive,1,700.1341286282966,38,0.6756923076923077,0.2257014496070724,0.6848506367984771,0.15569230769230769,0.6324110671936759,301.3564596279388,8.371142505125718
hybrid,naive,1,705.1341286282966,33,0.5477888730385164,0.2267398095501676,1.0424645454730943,0.15121255349500715,0.7547169811320755,301.3564596279388,8.371142505125718
hybrid,naive,1,710.1341286282966,51,0.6318245450303314,0.3066220423777395,0.8831363532464138,0.19832011199253383,0.6023529411764705,301.3564596279388,8.371142505125718
hybrid,naive,1,715.1341286282966,43,0.6184428492545555,0.30025420712206596,1.2594734950379571,0.12092766427388184,0.5844748858447488,301.3564596279388,8.371142505125718
hybrid,naive,1,720.1341286282966,43,0.6021029330381849,0.21900207747455624,1.2029230118323972,0.21029330381848368,0.6736842105263158,301.3564596279388,8.371142505125718
hybrid,naive,1,725.1341286282966,36,0.6600133067198936,0.22123084757669176,1.0706355916145582,0.21756487025948104,0.7828746177370031,301.3564596279388,8.371142505125718
hybrid,naive,1,730.1341286282966,28,0.6701570680628273,0.16800000000000637,0.7673599999999737,0.10732984293193717,0.7804878048780488,301.3564596279388,8.371142505125718
hybrid,naive,1,735.1341286282966,39,0.6494464944649446,0.18399999999996908,0.7668812130238506,0.1814268142681427,0.43389830508474575,301.3564596279388,8.371142505125718
hybrid,naive,1,740.1341286282966,39,0.6074709124311084,0.22104473751153364,1.0514385556911514,0.18187385180649113,0.5387205387205387,301.3564596279388,8.371142505125718
hybrid,naive,1,745.1341286282966,48,0.6267258382642998,0.26295293936180997,0.8219426279776316,0.1257396449704142,0.4666666666666667,301.3564596279388,8.371142505125718
hybrid,naive,1,750.1341286282966,33,0.6526019690576652,0.26400000000001,0.8083152532175473,0.21237693389592124,0.7417218543046358,301.3564596279388,8.371142505125718
hybrid,naive,2,0.01623264200049831,44,0.4978540772532189,0.7764783738687144,1.889146110074805,0.0,nan,296.93566534318944,8.371142505125718
hybrid,naive,2,5.016232642000499,34,0.6498599439775911,0.365358749003176,0.992305490211985,0.0,nan,296.93566534318944,8.371142505125718
hybrid,naive,2,10.0162326420005,48,0.6046742913973148,0.37621901937945257,1.336802969277335,0.0,nan,296.93566534318944,8.371142505125718
hybrid,naive,2,15.0162326420005,50,0.6862003780718336,0.4094694707486308,1.2508402374627108,0.0,nan,296.93566534318944,8.371142505125718
hybrid,naive,2,20.0162326420005,37,0.6423076923076924,0.235486716603738,0.7602588853628172,0.0,nan,296.93566534318944,8.371142505125718
hybrid,naive,2,25.0162326420005,41,0.6392045454545454,0.25835281672808463,1.5752729241987167,0.0,nan,296.93566534318944,8.371142505125718
hybrid,naive,2,30.0162326420005,41,0.6711764705882353,0.23651002326406,1.0441545969285901,0.0,nan,296.93566534318944,8.371142505125718
hybrid,naive,2,35.0162326420005,40,0.5963029218843172,0.2759652947856921,1.4510954751031728,0.0,nan,296.93566534318944,8.371142505125718
hybrid,naive,2,40.0162326420005,43,0.7090095131505316,0.35650633135237797,1.1247656957181147,0.0,nan,296.93566534318944,8.371142505125718
hybrid,naive,2,45.0162326420005,28,0.6546080964685616,0.21600000000000108,0.9609050214952637,0.0,nan,296.93566534318944,8.371142505125718
hybrid,naive,2,50.0162326420005,47,0.6879143294237634,0.21311197191455022,0.8330734870429494,0.0,nan,296.93566534318944,8.371142505125718
hybrid,naive,2,55.0162326420005,31,0.5873715124816447,0.27321349518828697,0.9543135610893427,0.0,nan,296.93566534318944,8.371142505125718
hybrid,naive,2,60.0162326420005,38,0.64,0.24426136635528906,1.4236182596279379,0.0,nan,296.93566534318944,8.371142505125718
hybrid,naive,2,65.0162326420005,42,0.5969125214408233,0.47149536493544986,1.3115732326859857,0.0,nan,296.93566534318944,8.371142505125718
hybrid,naive,2,70.0162326420005,39,0.6396341463414634,0.26714446280676896,1.5080620361775903,0.0,nan,296.93566534318944,8.371142505125718
hybrid,naive,2,75.0162326420005,39,0.6442953020134228,0.23199999999999932,1.4781960990908196,0.0,nan,296.93566534318944,8.371142505125718
hybrid,naive,2,80.0162326420005,36,0.605814739688979,0.23131585103963914,2.424527380597733,0.0,nan,296.93566534318944,8.371142505125718
hybrid,naive,2,85.0162326420005,50,0.6196642685851319,0.3990368071441779,1.435815065770089,0.0,nan,296.93566534318944,8.371142505125718
hybrid,naive,2,90.0162326420005,40,0.6108171663727219,0.3506069817639812,1.2847242758097666,0.0,nan,296.93566534318944,8.371142505125718
hybrid,naive,2,95.0162326420005,44,0.6162104133118625,0.2887260952976973,2.5357670184481735,0.0,nan,296.93566534318944,8.371142505125718
hybrid,naive,2,100.0162326420005,44,0.6602254428341385,0.2694937848955945,1.4296630736233293,0.0,nan,296.93566534318944,8.371142505125718
hybrid,naive,2,105.0162326420005,41,0.6968115942028985,0.23199999999999932,0.8591849386154252,0.0,nan,296.93566534318944,8.371142505125718
hybrid,naive,2,110.0162326420005,50,0.6836104513064133,0.2623327550797825,1.3358209891756057,0.0,nan,296.93566534318944,8.371142505125718
hybrid,naive,2,115.0162326420005,44,0.6763754045307443,0.3464063013187584,1.020802145704406,0.0,nan,296.93566534318944,8.371142505125718
hybrid,naive,2,120.0162326420005,40,0.6215420835785757,0.25823446247145654,0.9687257026432093,0.0,nan,296.93566534318944,8.371142505125718
hybrid,naive,2,125.0162326420005,46,0.6533055700156168,0.28584395995959255,0.8763373166971898,0.0,nan,296.93566534318944,8.371142505125718
hybrid,naive,2,130.0162326420005,29,0.6744186046511628,0.23806995336005343,0.8190758849613166,0.0,nan,296.93566534318944,8.371142505125718
hybrid,naive,2,135.0162326420005,41,0.6522481502561184,0.20984732108522053,1.3285908742501022,0.0,nan,296.93566534318944,8.371142505125718
hybrid,naive,2,140.0162326420005,60,0.6226185650587759,0.2841317322447168,2.989112616900202,0.0,nan,296.93566534318944,8.371142505125718
hybrid,naive,2,145.0162326420005,24,0.6484295845997974,0.2774666858562682,2.4694308137462606,0.0,nan,296.93566534318944,8.371142505125718
hybrid,naive,2,150.0162326420005,41,0.6817116060961314,0.2024838162039373,0.8794280191444956,0.0,nan,296.93566534318944,8.371142505125718
hybrid,naive,2,155.0162326420005,34,0.6744350282485876,0.2061200895924742,0.7462512861760401,0.0,nan,296.93566534318944,8.371142505125718
hybrid,naive,2,160.0162326420005,44,0.6264274061990212,0.35862867232954443,0.8795452751502928,0.0,nan,296.93566534318944,8.371142505125718
hybrid,naive,2,165.0162326420005,37,0.6213592233009708,0.2676536287088993,1.0784095105463065,0.0,nan,296.93566534318944,8.371142505125718
hybrid,naive,2,170.0162326420005,41,0.6713286713286714,0.2068915500856292,0.7568000000000098,0.0,nan,296.93566534318944,8.371142505125718
hybrid,naive,2,175.0162326420005,45,0.6715846994535519,0.23908516412782888,1.056276217210041,0.0,nan,296.93566534318944,8.371142505125718
hybrid,naive,2,180.0162326420005,35,0.5995962314939435,0.2951710676532855,1.0489168443728376,0.0,nan,296.93566534318944,8.371142505125718
hybrid,naive,2,185.0162326420005,46,0.6998982706002035,0.24471459970163778,1.359655551917889,0.0,nan,296.93566534318944,8.371142505125718
hybrid,naive,2,190.0162326420005,41,0.6460023174971031,0.2741547398512125,1.0629542294734735,0.0,nan,296.93566534318944,8.371142505125718
hybrid,naive,2,195.0162326420005,36,0.6644340254521098,0.20990230538288301,0.7681909699530733,0.0,nan,296.93566534318944,8.371142505125718
hybrid,naive,2,200.0162326420005,41,0.6538237011091652,0.23816776023625152,1.2742139511231874,0.0,nan,296.93566534318944,8.371142505125718
hybrid,naive,2,205.0162326420005,42,0.6150770988006853,0.42946747652761985,1.4242065168412168,0.0,nan,296.93566534318944,8.371142505125718
hybrid,naive,2,210.0162326420005,38,0.6331658291457286,0.24562804291360862,1.250698610242476,0.0,nan,296.93566534318944,8.371142505125718
hybrid,naive,2,215.0162326420005,44,0.6714522363335174,0.2216973942198024,1.544881903785103,0.0,nan,296.93566534318944,8.371142505125718
hybrid,naive,2,220.0162326420005,53,0.6720575022461814,0.37751129511460135,1.6521044456604057,0.0,nan,296.93566534318944,8.371142505125718
hybrid,naive,2,225.0162326420005,46,0.6230610134436402,0.39920443062116817,1.4780282763659585,0.0,nan,296.93566534318944,8.371142505125718
hybrid,naive,2,230.0162326420005,33,0.6132008516678495,0.2977779951539219,1.0868181432066035,0.0,nan,296.93566534318944,8.371142505125718
hybrid,naive,2,235.0162326420005,55,0.5618843683083512,0.7599999999999909,2.2519082871168825,0.0,nan,296.93566534318944,8.371142505125718
hybrid,naive,2,240.0162326420005,38,0.6683544303797468,0.2727539003174684,1.145209702618129,0.0,nan,296.93566534318944,8.371142505125718
hybrid,naive,2,245.0162326420005,48,0.6474133601205424,0.29310777497354934,1.2240185768224352,0.0,nan,296.93566534318944,8.371142505125718
hybrid,naive,2,250.0162326420005,35,0.63262508567512,0.22420075198635914,1.0429345212968544,0.0,nan,296.93566534318944,8.371142505125718
hybrid,naive,2,255.0162326420005,41,0.6479357798165137,0.22392777112520434,1.1437087823518142,0.0,nan,296.93566534318944,8.371142505125718
hybrid,naive,2,260.0162326420005,40,0.5683836589698046,0.3428758388311053,0.8390658803064867,0.0,nan,296.93566534318944,8.371142505125718
hybrid,naive,2,265.0162326420005,37,0.6131386861313869,0.23200000000002774,1.3612128558851078,0.0,nan,296.93566534318944,8.371142505125718
hybrid,naive,2,270.0162326420005,59,0.6844679983693437,0.40159722212382576,2.077429759272192,0.0,nan,296.93566534318944,8.371142505125718
hybrid,naive,2,275.0162326420005,35,0.5747820254862508,0.39200196511552576,1.8271356533571628,0.0,nan,296.93566534318944,8.371142505125718
hybrid,naive,2,280.0162326420005,32,0.6050420168067226,0.2186440649165604,1.1187756128126165,0.0,nan,296.93566534318944,8.371142505125718
hybrid,naive,2,285.0162326420005,30,0.6339144215530903,0.1909898691692149,0.7720545258243726,0.0,nan,296.93566534318944,8.371142505125718
hybrid,naive,2,290.0162326420005,47,0.6435394670688789,0.25074069494831974,1.4895100190480217,0.0,nan,296.93566534318944,8.371142505125718
hybrid,naive,2,295.0162326420005,35,0.5893587994542974,0.26400000000001,0.9325739880705827,0.056616643929058665,0.0,296.93566534318944,8.371142505125718
hybrid,naive,2,300.0162326420005,38,0.6620689655172414,0.22807031074194128,0.7944174537265885,0.135423197492163,0.4444444444444444,296.93566534318944,8.371142505125718
hybrid,naive,2,305.0162326420005,47,0.6611825192802057,0.24758757422489452,1.5173603867026462,0.23496143958868895,0.7702407002188184,296.93566534318944,8.371142505125718
hybrid,naive,2,310.0162326420005,40,0.6304086538461539,0.21756302450023668,0.8196381879359405,0.2283653846153846,0.6736842105263158,296.93566534318944,8.371142505125718
hybrid,naive,2,315.0162326420005,36,0.5870712401055409,0.2753596468890578,0.7599999999999909,0.1853562005277045,0.6832740213523132,296.93566534318944,8.371142505125718
hybrid,naive,2,320.0162326420005,32,0.6844840386043058,0.19999999999998863,0.6896006497948708,0.2212323682256867,0.6442953020134228,296.93566534318944,8.371142505125718
hybrid,naive,2,325.0162326420005,39,0.6066350710900474,0.24799999999999045,0.8309039953946851,0.20853080568720378,0.7272727272727273,296.93566534318944,8.371142505125718
hybrid,naive,2,330.0162326420005,44,0.6449511400651465,0.23995039541887309,1.2830288093011017,0.1981541802388708,0.6876712328767123,296.93566534318944,8.371142505125718
hybrid,naive,2,335.0162326420005,51,0.6675736961451247,0.26400000000001,1.0379016108598478,0.15691609977324264,0.7398843930635838,296.93566534318944,8.371142505125718
hybrid,naive,2,340.0162326420005,35,0.6584362139917695,0.23700832584620457,0.7392829631359299,0.16186556927297668,0.8135593220338984,296.93566534318944,8.371142505125718
hybrid,naive,2,345.0162326420005,33,0.6206896551724138,0.23570802183633077,0.7850964587365661,0.1968390804597701,0.583941605839416,296.93566534318944,8.371142505125718
hybrid,naive,2,350.0162326420005,45,0.6314666666666666,0.24259294832751266,1.1988381517170532,0.17973333333333333,0.6646884272997032,296.93566534318944,8.371142505125718
hybrid,naive,2,355.0162326420005,48,0.6686626746506986,0.23268361475237498,1.0263466289140457,0.22854291417165667,0.7685589519650655,296.93566534318944,8.371142505125718
hybrid,naive,2,360.0162326420005,42,0.6270996640537514,0.229645579357026,1.212732073467874,0.16517357222844345,0.7593220338983051,296.93566534318944,8.371142505125718
hybrid,naive,2,365.0162326420005,38,0.582171012734991,0.43875829571615554,1.1964876338429413,0.18132201334141904,0.5351170568561873,296.93566534318944,8.371142505125718
hybrid,naive,2,370.0162326420005,41,0.6037735849056604,0.26400000000001,0.9768130910983814,0.17495711835334476,0.6274509803921569,296.93566534318944,8.371142505125718
hybrid,naive,2,375.0162326420005,48,0.6559839759639459,0.2641934081617592,1.2980312220917347,0.2358537806710065,0.7473460721868365,296.93566534318944,8.371142505125718
hybrid,naive,2,380.0162326420005,39,0.6562123039806996,0.21600000000000819,0.9014437270387151,0.17189384800965019,0.6736842105263158,296.93566534318944,8.371142505125718
hybrid,naive,2,385.0162326420005,35,0.6508152173913043,0.22694087170299326,0.75284719950144,0.19089673913043478,0.6832740213523132,296.93566534318944,8.371142505125718
hybrid,naive,2,390.0162326420005,40,0.7183446571957999,0.19571386431962878,0.8994540794715293,0.17603458925262508,0.5614035087719298,296.93566534318944,8.371142505125718
hybrid,naive,2,395.0162326420005,49,0.6360624704212021,0.2616589263330411,0.8382375294434103,0.20444865120681496,0.6666666666666666,296.93566534318944,8.371142505125718
hybrid,naive,2,400.0162326420005,36,0.5599481529488011,0.24799999999999045,0.7384000000000214,0.11147116007777058,0.18604651162790697,296.93566534318944,8.371142505125718
hybrid,naive,2,405.0162326420005,58,0.6579698328577253,0.2708253859121328,1.5584986555412756,0.2079086832450061,0.6901960784313725,296.93566534318944,8.371142505125718
hybrid,naive,2,410.0162326420005,48,0.6759493670886076,0.20192098753034315,1.0193888814171592,0.21164556962025316,0.6889952153110048,296.93566534318944,8.371142505125718
hybrid,naive,2,415.0162326420005,35,0.6299212598425197,0.23748898348264902,0.9500324310049346,0.14501312335958005,0.7239819004524887,296.93566534318944,8.371142505125718
hybrid,naive,2,420.0162326420005,41,0.584393063583815,0.3041642106784366,0.935191712697247,0.17052023121387283,0.6508474576271186,296.93566534318944,8.371142505125718
hybrid,naive,2,425.0162326420005,33,0.6601503759398496,0.16800000000000637,0.7350400000000149,0.17443609022556392,0.6120689655172413,296.93566534318944,8.371142505125718
hybrid,naive,2,430.0162326420005,37,0.7164948453608248,0.20612970700670985,0.7754720290536057,0.20940721649484537,0.7692307692307693,296.93566534318944,8.371142505125718
hybrid,naive,2,435.0162326420005,29,0.580146460537022,0.2574353999518735,0.7705453392753474,0.20992676973148902,0.6201550387596899,296.93566534318944,8.371142505125718
hybrid,naive,2,440.0162326420005,48,0.6631578947368421,0.22899412664332885,1.0581100766346163,0.15037593984962405,0.5333333333333333,296.93566534318944,8.371142505125718
hybrid,naive,2,445.0162326420005,41,0.5951696377228292,0.2434080217508381,0.7388708825384357,0.19493962047153537,0.5899705014749262,296.93566534318944,8.371142505125718
hybrid,naive,2,450.0162326420005,49,0.6260201632261162,0.24151978863574186,1.0206043179338598,0.18674987998079692,0.7403598971722365,296.93566534318944,8.371142505125718
hybrid,naive,2,455.0162326420005,36,0.5925925925925926,0.24799999999999045,0.7440000000000282,0.167989417989418,0.3779527559055118,296.93566534318944,8.371142505125718
hybrid,naive,2,460.0162326420005,28,0.6652506372132541,0.19200000000000728,0.7476467385580111,0.17926932880203908,0.6018957345971564,296.93566534318944,8.371142505125718
hybrid,naive,2,465.0162326420005,42,0.6645569620253164,0.20563395676964547,1.233845721532049,0.21921749136939012,0.5118110236220472,296.93566534318944,8.371142505125718
hybrid,naive,2,470.0162326420005,47,0.626594700686948,0.32732127918114884,1.0084908789222924,0.1467124631992149,0.5351170568561873,296.93566534318944,8.371142505125718
hybrid,naive,2,475.0162326420005,49,0.697841726618705,0.21600000000000819,0.7520372390132589,0.20239808153477218,0.6469194312796208,296.93566534318944,8.371142505125718
hybrid,naive,2,480.0162326420005,34,0.6187845303867403,0.23968669401679676,0.828100958543579,0.17265193370165746,0.64,296.93566534318944,8.371142505125718
hybrid,naive,2,485.0162326420005,46,0.6916709777547853,0.24553945385630982,0.7359558983611262,0.1991722710812209,0.6649350649350649,296.93566534318944,8.371142505125718
hybrid,naive,2,490.0162326420005,32,0.6227544910179641,0.21393589157736415,0.7500799999999964,0.15568862275449102,0.6153846153846154,296.93566534318944,8.371142505125718
hybrid,naive,2,495.0162326420005,34,0.5830413454800281,0.2271187685650773,0.8594487074840494,0.2018220042046251,0.5555555555555556,296.93566534318944,8.371142505125718
hybrid,naive,2,500.0162326420005,39,0.6697703289882061,0.19359802665547932,0.8696078259872897,0.15332091868404718,0.6477732793522267,296.93566534318944,8.371142505125718
hybrid,naive,2,505.0162326420005,38,0.605296343001261,0.2184017539752574,1.143400821620889,0.16393442622950818,0.49230769230769234,296.93566534318944,8.371142505125718
hybrid,naive,2,510.0162326420005,37,0.6552171095268956,0.2094789611254555,1.0607858655605424,0.15683732987686325,0.47520661157024796,296.93566534318944,8.371142505125718
hybrid,naive,2,515.0162326420004,30,0.6857373086220789,0.22069751659546455,1.0794634709790867,0.17485898468976632,0.7373271889400922,296.93566534318944,8.371142505125718
hybrid,naive,2,520.0162326420004,40,0.6392961876832844,0.21600000000000819,1.0954189130628569,0.22287390029325513,0.6736842105263158,296.93566534318944,8.371142505125718
hybrid,naive,2,525.0162326420004,36,0.6307490144546649,0.2430228172525517,1.2896162411156296,0.18725361366622864,0.6736842105263158,296.93566534318944,8.371142505125718
hybrid,naive,2,530.0162326420004,47,0.7120365667851701,0.21996994882260879,0.8876430931721233,0.18994413407821228,0.7540106951871658,296.93566534318944,8.371142505125718
hybrid,naive,2,535.0162326420004,41,0.6032388663967612,0.2677406412618666,0.8309690123902101,0.1683053788316946,0.5326460481099656,296.93566534318944,8.371142505125718
hybrid,naive,2,540.0162326420004,51,0.6590801327643433,0.23266583194833856,1.3358149621029725,0.17543859649122806,0.6918918918918919,296.93566534318944,8.371142505125718
hybrid,naive,2,545.0162326420004,37,0.622568093385214,0.23434659998849838,0.8594141751333201,0.21011673151750973,0.7901234567901234,296.93566534318944,8.371142505125718
hybrid,naive,2,550.0162326420004,40,0.6752293577981652,0.1926069185645929,0.67999999999995,0.23058103975535169,0.6923076923076923,296.93566534318944,8.371142505125718
hybrid,naive,2,555.0162326420004,39,0.6371951219512195,0.22127630564591527,0.7827793534212333,0.14939024390243902,0.6530612244897959,296.93566534318944,8.371142505125718
hybrid,naive,2,560.0162326420004,52,0.6877256317689531,0.24888036300927752,1.1362157428749413,0.19088447653429602,0.7281323877068558,296.93566534318944,8.371142505125718
hybrid,naive,2,565.0162326420004,51,0.665415297982168,0.2601746237015732,1.3973526365536486,0.1703425621773815,0.7933884297520661,296.93566534318944,8.371142505125718
hybrid,naive,2,570.0162326420004,35,0.6395589248793935,0.18714414683779523,0.961534860637827,0.14059269469331495,0.7843137254901961,296.93566534318944,8.371142505125718
hybrid,naive,2,575.0162326420004,35,0.6020905923344948,0.20000000000004547,0.7331200000000148,0.20278745644599303,0.5498281786941581,296.93566534318944,8.371142505125718
hybrid,naive,2,580.0162326420004,38,0.6518087855297158,0.20619103867028343,0.7768915888340601,0.18992248062015504,0.7108843537414966,296.93566534318944,8.371142505125718
hybrid,naive,2,585.0162326420004,37,0.6346769033909149,0.2480000000000473,0.8573734926529278,0.18298144593730006,0.5594405594405595,296.93566534318944,8.371142505125718
hybrid,naive,2,590.0162326420004,44,0.6702184336707512,0.26470544023601406,1.5833846627477226,0.16835375599360683,0.5379746835443038,296.93566534318944,8.371142505125718
hybrid,naive,2,595.0162326420004,41,0.6459054209919262,0.20222067199836147,0.8151860539555175,0.14936562860438293,0.4942084942084942,296.93566534318944,8.371142505125718
hybrid,naive,2,600.0162326420004,36,0.645466847090663,0.22399999999998954,0.7591999999999529,0.16982408660351828,0.6374501992031872,296.93566534318944,8.371142505125718
hybrid,naive,2,605.0162326420004,37,0.7044107965766951,0.186046500605471,0.7204846458743986,0.21790651744568795,0.7734138972809668,296.93566534318944,8.371142505125718
hybrid,naive,2,610.0162326420004,40,0.6081000595592615,0.2268034404158925,1.4473317897711535,0.20131030375223347,0.6627218934911243,296.93566534318944,8.371142505125718
hybrid,naive,2,615.0162326420004,50,0.6896551724137931,0.21597014591731067,1.0047339202569239,0.19588122605363983,0.7041564792176039,296.93566534318944,8.371142505125718
hybrid,naive,2,620.0162326420004,33,0.5569253081943437,0.22293129652825883,0.7731190000106699,0.18346627991298042,0.6324110671936759,296.93566534318944,8.371142505125718
hybrid,naive,2,625.0162326420004,32,0.6731780616078137,0.2022816564550567,0.7710399999999652,0.1930879038317055,0.622568093385214,296.93566534318944,8.371142505125718
hybrid,naive,2,630.0162326420004,41,0.632688927943761,0.22269081159811321,0.8759892531822063,0.14997070884592853,0.75,296.93566534318944,8.371142505125718
hybrid,naive,2,635.0162326420004,42,0.6288601909039865,0.23655436481675451,0.9764712975525527,0.14430095451993263,0.5175097276264592,296.93566534318944,8.371142505125718
hybrid,naive,2,640.0162326420004,50,0.6641402179062056,0.2571953806432248,0.8392532664718322,0.20227380388441496,0.6627634660421545,296.93566534318944,8.371142505125718
hybrid,naive,2,645.0162326420004,36,0.6799742433998712,0.24411700872866504,0.8351988010891146,0.1320025756600129,0.7804878048780488,296.93566534318944,8.371142505125718
hybrid,naive,2,650.0162326420004,47,0.6629610914603336,0.19442558509035734,0.8240819569827293,0.22385042950985345,0.7223476297968398,296.93566534318944,8.371142505125718
hybrid,naive,2,655.0162326420004,43,0.6511885019347706,0.24024653087406023,0.9410712063501611,0.18021006080707574,0.6687116564417178,296.93566534318944,8.371142505125718
hybrid,naive,2,660.0162326420004,34,0.651685393258427,0.19718015692546942,0.7174399999999764,0.17626404494382023,0.6374501992031872,296.93566534318944,8.371142505125718
hybrid,naive,2,665.0162326420004,30,0.6393841166936791,0.19999999999998863,0.7708603948697851,0.16288492706645058,0.582089552238806,296.93566534318944,8.371142505125718
hybrid,naive,2,670.0162326420004,38,0.6812773951158422,0.20721626372852597,0.8691842616077524,0.18221665623043207,0.6597938144329897,296.93566534318944,8.371142505125718
hybrid,naive,2,675.0162326420004,31,0.7020470053070508,0.20771646970240454,0.7327500401730502,0.18877937831690675,0.7710843373493976,296.93566534318944,8.371142505125718
hybrid,naive,2,680.0162326420004,31,0.5590733590733591,0.2480000000000473,0.8534968497552085,0.19536679536679535,0.7114624505928854,296.93566534318944,8.371142505125718
hybrid,naive,2,685.0162326420004,43,0.6198573779484366,0.2551775205389504,1.6261411654421563,0.19144267690619857,0.5787965616045845,296.93566534318944,8.371142505125718
hybrid,naive,2,690.0162326420004,44,0.6001088139281828,0.2480000000000473,1.2919536201411848,0.16648531011969533,0.6274509803921569,296.93566534318944,8.371142505125718
hybrid,naive,2,695.0162326420004,30,0.6095238095238096,0.5026421465195767,0.9625619540730884,0.16825396825396827,0.6037735849056604,296.93566534318944,8.371142505125718
hybrid,naive,2,700.0162326420004,39,0.581465778316172,0.2413485316335482,1.1398696100868504,0.18534221683827984,0.5228758169934641,296.93566534318944,8.371142505125718
hybrid,naive,2,705.0162326420004,51,0.6734411085450347,0.2319999999999709,1.0202289805493479,0.17782909930715934,0.5818181818181818,296.93566534318944,8.371142505125718
hybrid,naive,2,710.0162326420004,36,0.5974632843791722,0.20293644350414297,0.7647999999999797,0.14419225634178906,0.5925925925925926,296.93566534318944,8.371142505125718
hybrid,naive,2,715.0162326420004,35,0.6347469220246238,0.21600000000000819,1.0445454656307733,0.18057455540355677,0.6060606060606061,296.93566534318944,8.371142505125718
hybrid,naive,2,720.0162326420004,37,0.6266318537859008,0.2311081083701083,1.0225962523336967,0.1919060052219321,0.7619047619047619,296.93566534318944,8.371142505125718
hybrid,naive,2,725.0162326420004,38,0.5640204865556978,0.21600000000000819,0.7746576445450103,0.18629961587708066,0.6597938144329897,296.93566534318944,8.371142505125718
hybrid,naive,2,730.0162326420004,47,0.6388888888888888,0.27200185028505075,0.9034440347024723,0.16818181818181818,0.6726726726726727,296.93566534318944,8.371142505125718
hybrid,naive,2,735.0162326420004,40,0.6597938144329897,0.20000000000004547,0.8517692037629694,0.22013341419041843,0.7052341597796143,296.93566534318944,8.371142505125718
hybrid,naive,2,740.0162326420004,18,0.64,0.2607681457533886,1.086676031733311,0.17,0.47058823529411764,296.93566534318944,8.371142505125718
hybrid,shield,0,0.0849914879961137,33,0.34285714285714286,0.7040898149723387,2.0075206115171995,0.0,nan,296.28939501833446,8.371142505125718
hybrid,shield,0,5.084991487996113,37,0.5573874445149017,0.5558557646918434,1.5509598289880764,0.0,nan,296.28939501833446,8.371142505125718
hybrid,shield,0,10.084991487996113,33,0.6505847953216374,0.2810607419086306,1.1609448773435609,0.0,nan,296.28939501833446,8.371142505125718
hybrid,shield,0,15.084991487996113,36,0.5860039241334205,0.3130636359634611,1.2006269349391177,0.0,nan,296.28939501833446,8.371142505125718
hybrid,shield,0,20.084991487996113,53,0.6672678088367899,0.2690401804161624,1.7994066326203941,0.0,nan,296.28939501833446,8.371142505125718
hybrid,shield,0,25.084991487996113,49,0.607970342910102,0.6799999999999997,2.393351137074218,0.0,nan,296.28939501833446,8.371142505125718
hybrid,shield,0,30.084991487996113,44,0.6277836691410392,0.41148353009508476,1.5553999157332112,0.0,nan,296.28939501833446,8.371142505125718
hybrid,shield,0,35.08499148799611,38,0.6720197652872143,0.24858911104187342,0.9513304549133194,0.0,nan,296.28939501833446,8.371142505125718
hybrid,shield,0,40.08499148799611,41,0.6592894583576004,0.3119999999999976,1.2466674830097388,0.0,nan,296.28939501833446,8.371142505125718
hybrid,shield,0,45.08499148799611,34,0.6162310866574966,0.2704874730738247,0.9829290547247345,0.0,nan,296.28939501833446,8.371142505125718
hybrid,shield,0,50.08499148799611,50,0.689784442361762,0.2685676418524814,1.2285074114918966,0.0,nan,296.28939501833446,8.371142505125718
hybrid,shield,0,55.08499148799611,44,0.5998896247240618,0.4814250180873252,1.9055407294489835,0.0,nan,296.28939501833446,8.371142505125718
hybrid,shield,0,60.08499148799611,50,0.6505910165484634,0.27565109034273405,1.328660408718661,0.0,nan,296.28939501833446,8.371142505125718
hybrid,shield,0,65.08499148799612,33,0.5788712011577424,0.2710592210083149,1.3575361140255915,0.0,nan,296.28939501833446,8.371142505125718
hybrid,shield,0,70.08499148799612,45,0.645656779661017,0.40453200276279233,1.6090185742075886,0.0,nan,296.28939501833446,8.371142505125718
hybrid,shield,0,75.08499148799612,38,0.6952076677316293,0.20194799041226474,0.7781150832005617,0.0,nan,296.28939501833446,8.371142505125718
hybrid,shield,0,80.08499148799612,46,0.6533945890760592,0.24800000000000466,1.0099787500492639,0.0,nan,296.28939501833446,8.371142505125718
hybrid,shield,0,85.08499148799612,36,0.6750164798945286,0.22026772820668583,1.8197148820593694,0.0,nan,296.28939501833446,8.371142505125718
hybrid,shield,0,90.08499148799612,35,0.6482106684672518,0.24800000000000466,1.1667776938552818,0.0,nan,296.28939501833446,8.371142505125718
hybrid,shield,0,95.08499148799612,36,0.595445411922304,0.24649649707043153,0.869133582512365,0.0,nan,296.28939501833446,8.371142505125718
hybrid,shield,0,100.08499148799612,43,0.6650300054555374,0.23199999999999932,1.0677108792151613,0.0,nan,296.28939501833446,8.371142505125718
hybrid,shield,0,105.08499148799612,38,0.6597938144329897,0.21524774111311018,0.9387276803398114,0.0,nan,296.28939501833446,8.371142505125718
hybrid,shield,0,110.08499148799612,31,0.6994535519125683,0.20000000000000284,0.9260060225522934,0.0,nan,296.28939501833446,8.371142505125718
hybrid,shield,0,115.08499148799612,41,0.6414112203585888,0.25281081866421573,1.1329348479634518,0.0,nan,296.28939501833446,8.371142505125718
hybrid,shield,0,120.08499148799612,43,0.6568144499178982,0.31891077765473597,1.0942896187347049,0.0,nan,296.28939501833446,8.371142505125718
hybrid,shield,0,125.08499148799612,39,0.6450824679291387,0.25136585274526624,0.8744247429662552,0.0,nan,296.28939501833446,8.371142505125718
hybrid,shield,0,130.08499148799612,42,0.6645856980703746,0.23345058641639582,0.8672536132623998,0.0,nan,296.28939501833446,8.371142505125718
hybrid,shield,0,135.08499148799612,38,0.5847133757961783,0.28815775110757613,1.2462263462030045,0.0,nan,296.28939501833446,8.371142505125718
hybrid,shield,0,140.08499148799612,33,0.6966292134831461,0.1950136695660376,0.6412019836710897,0.0,nan,296.28939501833446,8.371142505125718
hybrid,shield,0,145.08499148799612,40,0.6756598240469208,0.24287280820939827,1.2373238414717418,0.0,nan,296.28939501833446,8.371142505125718
hybrid,shield,0,150.08499148799612,33,0.6409155937052933,0.23199999999999932,0.9718877065662752,0.0,nan,296.28939501833446,8.371142505125718
hybrid,shield,0,155.08499148799612,47,0.6644569097399287,0.26400000000001,0.9804618251914115,0.0,nan,296.28939501833446,8.371142505125718
hybrid,shield,0,160.08499148799612,36,0.6475195822454308,0.24467963387762381,1.1657404750447098,0.0,nan,296.28939501833446,8.371142505125718
hybrid,shield,0,165.08499148799612,35,0.596537949400799,0.26400000000001,1.3376603438526022,0.0,nan,296.28939501833446,8.371142505125718
hybrid,shield,0,170.08499148799612,34,0.5749827228749136,0.28407440076237833,1.1290380745740778,0.0,nan,296.28939501833446,8.371142505125718
hybrid,shield,0,175.08499148799612,34,0.5256673511293635,0.2716658318646097,2.063154642950058,0.0,nan,296.28939501833446,8.371142505125718
hybrid,shield,0,180.08499148799612,50,0.6823087752229,0.26305655828416263,1.3555384241817008,0.0,nan,296.28939501833446,8.371142505125718
hybrid,shield,0,185.08499148799612,31,0.6609642301710731,0.2776065730408277,0.9618065746351332,0.0,nan,296.28939501833446,8.371142505125718
hybrid,shield,0,190.08499148799612,39,0.563887222555489,0.449659372857127,1.690940708222443,0.0,nan,296.28939501833446,8.371142505125718
hybrid,shield,0,195.08499148799612,44,0.6518478843063739,0.2846178164272146,1.163541921540512,0.0,nan,296.28939501833446,8.371142505125718
hybrid,shield,0,200.08499148799612,47,0.6236775818639798,0.41613442824902336,1.6453848963511322,0.0,nan,296.28939501833446,8.371142505125718
hybrid,shield,0,205.08499148799612,37,0.6489429852658553,0.2758511804743762,0.8904398332022925,0.0,nan,296.28939501833446,8.371142505125718
hybrid,shield,0,210.08499148799612,48,0.6129666011787819,0.32291753197024775,1.8435322088860824,0.0,nan,296.28939501833446,8.371142505125718
hybrid,shield,0,215.08499148799612,39,0.6026731470230863,0.2658891400508594,0.8404518946341885,0.0,nan,296.28939501833446,8.371142505125718
hybrid,shield,0,220.08499148799612,41,0.6948356807511737,0.23199999999999932,1.1424737895059658,0.0,nan,296.28939501833446,8.371142505125718
hybrid,shield,0,225.08499148799612,53,0.6515837104072398,0.3846099586399703,1.4457087150713637,0.0,nan,296.28939501833446,8.371142505125718
hybrid,shield,0,230.08499148799612,55,0.645877829987185,0.6771933149173606,1.8414590868576155,0.0,nan,296.28939501833446,8.371142505125718
hybrid,shield,0,235.08499148799612,48,0.6532687651331719,0.5835418455182406,1.3166742932160325,0.0,nan,296.28939501833446,8.371142505125718
hybrid,shield,0,240.08499148799612,34,0.5513439007580979,0.3928887453190413,1.4369384919928547,0.0,nan,296.28939501833446,8.371142505125718
hybrid,shield,0,245.08499148799612,45,0.64,0.2531332983020036,0.9390289884193639,0.0,nan,296.28939501833446,8.371142505125718
hybrid,shield,0,250.08499148799612,42,0.6624449339207048,0.2504626803379466,1.1067349116838059,0.0,nan,296.28939501833446,8.371142505125718
hybrid,shield,0,255.08499148799612,45,0.6666666666666666,0.2989133859784374,1.2623085488480528,0.0,nan,296.28939501833446,8.371142505125718
hybrid,shield,0,260.08499148799615,56,0.6679438058748404,0.26846198446051517,1.2300164609198365,0.0,nan,296.28939501833446,8.371142505125718
hybrid,shield,0,265.08499148799615,32,0.6550703182827535,0.26527270854637663,0.8854583335834998,0.0,nan,296.28939501833446,8.371142505125718
hybrid,shield,0,270.08499148799615,43,0.5758582502768549,0.5813257822302376,1.6510526993132055,0.0,nan,296.28939501833446,8.371142505125718
hybrid,shield,0,275.08499148799615,49,0.6623251326579837,0.2914763102028246,1.165356143053861,0.0,nan,296.28939501833446,8.371142505125718
hybrid,shield,0,280.08499148799615,38,0.5771144278606966,0.5471192186508631,1.5328820001025847,0.0,nan,296.28939501833446,8.371142505125718
hybrid,shield,0,285.08499148799615,47,0.6787377133988619,0.29461421053019876,1.3268311450667953,0.0,nan,296.28939501833446,8.371142505125718
hybrid,shield,0,290.08499148799615,35,0.6062246278755075,0.24799999999999045,1.1831744944420095,0.0,nan,296.28939501833446,8.371142505125718
hybrid,shield,0,295.08499148799615,41,0.6768257619321449,0.25702082947907456,0.8785420490802497,0.023576768257619323,0.0,296.28939501833446,8.371142505125718
hybrid,shield,0,300.08499148799615,36,0.5691699604743083,0.471503660878966,0.9770251118104168,0.15678524374176547,0.2689075630252101,296.28939501833446,8.371142505125718
hybrid,shield,0,305.08499148799615,39,0.6274509803921569,0.23759197329019344,0.8658539389457334,0.1133578431372549,0.34594594594594597,296.28939501833446,8.371142505125718
hybrid,shield,0,310.08499148799615,43,0.6545853926414058,0.24799999999999045,0.950974524970361,0.23338824821526633,0.6776470588235294,296.28939501833446,8.371142505125718
hybrid,shield,0,315.08499148799615,34,0.6418338108882522,0.19005552006751714,0.8860407125313533,0.22134670487106017,0.6213592233009708,296.28939501833446,8.371142505125718
hybrid,shield,0,320.08499148799615,43,0.6428571428571429,0.21600000000000819,0.7667089252320705,0.16517857142857142,0.6486486486486487,296.28939501833446,8.371142505125718
hybrid,shield,0,325.08499148799615,54,0.703835860838537,0.24571885622674472,0.9690990320013655,0.16458519179304193,0.7046070460704607,296.28939501833446,8.371142505125718
hybrid,shield,0,330.08499148799615,33,0.5977011494252874,0.23200000000002774,0.8511609823206118,0.21264367816091953,0.43243243243243246,296.28939501833446,8.371142505125718
hybrid,shield,0,335.08499148799615,40,0.5568862275449101,0.26400000000001,1.0421455128290051,0.1473053892215569,0.6178861788617886,296.28939501833446,8.371142505125718
hybrid,shield,0,340.08499148799615,44,0.618657937806874,0.30837263022326056,0.903434336238808,0.16039279869067102,0.6530612244897959,296.28939501833446,8.371142505125718
hybrid,shield,0,345.08499148799615,36,0.6273615635179153,0.24227757205247258,0.8276415833265787,0.2026058631921824,0.662379421221865,296.28939501833446,8.371142505125718
hybrid,shield,0,350.08499148799615,47,0.6576668364747835,0.2538206919169852,0.9334548573397262,0.1726948548140601,0.6607669616519174,296.28939501833446,8.371142505125718
hybrid,shield,0,355.08499148799615,40,0.6359832635983264,0.21041594174204192,1.0473651471912335,0.13389121338912133,0.42857142857142855,296.28939501833446,8.371142505125718
hybrid,shield,0,360.08499148799615,33,0.6462882096069869,0.21029459387409588,0.6806400000000258,0.16011644832605532,0.6,296.28939501833446,8.371142505125718
hybrid,shield,0,365.08499148799615,29,0.5656565656565656,0.22178327493122652,0.7599999999999909,0.16498316498316498,0.6530612244897959,296.28939501833446,8.371142505125718
hybrid,shield,0,370.08499148799615,41,0.6446907817969662,0.20972145986689839,1.0270239501493734,0.19603267211201866,0.43154761904761907,296.28939501833446,8.371142505125718
hybrid,shield,0,375.08499148799615,43,0.6831460674157304,0.21600000000000819,1.0120415002939318,0.13707865168539327,0.6557377049180327,296.28939501833446,8.371142505125718
hybrid,shield,0,380.08499148799615,42,0.5850415512465375,0.24994393864298559,0.9651816623067492,0.20941828254847644,0.6772486772486772,296.28939501833446,8.371142505125718
hybrid,shield,0,385.08499148799615,35,0.6111869031377899,0.2048277399682661,1.0198613301867283,0.22373806275579808,0.7804878048780488,296.28939501833446,8.371142505125718
hybrid,shield,0,390.08499148799615,57,0.6655504395144412,0.24048262070340343,1.3452261815563131,0.23315194642109668,0.6140035906642729,296.28939501833446,8.371142505125718
hybrid,shield,0,395.08499148799615,39,0.6514392991239049,0.19999999999998863,0.8242450035924569,0.12640801001251564,0.7178217821782178,296.28939501833446,8.371142505125718
hybrid,shield,0,400.08499148799615,29,0.5339805825242718,0.23200000000002774,0.7235200000000032,0.16828478964401294,0.40384615384615385,296.28939501833446,8.371142505125718
hybrid,shield,0,405.08499148799615,39,0.6699507389162561,0.218588196471444,1.0271679416638537,0.14963054187192118,0.6584362139917695,296.28939501833446,8.371142505125718
hybrid,shield,0,410.08499148799615,35,0.5648336727766463,0.3688685560107956,0.8335109971173481,0.19959266802443992,0.54421768707483,296.28939501833446,8.371142505125718
hybrid,shield,0,415.08499148799615,38,0.6522292993630573,0.19304970817472622,0.7846951400667109,0.20445859872611466,0.6978193146417445,296.28939501833446,8.371142505125718
hybrid,shield,0,420.08499148799615,36,0.623237071860309,0.19200000000000728,0.9972858842455392,0.18670248488918736,0.5755395683453237,296.28939501833446,8.371142505125718
hybrid,shield,0,425.08499148799615,44,0.70995670995671,0.22080291591271362,0.8734869715905695,0.2002164502164502,0.6918918918918919,296.28939501833446,8.371142505125718
hybrid,shield,0,430.08499148799615,37,0.6213592233009708,0.2308579894374816,0.8615428192156469,0.2226537216828479,0.7441860465116279,296.28939501833446,8.371142505125718
hybrid,shield,0,435.08499148799615,44,0.6996155958264689,0.20273760283976117,0.7659731697505936,0.16474464579901152,0.7466666666666667,296.28939501833446,8.371142505125718
hybrid,shield,0,440.08499148799615,52,0.6848816029143898,0.22703684898920073,0.8994363181976883,0.22540983606557377,0.7757575757575758,296.28939501833446,8.371142505125718
hybrid,shield,0,445.08499148799615,37,0.5996252342286071,0.27062887912325095,0.8728590461901695,0.2198625858838226,0.6363636363636364,296.28939501833446,8.371142505125718
hybrid,shield,0,450.08499148799615,37,0.5960179833012202,0.2433739545726894,0.8966524886001003,0.15350032113037893,0.6694560669456067,296.28939501833446,8.371142505125718
hybrid,shield,0,455.08499148799615,42,0.6126126126126126,0.2611737356555466,0.9519738809110637,0.2072072072072072,0.6956521739130435,296.28939501833446,8.371142505125718
hybrid,shield,0,460.08499148799615,47,0.6302136317395728,0.2558198619890959,1.2552014845376136,0.17293997965412003,0.5411764705882353,296.28939501833446,8.371142505125718
hybrid,shield,0,465.08499148799615,38,0.6880152187698161,0.20029943333798883,0.9323720104463873,0.19023462270133165,0.64,296.28939501833446,8.371142505125718
hybrid,shield,0,470.08499148799615,42,0.6566230812961911,0.24464624357611342,0.8057073196321388,0.17623649801023308,0.6193548387096774,296.28939501833446,8.371142505125718
hybrid,shield,0,475.08499148799615,46,0.6200917899031106,0.2887020477757858,1.5665033374248987,0.2345741968383478,0.6956521739130435,296.28939501833446,8.371142505125718
hybrid,shield,0,480.08499148799615,46,0.6751054852320675,0.23685068316072488,0.745918225551031,0.17774261603375527,0.47477744807121663,296.28939501833446,8.371142505125718
hybrid,shield,0,485.08499148799615,39,0.6725329981143935,0.21600000000000819,0.9971259733267379,0.1552482715273413,0.5789473684210527,296.28939501833446,8.371142505125718
hybrid,shield,0,490.08499148799615,29,0.5490196078431373,0.23200000000002774,0.7548196730860854,0.14705882352941177,0.35555555555555557,296.28939501833446,8.371142505125718
hybrid,shield,0,495.08499148799615,35,0.6391184573002755,0.19999999999998863,0.7596800000000097,0.17079889807162535,0.5161290322580645,296.28939501833446,8.371142505125718
hybrid,shield,0,500.08499148799615,33,0.6941431670281996,0.19565690518311385,1.38733404613778,0.1648590021691974,0.8421052631578947,296.28939501833446,8.371142505125718
hybrid,shield,0,505.08499148799615,38,0.6024539877300613,0.23722565128898054,0.764160000000017,0.1668711656441718,0.5882352941176471,296.28939501833446,8.371142505125718
hybrid,shield,0,510.08499148799615,38,0.5689760882893931,0.2420468500915547,0.9150280456344775,0.1741263028816677,0.676056338028169,296.28939501833446,8.371142505125718
hybrid,shield,0,515.0849914879961,49,0.6730401529636711,0.2739061510800411,1.277352878955903,0.24139579349904397,0.7603960396039604,296.28939501833446,8.371142505125718
hybrid,shield,0,520.0849914879961,48,0.6475814412635735,0.3590438677442762,1.3655522609909976,0.18904244817374136,0.6684073107049608,296.28939501833446,8.371142505125718
hybrid,shield,0,525.0849914879961,42,0.6714285714285714,0.20000000000004547,0.7112000000000112,0.20457142857142857,0.8044692737430168,296.28939501833446,8.371142505125718
hybrid,shield,0,530.0849914879961,47,0.6990291262135923,0.2423559624464815,0.7519349765926517,0.20235053653551355,0.7272727272727273,296.28939501833446,8.371142505125718
hybrid,shield,0,535.0849914879961,46,0.6423666138404649,0.22958631174111588,1.5720245670384199,0.1716851558372953,0.6892307692307692,296.28939501833446,8.371142505125718
hybrid,shield,0,540.0849914879961,29,0.5861781848459617,0.21600000000000819,0.8319504638337866,0.17318900915903415,0.6153846153846154,296.28939501833446,8.371142505125718
hybrid,shield,0,545.0849914879961,45,0.6675378985886042,0.2319999999999709,0.8980106813876139,0.16100365917407214,0.5194805194805194,296.28939501833446,8.371142505125718
hybrid,shield,0,550.0849914879961,45,0.6240681576144835,0.2319999999999709,1.561131187730571,0.1597444089456869,0.5533333333333333,296.28939501833446,8.371142505125718
hybrid,shield,0,555.0849914879961,34,0.5812324929971989,0.26194628804603326,0.8574068829865837,0.14285714285714285,0.6274509803921569,296.28939501833446,8.371142505125718
hybrid,shield,0,560.0849914879961,37,0.6416558861578266,0.2247114784192945,0.8178419875170904,0.21992238033635186,0.6588235294117647,296.28939501833446,8.371142505125718
hybrid,shield,0,565.0849914879961,38,0.6121696373693916,0.2504594384635084,0.796880163799766,0.20467117393976644,0.6726726726726727,296.28939501833446,8.371142505125718
hybrid,shield,0,570.0849914879961,26,0.584870848708487,0.2036527540115003,0.7400000000000091,0.19649446494464945,0.431924882629108,296.28939501833446,8.371142505125718
hybrid,shield,0,575.0849914879961,40,0.6370149253731343,0.2530337568591108,0.925276261057071,0.14985074626865671,0.7649402390438247,296.28939501833446,8.371142505125718
hybrid,shield,0,580.0849914879961,39,0.6076555023923444,0.2340400078297762,0.8054200880901065,0.22966507177033493,0.5859375,296.28939501833446,8.371142505125718
hybrid,shield,0,585.0849914879961,47,0.6231514533401326,0.3399441099689966,1.471489896802841,0.17644059153493116,0.5549132947976878,296.28939501833446,8.371142505125718
hybrid,shield,0,590.0849914879961,36,0.49627118644067797,0.4269796822605372,1.1801746870062058,0.17220338983050848,0.3779527559055118,296.28939501833446,8.371142505125718
hybrid,shield,0,595.0849914879961,34,0.5942857142857143,0.18399999999996908,0.8094753171105971,0.2357142857142857,0.6787878787878788,296.28939501833446,8.371142505125718
hybrid,shield,0,600.0849914879961,39,0.6266173752310537,0.2370849118544811,0.8463006611758918,0.2002464571780653,0.6892307692307692,296.28939501833446,8.371142505125718
hybrid,shield,0,605.0849914879961,37,0.6215344938749194,0.2462676348811783,0.8842169877202333,0.1824629271437782,0.6784452296819788,296.28939501833446,8.371142505125718
hybrid,shield,0,610.0849914879961,40,0.6579881656804734,0.21457631265690225,1.1512817946779919,0.16745562130177516,0.5653710247349824,296.28939501833446,8.371142505125718
hybrid,shield,0,615.0849914879961,44,0.6491228070175439,0.21281975179795154,1.0017553100322345,0.20285087719298245,0.6918918918918919,296.28939501833446,8.371142505125718
hybrid,shield,0,620.0849914879961,47,0.6762442278091328,0.23768891154873018,0.9086026995201633,0.17085684966649564,0.6726726726726727,296.28939501833446,8.371142505125718
hybrid,shield,0,625.0849914879961,44,0.6692350027517887,0.19158496214475917,1.2992785805513303,0.1887727022564667,0.6530612244897959,296.28939501833446,8.371142505125718
hybrid,shield,0,630.0849914879961,46,0.6919831223628692,0.18399999999996908,0.9492013007812994,0.21729957805907174,0.6990291262135923,296.28939501833446,8.371142505125718
hybrid,shield,0,635.0849914879961,38,0.6586599241466498,0.19201631177764966,0.9461350437945253,0.12831858407079647,0.31527093596059114,296.28939501833446,8.371142505125718
hybrid,shield,0,640.0849914879961,42,0.5877044557247603,0.2480000000000473,1.3495408561926048,0.16187253243090807,0.6689895470383276,296.28939501833446,8.371142505125718
hybrid,shield,0,645.0849914879961,48,0.6678200692041523,0.24042487655697187,1.0142161878015605,0.18339100346020762,0.6711590296495957,296.28939501833446,8.371142505125718
hybrid,shield,0,650.0849914879961,33,0.5814627081824765,0.2236383384582723,0.7649492654796358,0.14337436640115858,0.5,296.28939501833446,8.371142505125718
hybrid,shield,0,655.0849914879961,41,0.6685584562996595,0.22223643969027762,0.7344000000000052,0.15096481271282633,0.7218045112781954,296.28939501833446,8.371142505125718
hybrid,shield,0,660.0849914879961,33,0.5216158752657689,0.26813561329379354,0.7657599999999775,0.15237420269312543,0.29767441860465116,296.28939501833446,8.371142505125718
hybrid,shield,0,665.0849914879961,39,0.6063569682151589,0.21600000000000819,1.168463636621622,0.2078239608801956,0.6588235294117647,296.28939501833446,8.371142505125718
hybrid,shield,0,670.0849914879961,31,0.6027178257394085,0.21600000000000819,1.3117589094251227,0.1342925659472422,0.5714285714285714,296.28939501833446,8.371142505125718
hybrid,shield,0,675.0849914879961,34,0.5850622406639004,0.2480000000000473,0.8028017989547721,0.14730290456431536,0.4507042253521127,296.28939501833446,8.371142505125718
hybrid,shield,0,680.0849914879961,43,0.5997776542523624,0.2584875339349537,1.19699968451441,0.2273485269594219,0.6039119804400978,296.28939501833446,8.371142505125718
hybrid,shield,0,685.0849914879961,44,0.6440022111663902,0.22516386820399248,1.2779648913153154,0.2045328911000553,0.6918918918918919,296.28939501833446,8.371142505125718
hybrid,shield,0,690.0849914879961,45,0.7106544077879935,0.2060471323014781,0.7228800000000275,0.1979448350459708,0.7650273224043715,296.28939501833446,8.371142505125718
hybrid,shield,0,695.0849914879961,48,0.661409561360276,0.22426988363338296,1.1495637002415804,0.19418432725480533,0.5964467005076142,296.28939501833446,8.371142505125718
hybrid,shield,0,700.0849914879961,43,0.5986659255141745,0.2553004155583949,0.9898317704988105,0.18232351306281266,0.5853658536585366,296.28939501833446,8.371142505125718
hybrid,shield,0,705.0849914879961,46,0.7208201892744479,0.2170327259630085,0.763346225864177,0.21451104100946372,0.7058823529411765,296.28939501833446,8.371142505125718
hybrid,shield,0,710.0849914879961,42,0.6644219977553311,0.23940507905984987,0.7481174015324835,0.19023569023569023,0.7551622418879056,296.28939501833446,8.371142505125718
hybrid,shield,0,715.0849914879961,37,0.6419354838709678,0.20000000000004547,1.1384464288397615,0.16580645161290322,0.622568093385214,296.28939501833446,8.371142505125718
hybrid,shield,0,720.0849914879961,46,0.7008501594048884,0.19754076627890527,1.008348509862941,0.15356004250797026,0.698961937716263,296.28939501833446,8.371142505125718
hybrid,shield,0,725.0849914879961,33,0.6135693215339233,0.21600000000000819,0.9958209783686606,0.1696165191740413,0.5565217391304348,296.28939501833446,8.371142505125718
hybrid,shield,0,730.0849914879961,47,0.6622381195707716,0.20886210452420073,1.1144414892437338,0.2406745017884517,0.5774946921443737,296.28939501833446,8.371142505125718
hybrid,shield,0,735.0849914879961,37,0.6074168797953964,0.2480000000000473,1.8814622660160696,0.13682864450127877,0.7476635514018691,296.28939501833446,8.371142505125718
hybrid,shield,0,740.0849914879961,5,0.7960199004975125,0.16800000000000637,0.19936000000004242,0.21890547263681592,0.7272727272727273,296.28939501833446,8.371142505125718
hybrid,shield,1,0.13412862829656735,33,0.3924963924963925,0.7750210517037202,1.7661667010736755,0.0,nan,301.3564596279388,8.371142505125718
hybrid,shield,1,5.134128628296567,37,0.6530612244897959,0.30873510383882774,1.062590694213906,0.0,nan,301.3564596279388,8.371142505125718
hybrid,shield,1,10.134128628296567,46,0.6349614395886889,0.2710014413936115,0.9540955706409414,0.0,nan,301.3564596279388,8.371142505125718
hybrid,shield,1,15.134128628296567,40,0.6846199880311191,0.24015811452317237,0.9684699752257858,0.0,nan,301.3564596279388,8.371142505125718
hybrid,shield,1,20.134128628296565,42,0.5778781038374717,0.35902377413341036,1.5476163499813955,0.0,nan,301.3564596279388,8.371142505125718
hybrid,shield,1,25.134128628296565,31,0.6336633663366337,0.3059559245511636,1.1145216731256327,0.0,nan,301.3564596279388,8.371142505125718
hybrid,shield,1,30.134128628296565,32,0.6292217327459618,0.25389217630565497,0.8098257796784865,0.0,nan,301.3564596279388,8.371142505125718
hybrid,shield,1,35.134128628296565,38,0.6462962962962963,0.2523649223670361,1.328656276228419,0.0,nan,301.3564596279388,8.371142505125718
hybrid,shield,1,40.134128628296565,25,0.5454545454545454,0.21496314335812627,0.7753778305566987,0.0,nan,301.3564596279388,8.371142505125718
hybrid,shield,1,45.134128628296565,28,0.5619765494137353,0.3570120158738703,0.8440708055938598,0.0,nan,301.3564596279388,8.371142505125718
hybrid,shield,1,50.134128628296565,39,0.6505507955936353,0.26722383895614144,0.9106080676200716,0.0,nan,301.3564596279388,8.371142505125718
hybrid,shield,1,55.134128628296565,39,0.6791995148574894,0.23893373045277855,1.024715153047781,0.0,nan,301.3564596279388,8.371142505125718
hybrid,shield,1,60.134128628296565,45,0.6508364813815435,0.20897232479176608,0.818598748677502,0.0,nan,301.3564596279388,8.371142505125718
hybrid,shield,1,65.13412862829657,40,0.61193148257531,0.32849535773515015,1.147692881573481,0.0,nan,301.3564596279388,8.371142505125718
hybrid,shield,1,70.13412862829657,37,0.6177215189873417,0.32180530737579716,1.5408111401803848,0.0,nan,301.3564596279388,8.371142505125718
hybrid,shield,1,75.13412862829657,49,0.6453628063431043,0.27506402761252957,0.9771137156756833,0.0,nan,301.3564596279388,8.371142505125718
hybrid,shield,1,80.13412862829657,51,0.6525581395348837,0.5526104658519415,1.7433014480727351,0.0,nan,301.3564596279388,8.371142505125718
hybrid,shield,1,85.13412862829657,38,0.6706700379266751,0.22432314871316805,0.7673491571170639,0.0,nan,301.3564596279388,8.371142505125718
hybrid,shield,1,90.13412862829657,41,0.6582203889216264,0.25978944385353486,1.277068772478669,0.0,nan,301.3564596279388,8.371142505125718
hybrid,shield,1,95.13412862829657,44,0.6416122004357299,0.24399031648061964,1.0607084672879241,0.0,nan,301.3564596279388,8.371142505125718
hybrid,shield,1,100.13412862829657,39,0.6728509585652442,0.2259126446471953,1.217114683762417,0.0,nan,301.3564596279388,8.371142505125718
hybrid,shield,1,105.13412862829657,35,0.5902503293807642,0.2777197687027808,1.4174182718348234,0.0,nan,301.3564596279388,8.371142505125718
hybrid,shield,1,110.13412862829657,28,0.5647058823529412,0.25913005265116595,1.160179041237211,0.0,nan,301.3564596279388,8.371142505125718
hybrid,shield,1,115.13412862829657,40,0.6629802095459837,0.25494665893246093,1.0398135767370607,0.0,nan,301.3564596279388,8.371142505125718
hybrid,shield,1,120.13412862829657,47,0.6690464048954615,0.3122515094769369,0.9250556111802833,0.0,nan,301.3564596279388,8.371142505125718
hybrid,shield,1,125.13412862829657,52,0.6513427401001366,0.322012953558108,1.3807975542239708,0.0,nan,301.3564596279388,8.371142505125718
hybrid,shield,1,130.13412862829657,39,0.6751361161524501,0.2581516375946933,1.0086783611635084,0.0,nan,301.3564596279388,8.371142505125718
hybrid,shield,1,135.13412862829657,40,0.5693950177935944,0.26644401003224516,1.1304218427359938,0.0,nan,301.3564596279388,8.371142505125718
hybrid,shield,1,140.13412862829657,43,0.5820812465219811,0.556019715038957,1.2535478547380035,0.0,nan,301.3564596279388,8.371142505125718
hybrid,shield,1,145.13412862829657,39,0.612590799031477,0.28439478126733775,1.9281469508356508,0.0,nan,301.3564596279388,8.371142505125718
hybrid,shield,1,150.13412862829657,44,0.6101238556812062,0.4499487200119603,1.5091132051063894,0.0,nan,301.3564596279388,8.371142505125718
hybrid,shield,1,155.13412862829657,43,0.7038917089678511,0.23709574645960174,1.2722366600040498,0.0,nan,301.3564596279388,8.371142505125718
hybrid,shield,1,160.13412862829657,36,0.654169360051713,0.21919909434396345,1.2968524189578672,0.0,nan,301.3564596279388,8.371142505125718
hybrid,shield,1,165.13412862829657,36,0.6318572372769332,0.2336296842509995,0.7583084301700097,0.0,nan,301.3564596279388,8.371142505125718
hybrid,shield,1,170.13412862829657,37,0.6286836935166994,0.24799999999999045,0.84496510413563,0.0,nan,301.3564596279388,8.371142505125718
hybrid,shield,1,175.13412862829657,45,0.6147455867082036,0.2841655370445153,0.8882379926332307,0.0,nan,301.3564596279388,8.371142505125718
hybrid,shield,1,180.13412862829657,46,0.6644602851323829,0.27334534070368477,1.2710287265420672,0.0,nan,301.3564596279388,8.371142505125718
hybrid,shield,1,185.13412862829657,35,0.49463806970509383,0.6710179415783557,1.982673729394069,0.0,nan,301.3564596279388,8.371142505125718
hybrid,shield,1,190.13412862829657,47,0.6757164404223228,0.25110109159999183,1.7113528594978975,0.0,nan,301.3564596279388,8.371142505125718
hybrid,shield,1,195.13412862829657,39,0.6324891908585547,0.2339773443985962,1.4375296124786425,0.0,nan,301.3564596279388,8.371142505125718
hybrid,shield,1,200.13412862829657,34,0.6338912133891214,0.2627129650155524,0.9555026034070302,0.0,nan,301.3564596279388,8.371142505125718
hybrid,shield,1,205.13412862829657,34,0.6638054363376252,0.22664634535141204,0.73729608182092,0.0,nan,301.3564596279388,8.371142505125718
hybrid,shield,1,210.13412862829657,34,0.6215827338129496,0.2590136217270498,1.0491029427163727,0.0,nan,301.3564596279388,8.371142505125718
hybrid,shield,1,215.13412862829657,35,0.6029609690444145,0.22366958176820617,0.7684678102006892,0.0,nan,301.3564596279388,8.371142505125718
hybrid,shield,1,220.13412862829657,30,0.5467860048820179,0.37757739772597176,1.036007185859704,0.0,nan,301.3564596279388,8.371142505125718
hybrid,shield,1,225.13412862829657,34,0.6350106307583274,0.24581076091254772,1.1556076314408976,0.0,nan,301.3564596279388,8.371142505125718
hybrid,shield,1,230.13412862829657,45,0.646684350132626,0.29028443562611983,1.1542561160491376,0.0,nan,301.3564596279388,8.371142505125718
hybrid,shield,1,235.13412862829657,45,0.6313581541688515,0.26400000000001,1.3324112606899667,0.0,nan,301.3564596279388,8.371142505125718
hybrid,shield,1,240.13412862829657,35,0.6079088471849866,0.5999999999999943,1.3477166296246517,0.0,nan,301.3564596279388,8.371142505125718
hybrid,shield,1,245.13412862829657,36,0.6051587301587301,0.30503357074843507,1.3648581655448582,0.0,nan,301.3564596279388,8.371142505125718
hybrid,shield,1,250.13412862829657,42,0.6367254121660034,0.19571995675451603,1.3902545403282796,0.0,nan,301.3564596279388,8.371142505125718
hybrid,shield,1,255.13412862829657,39,0.6164960866947622,0.3023475676569376,1.6124004423504328,0.0,nan,301.3564596279388,8.371142505125718
hybrid,shield,1,260.1341286282966,33,0.654014598540146,0.21600000000000819,0.9208019154228964,0.0,nan,301.3564596279388,8.371142505125718
hybrid,shield,1,265.1341286282966,33,0.7110460863204097,0.16800000000000637,0.8510608421625762,0.0,nan,301.3564596279388,8.371142505125718
hybrid,shield,1,270.1341286282966,42,0.6556064073226545,0.23860858161739884,0.995346127273443,0.0,nan,301.3564596279388,8.371142505125718
hybrid,shield,1,275.1341286282966,38,0.6448189762796505,0.5637896943565295,0.9875187023337094,0.0,nan,301.3564596279388,8.371142505125718
hybrid,shield,1,280.1341286282966,38,0.64,0.2517306210805259,0.9966722062710837,0.0,nan,301.3564596279388,8.371142505125718
hybrid,shield,1,285.1341286282966,39,0.5228519195612431,0.6159999999999854,2.067403089622038,0.0,nan,301.3564596279388,8.371142505125718
hybrid,shield,1,290.1341286282966,51,0.6770098730606487,0.4235271442317412,1.4745072663887981,0.0,nan,301.3564596279388,8.371142505125718
hybrid,shield,1,295.1341286282966,47,0.6487582361885453,0.36842305240077167,1.2851495118886724,0.0,nan,301.3564596279388,8.371142505125718
hybrid,shield,1,300.1341286282966,44,0.6428571428571429,0.21751472288960372,0.9472110789758318,0.025081788440567066,0.0,301.3564596279388,8.371142505125718
hybrid,shield,1,305.1341286282966,38,0.6250787649653434,0.26400000000001,1.929403827608003,0.07813484562066793,0.25806451612903225,301.3564596279388,8.371142505125718
hybrid,shield,1,310.1341286282966,31,0.5981380915438325,0.19354734882756475,0.7406578701290243,0.13421256788207914,0.3699421965317919,301.3564596279388,8.371142505125718
hybrid,shield,1,315.1341286282966,36,0.628552544613351,0.22538367042406549,0.8407011300645107,0.16655651024454726,0.43253968253968256,301.3564596279388,8.371142505125718
hybrid,shield,1,320.1341286282966,33,0.6114327062228654,0.19999999999998863,0.7467153111999641,0.14616497829232997,0.6336633663366337,301.3564596279388,8.371142505125718
hybrid,shield,1,325.1341286282966,45,0.6353187042842215,0.21447187428361758,1.2295910893134288,0.13061650992685475,0.64,301.3564596279388,8.371142505125718
hybrid,shield,1,330.1341286282966,33,0.660280029476787,0.18400000000002592,0.738880000000022,0.1864406779661017,0.6324110671936759,301.3564596279388,8.371142505125718
hybrid,shield,1,335.1341286282966,33,0.5468861846814602,0.24799999999999045,1.080313883353383,0.15461703650680028,0.4444444444444444,301.3564596279388,8.371142505125718
hybrid,shield,1,340.1341286282966,28,0.6635354397950469,0.19200000000000728,0.7383999999999953,0.14005123825789922,0.5853658536585366,301.3564596279388,8.371142505125718
hybrid,shield,1,345.1341286282966,44,0.6148541114058356,0.22980959248440058,0.8340698943356051,0.15649867374005305,0.5559322033898305,301.3564596279388,8.371142505125718
hybrid,shield,1,350.1341286282966,44,0.6930157011369789,0.21981961492613777,0.988465234883031,0.20411478072550082,0.7639257294429708,301.3564596279388,8.371142505125718
hybrid,shield,1,355.1341286282966,33,0.631430584918957,0.23425673635813382,0.7860160056271047,0.1846370683579986,0.732824427480916,301.3564596279388,8.371142505125718
hybrid,shield,1,360.1341286282966,43,0.5972222222222222,0.27053834041134905,0.863047403605327,0.18,0.691358024691358,301.3564596279388,8.371142505125718
hybrid,shield,1,365.1341286282966,40,0.6632835820895523,0.20890674256659736,0.7813733908687049,0.22567164179104476,0.7619047619047619,301.3564596279388,8.371142505125718
hybrid,shield,1,370.1341286282966,45,0.6707774798927614,0.22103266109684228,1.0325087793081051,0.2477211796246649,0.7445887445887446,301.3564596279388,8.371142505125718
hybrid,shield,1,375.1341286282966,45,0.6206538661131292,0.2562768326139917,0.9844892239827527,0.12973533990659056,0.512,301.3564596279388,8.371142505125718
hybrid,shield,1,380.1341286282966,43,0.6663013698630137,0.24799999999999045,1.0306133884972006,0.23945205479452056,0.8054919908466819,301.3564596279388,8.371142505125718
hybrid,shield,1,385.1341286282966,58,0.6492753623188405,0.3714635684494283,1.4197198925920986,0.17349896480331262,0.6109785202863962,301.3564596279388,8.371142505125718
hybrid,shield,1,390.1341286282966,42,0.6757990867579908,0.2062275566720757,1.540546828978117,0.1415525114155251,0.6451612903225806,301.3564596279388,8.371142505125718
hybrid,shield,1,395.1341286282966,43,0.7068004459308808,0.21600000000000819,1.3830334382755345,0.1867335562987737,0.764179104477612,301.3564596279388,8.371142505125718
hybrid,shield,1,400.1341286282966,39,0.5844076120319214,0.23200000000002774,1.2201488549156077,0.15224063842848373,0.6451612903225806,301.3564596279388,8.371142505125718
hybrid,shield,1,405.1341286282966,39,0.6384522370012092,0.19999999999998863,0.7638400000000172,0.1837968561064087,0.631578947368421,301.3564596279388,8.371142505125718
hybrid,shield,1,410.1341286282966,38,0.6271080574640849,0.24799999999999045,0.9897608302367794,0.18051217988757026,0.7439446366782007,301.3564596279388,8.371142505125718
hybrid,shield,1,415.1341286282966,44,0.6381405176967776,0.24529750697436725,0.7302865650764193,0.13259376650818805,0.6055776892430279,301.3564596279388,8.371142505125718
hybrid,shield,1,420.1341286282966,32,0.5391941391941392,0.32171778168569176,1.3542812600705716,0.18608058608058609,0.3779527559055118,301.3564596279388,8.371142505125718
hybrid,shield,1,425.1341286282966,37,0.5857795172863666,0.16800000000000637,0.9829905319638148,0.16177429876060012,0.592741935483871,301.3564596279388,8.371142505125718
hybrid,shield,1,430.1341286282966,39,0.6548192771084337,0.24799999999999045,0.778471925459215,0.1753012048192771,0.6597938144329897,301.3564596279388,8.371142505125718
hybrid,shield,1,435.1341286282966,40,0.5843596059113301,0.23200000000002774,0.8323949351904649,0.16687192118226601,0.5018450184501845,301.3564596279388,8.371142505125718
hybrid,shield,1,440.1341286282966,40,0.6877611940298507,0.23406354642060023,0.7274623444070186,0.10746268656716418,0.35555555555555557,301.3564596279388,8.371142505125718
hybrid,shield,1,445.1341286282966,41,0.6367896895137668,0.21277837662597676,0.9664742692969643,0.1259519625073228,0.44651162790697674,301.3564596279388,8.371142505125718
hybrid,shield,1,450.1341286282966,28,0.5666104553119731,0.22676427030185664,0.7544000000000148,0.2251264755480607,0.599250936329588,301.3564596279388,8.371142505125718
hybrid,shield,1,455.1341286282966,34,0.5621925509486999,0.21982662095425098,0.7654400000000163,0.1433591004919185,0.7843137254901961,301.3564596279388,8.371142505125718
hybrid,shield,1,460.1341286282966,41,0.66296079578701,0.20239610235125838,0.8227821417185284,0.16325336454066705,0.5734767025089605,301.3564596279388,8.371142505125718
hybrid,shield,1,465.1341286282966,49,0.64,0.2700699042773067,0.9808428362316606,0.18341463414634146,0.6808510638297872,301.3564596279388,8.371142505125718
hybrid,shield,1,470.1341286282966,39,0.5853658536585366,0.24799999999999045,0.8959449940677051,0.2048780487804878,0.6666666666666666,301.3564596279388,8.371142505125718
hybrid,shield,1,475.1341286282966,42,0.6512153759185981,0.23200000000002774,0.8474621023963234,0.16280384397964953,0.6666666666666666,301.3564596279388,8.371142505125718
hybrid,shield,1,480.1341286282966,49,0.625305324865657,0.30648151894274633,1.455399279884017,0.18172936003908158,0.6881720430107527,301.3564596279388,8.371142505125718
hybrid,shield,1,485.1341286282966,36,0.625,0.21600000000000819,0.8646071499860454,0.14322916666666666,0.5818181818181818,301.3564596279388,8.371142505125718
hybrid,shield,1,490.1341286282966,40,0.5804529201430274,0.2628678001792366,0.9639060332067578,0.2133492252681764,0.4860335195530726,301.3564596279388,8.371142505125718
hybrid,shield,1,495.1341286282966,42,0.6437571592210768,0.21604029440533168,0.9284388450844714,0.16380297823596793,0.6223776223776224,301.3564596279388,8.371142505125718
hybrid,shield,1,500.1341286282966,31,0.5876052027543994,0.24799999999999045,0.7616000000000098,0.1928079571537873,0.6349206349206349,301.3564596279388,8.371142505125718
hybrid,shield,1,505.1341286282966,48,0.6597938144329897,0.2453040146801584,1.0209221872413645,0.1644575355915562,0.6686567164179105,301.3564596279388,8.371142505125718
hybrid,shield,1,510.1341286282966,55,0.6647826086956522,0.2943505820646237,0.9481578590901018,0.24130434782608695,0.736936936936937,301.3564596279388,8.371142505125718
hybrid,shield,1,515.1341286282966,36,0.6861598440545809,0.21424577770500264,0.7757390047649778,0.18843404808317088,0.7724137931034483,301.3564596279388,8.371142505125718
hybrid,shield,1,520.1341286282966,51,0.6030358785648574,0.5839999999999463,1.205481562982925,0.21297148114075437,0.6220302375809935,301.3564596279388,8.371142505125718
hybrid,shield,1,525.1341286282966,36,0.6157793457344451,0.26400000000001,0.8947065657318658,0.13213598460551634,0.7766990291262136,301.3564596279388,8.371142505125718
hybrid,shield,1,530.1341286282966,45,0.6659597030752916,0.2319999999999709,0.7716976935679077,0.2200424178154825,0.7590361445783133,301.3564596279388,8.371142505125718
hybrid,shield,1,535.1341286282966,50,0.6494746895893028,0.21350900324989652,1.4336284445945622,0.20152817574021012,0.6445497630331753,301.3564596279388,8.371142505125718
hybrid,shield,1,540.1341286282966,49,0.649904214559387,0.26128132793883196,1.966771401950523,0.19013409961685823,0.6448362720403022,301.3564596279388,8.371142505125718
hybrid,shield,1,545.1341286282966,42,0.5961754780652418,0.2480000000000473,0.8962011969101319,0.18953880764904388,0.47477744807121663,301.3564596279388,8.371142505125718
hybrid,shield,1,550.1341286282966,32,0.5609573672400897,0.3444669640013558,1.7159412896144755,0.1286462228870606,0.5581395348837209,301.3564596279388,8.371142505125718
hybrid,shield,1,555.1341286282966,44,0.6967213114754098,0.19777315214798818,0.7934277280270601,0.18907103825136612,0.7398843930635838,301.3564596279388,8.371142505125718
hybrid,shield,1,560.1341286282966,50,0.7000486144871172,0.19511906282548352,1.0613479602150688,0.180359747204667,0.7762803234501348,301.3564596279388,8.371142505125718
hybrid,shield,1,565.1341286282966,33,0.6737692872887583,0.21600000000000819,0.834639194719266,0.12270389419544453,0.7664670658682635,301.3564596279388,8.371142505125718
hybrid,shield,1,570.1341286282966,36,0.5790500975927131,0.243946857602225,0.9663978998374712,0.1704619388418998,0.366412213740458,301.3564596279388,8.371142505125718
hybrid,shield,1,575.1341286282966,38,0.6875,0.18005813090098854,0.7887195275322081,0.18033854166666666,0.6931407942238267,301.3564596279388,8.371142505125718
hybrid,shield,1,580.1341286282966,42,0.7010022271714922,0.21639716553471544,0.8429468828447594,0.15868596881959912,0.6736842105263158,301.3564596279388,8.371142505125718
hybrid,shield,1,585.1341286282966,37,0.570516911295469,0.23636880902358826,0.8847454511329442,0.1557115507338864,0.6557377049180327,301.3564596279388,8.371142505125718
hybrid,shield,1,590.1341286282966,40,0.6269982238010657,0.26007605463809114,1.0928985513204348,0.21906453522794553,0.6162162162162163,301.3564596279388,8.371142505125718
hybrid,shield,1,595.1341286282966,50,0.6446043165467625,0.26178175295990513,1.0736144143417283,0.23261390887290168,0.7917525773195876,301.3564596279388,8.371142505125718
hybrid,shield,1,600.1341286282966,41,0.6758661186142102,0.19071608085994285,0.9901203665026972,0.24544920728126834,0.7655502392344498,301.3564596279388,8.371142505125718
hybrid,shield,1,605.1341286282966,34,0.6685878962536023,0.16800000000000637,0.7417895845827195,0.1729106628242075,0.5333333333333333,301.3564596279388,8.371142505125718
hybrid,shield,1,610.1341286282966,39,0.5832298136645963,0.21981374663459974,0.885325400447345,0.18571428571428572,0.6421404682274248,301.3564596279388,8.371142505125718
hybrid,shield,1,615.1341286282966,34,0.63268156424581,0.27091774267518076,0.7654399999999782,0.17737430167597765,0.6299212598425197,301.3564596279388,8.371142505125718
hybrid,shield,1,620.1341286282966,33,0.6768781911013858,0.18689836844191632,0.7235200000000032,0.21590080233406272,0.6486486486486487,301.3564596279388,8.371142505125718
hybrid,shield,1,625.1341286282966,41,0.6139534883720931,0.256553473150575,0.9594607719964192,0.18604651162790697,0.7,301.3564596279388,8.371142505125718
hybrid,shield,1,630.1341286282966,41,0.6415094339622641,0.17046867326394022,1.3797779108248056,0.17275943396226415,0.6552901023890785,301.3564596279388,8.371142505125718
hybrid,shield,1,635.1341286282966,55,0.6934984520123839,0.2266615458178194,1.4153441235122228,0.21141088014153028,0.6694560669456067,301.3564596279388,8.371142505125718
hybrid,shield,1,640.1341286282966,37,0.6561898652982682,0.2222358707145986,0.893341431396616,0.14624759461193074,0.8421052631578947,301.3564596279388,8.371142505125718
hybrid,shield,1,645.1341286282966,32,0.6587423312883436,0.16523984557488802,0.7759999999999536,0.20782208588957055,0.5719557195571956,301.3564596279388,8.371142505125718
hybrid,shield,1,650.1341286282966,42,0.5859943977591037,0.2586244643351847,1.1636993578017338,0.17198879551820728,0.6026058631921825,301.3564596279388,8.371142505125718
hybrid,shield,1,655.1341286282966,38,0.6270543615676359,0.2128136112966672,0.7321600000000138,0.17699115044247787,0.6857142857142857,301.3564596279388,8.371142505125718
hybrid,shield,1,660.1341286282966,46,0.7052793439261917,0.21900357490051192,0.7165997970841885,0.22450025627883136,0.6575342465753424,301.3564596279388,8.371142505125718
hybrid,shield,1,665.1341286282966,45,0.6168076109936576,0.34786179735067435,1.1278038370197878,0.22357293868921777,0.6619385342789598,301.3564596279388,8.371142505125718
hybrid,shield,1,670.1341286282966,39,0.6658739595719382,0.23991690725529224,0.824188372837293,0.1807372175980975,0.631578947368421,301.3564596279388,8.371142505125718
hybrid,shield,1,675.1341286282966,39,0.6108374384236454,0.22198088814332095,1.3163974431077272,0.20566502463054187,0.6706586826347305,301.3564596279388,8.371142505125718
hybrid,shield,1,680.1341286282966,33,0.6710050614605929,0.20389304988157164,0.7288285452947184,0.15835140997830802,0.730593607305936,301.3564596279388,8.371142505125718
hybrid,shield,1,685.1341286282966,43,0.6883618312189741,0.22457277879198045,0.83815765433962,0.2029784886927744,0.6956521739130435,301.3564596279388,8.371142505125718
hybrid,shield,1,690.1341286282966,44,0.6108165429480382,0.3080736941143982,0.9345577127039895,0.18504772004241782,0.7335243553008596,301.3564596279388,8.371142505125718
hybrid,shield,1,695.1341286282966,29,0.6613579212070411,0.1672002099680867,0.8254289946833204,0.16177703269069574,0.6787564766839378,301.3564596279388,8.371142505125718
hybrid,shield,1,700.1341286282966,38,0.592,0.24245906391684002,1.1140314138954672,0.24553846153846154,0.8020050125313283,301.3564596279388,8.371142505125718
hybrid,shield,1,705.1341286282966,33,0.5677603423680456,0.2702178703888194,1.3057656734681904,0.1840228245363766,0.6201550387596899,301.3564596279388,8.371142505125718
hybrid,shield,1,710.1341286282966,51,0.6686887540830612,0.2480000000000473,0.9316769095557902,0.15352309846010265,0.46504559270516715,301.3564596279388,8.371142505125718
hybrid,shield,1,715.1341286282966,43,0.6482606294864716,0.2570933301108198,0.8673095503554394,0.18663721700717836,0.6331360946745562,301.3564596279388,8.371142505125718
hybrid,shield,1,720.1341286282966,43,0.5926950747094631,0.270129224849029,1.051437386110299,0.14775871610403984,0.2958801498127341,301.3564596279388,8.371142505125718
hybrid,shield,1,725.1341286282966,36,0.6174318030605456,0.25404263120907444,0.9504799728730347,0.21823020625415834,0.6829268292682927,301.3564596279388,8.371142505125718
hybrid,shield,1,730.1341286282966,28,0.6422338568935427,0.17284739897917234,0.7396800000000076,0.17539267015706805,0.6368159203980099,301.3564596279388,8.371142505125718
hybrid,shield,1,735.1341286282966,39,0.6008610086100861,0.22281448580497454,0.8363923281570484,0.2035670356703567,0.5347432024169184,301.3564596279388,8.371142505125718
hybrid,shield,1,740.1341286282966,39,0.6258420085731782,0.22869624219720208,0.841686743797415,0.13778322106552357,0.5644444444444444,301.3564596279388,8.371142505125718
hybrid,shield,1,745.1341286282966,48,0.6153846153846154,0.25458612061339636,1.2389911817865928,0.16715976331360946,0.5663716814159292,301.3564596279388,8.371142505125718
hybrid,shield,1,750.1341286282966,33,0.60056258790436,0.5303424307712703,1.2295967661355736,0.19127988748241911,0.6397058823529411,301.3564596279388,8.371142505125718
hybrid,shield,2,0.01623264200049831,44,0.4978540772532189,0.7764783738687144,1.889146110074805,0.0,nan,296.93566534318944,8.371142505125718
hybrid,shield,2,5.016232642000499,34,0.6498599439775911,0.365358749003176,0.992305490211985,0.0,nan,296.93566534318944,8.371142505125718
hybrid,shield,2,10.0162326420005,48,0.6046742913973148,0.37621901937945257,1.336802969277335,0.0,nan,296.93566534318944,8.371142505125718
hybrid,shield,2,15.0162326420005,50,0.6862003780718336,0.4094694707486308,1.2508402374627108,0.0,nan,296.93566534318944,8.371142505125718
hybrid,shield,2,20.0162326420005,37,0.6423076923076924,0.235486716603738,0.7602588853628172,0.0,nan,296.93566534318944,8.371142505125718
hybrid,shield,2,25.0162326420005,41,0.6392045454545454,0.25835281672808463,1.5752729241987167,0.0,nan,296.93566534318944,8.371142505125718
hybrid,shield,2,30.0162326420005,41,0.6711764705882353,0.23651002326406,1.0441545969285901,0.0,nan,296.93566534318944,8.371142505125718
hybrid,shield,2,35.0162326420005,40,0.5963029218843172,0.2759652947856921,1.4510954751031728,0.0,nan,296.93566534318944,8.371142505125718
hybrid,shield,2,40.0162326420005,43,0.7090095131505316,0.35650633135237797,1.1247656957181147,0.0,nan,296.93566534318944,8.371142505125718
hybrid,shield,2,45.0162326420005,28,0.6546080964685616,0.21600000000000108,0.9609050214952637,0.0,nan,296.93566534318944,8.371142505125718
hybrid,shield,2,50.0162326420005,47,0.6879143294237634,0.21311197191455022,0.8330734870429494,0.0,nan,296.93566534318944,8.371142505125718
hybrid,shield,2,55.0162326420005,31,0.5873715124816447,0.27321349518828697,0.9543135610893427,0.0,nan,296.93566534318944,8.371142505125718
hybrid,shield,2,60.0162326420005,38,0.64,0.24426136635528906,1.4236182596279379,0.0,nan,296.93566534318944,8.371142505125718
hybrid,shield,2,65.0162326420005,42,0.5969125214408233,0.47149536493544986,1.3115732326859857,0.0,nan,296.93566534318944,8.371142505125718
hybrid,shield,2,70.0162326420005,39,0.6396341463414634,0.26714446280676896,1.5080620361775903,0.0,nan,296.93566534318944,8.371142505125718
hybrid,shield,2,75.0162326420005,39,0.6442953020134228,0.23199999999999932,1.4781960990908196,0.0,nan,296.93566534318944,8.371142505125718
hybrid,shield,2,80.0162326420005,36,0.605814739688979,0.23131585103963914,2.424527380597733,0.0,nan,296.93566534318944,8.371142505125718
hybrid,shield,2,85.0162326420005,50,0.6196642685851319,0.3990368071441779,1.435815065770089,0.0,nan,296.93566534318944,8.371142505125718
hybrid,shield,2,90.0162326420005,40,0.6108171663727219,0.3506069817639812,1.2847242758097666,0.0,nan,296.93566534318944,8.371142505125718
hybrid,shield,2,95.0162326420005,44,0.6162104133118625,0.2887260952976973,2.5357670184481735,0.0,nan,296.93566534318944,8.371142505125718
hybrid,shield,2,100.0162326420005,44,0.6602254428341385,0.2694937848955945,1.4296630736233293,0.0,nan,296.93566534318944,8.371142505125718
hybrid,shield,2,105.0162326420005,41,0.6968115942028985,0.23199999999999932,0.8591849386154252,0.0,nan,296.93566534318944,8.371142505125718
hybrid,shield,2,110.0162326420005,50,0.6836104513064133,0.2623327550797825,1.3358209891756057,0.0,nan,296.93566534318944,8.371142505125718
hybrid,shield,2,115.0162326420005,44,0.6763754045307443,0.3464063013187584,1.020802145704406,0.0,nan,296.93566534318944,8.371142505125718
hybrid,shield,2,120.0162326420005,40,0.6215420835785757,0.25823446247145654,0.9687257026432093,0.0,nan,296.93566534318944,8.371142505125718
hybrid,shield,2,125.0162326420005,46,0.6533055700156168,0.28584395995959255,0.8763373166971898,0.0,nan,296.93566534318944,8.371142505125718
hybrid,shield,2,130.0162326420005,29,0.6744186046511628,0.23806995336005343,0.8190758849613166,0.0,nan,296.93566534318944,8.371142505125718
hybrid,shield,2,135.0162326420005,41,0.6522481502561184,0.20984732108522053,1.3285908742501022,0.0,nan,296.93566534318944,8.371142505125718
hybrid,shield,2,140.0162326420005,60,0.6226185650587759,0.2841317322447168,2.989112616900202,0.0,nan,296.93566534318944,8.371142505125718
hybrid,shield,2,145.0162326420005,24,0.6484295845997974,0.2774666858562682,2.4694308137462606,0.0,nan,296.93566534318944,8.371142505125718
hybrid,shield,2,150.0162326420005,41,0.6817116060961314,0.2024838162039373,0.8794280191444956,0.0,nan,296.93566534318944,8.371142505125718
hybrid,shield,2,155.0162326420005,34,0.6744350282485876,0.2061200895924742,0.7462512861760401,0.0,nan,296.93566534318944,8.371142505125718
hybrid,shield,2,160.0162326420005,44,0.6264274061990212,0.35862867232954443,0.8795452751502928,0.0,nan,296.93566534318944,8.371142505125718
hybrid,shield,2,165.0162326420005,37,0.6213592233009708,0.2676536287088993,1.0784095105463065,0.0,nan,296.93566534318944,8.371142505125718
hybrid,shield,2,170.0162326420005,41,0.6713286713286714,0.2068915500856292,0.7568000000000098,0.0,nan,296.93566534318944,8.371142505125718
hybrid,shield,2,175.0162326420005,45,0.6715846994535519,0.23908516412782888,1.056276217210041,0.0,nan,296.93566534318944,8.371142505125718
hybrid,shield,2,180.0162326420005,35,0.5995962314939435,0.2951710676532855,1.0489168443728376,0.0,nan,296.93566534318944,8.371142505125718
hybrid,shield,2,185.0162326420005,46,0.6998982706002035,0.24471459970163778,1.359655551917889,0.0,nan,296.93566534318944,8.371142505125718
hybrid,shield,2,190.0162326420005,41,0.6460023174971031,0.2741547398512125,1.0629542294734735,0.0,nan,296.93566534318944,8.371142505125718
hybrid,shield,2,195.0162326420005,36,0.6644340254521098,0.20990230538288301,0.7681909699530733,0.0,nan,296.93566534318944,8.371142505125718
hybrid,shield,2,200.0162326420005,41,0.6538237011091652,0.23816776023625152,1.2742139511231874,0.0,nan,296.93566534318944,8.371142505125718
hybrid,shield,2,205.0162326420005,42,0.6150770988006853,0.42946747652761985,1.4242065168412168,0.0,nan,296.93566534318944,8.371142505125718
hybrid,shield,2,210.0162326420005,38,0.6331658291457286,0.24562804291360862,1.250698610242476,0.0,nan,296.93566534318944,8.371142505125718
hybrid,shield,2,215.0162326420005,44,0.6714522363335174,0.2216973942198024,1.544881903785103,0.0,nan,296.93566534318944,8.371142505125718
hybrid,shield,2,220.0162326420005,53,0.6720575022461814,0.37751129511460135,1.6521044456604057,0.0,nan,296.93566534318944,8.371142505125718
hybrid,shield,2,225.0162326420005,46,0.6230610134436402,0.39920443062116817,1.4780282763659585,0.0,nan,296.93566534318944,8.371142505125718
hybrid,shield,2,230.0162326420005,33,0.6132008516678495,0.2977779951539219,1.0868181432066035,0.0,nan,296.93566534318944,8.371142505125718
hybrid,shield,2,235.0162326420005,55,0.5618843683083512,0.7599999999999909,2.2519082871168825,0.0,nan,296.93566534318944,8.371142505125718
hybrid,shield,2,240.0162326420005,38,0.6683544303797468,0.2727539003174684,1.145209702618129,0.0,nan,296.93566534318944,8.371142505125718
hybrid,shield,2,245.0162326420005,48,0.6474133601205424,0.29310777497354934,1.2240185768224352,0.0,nan,296.93566534318944,8.371142505125718
hybrid,shield,2,250.0162326420005,35,0.63262508567512,0.22420075198635914,1.0429345212968544,0.0,nan,296.93566534318944,8.371142505125718
hybrid,shield,2,255.0162326420005,41,0.6479357798165137,0.22392777112520434,1.1437087823518142,0.0,nan,296.93566534318944,8.371142505125718
hybrid,shield,2,260.0162326420005,40,0.5683836589698046,0.3428758388311053,0.8390658803064867,0.0,nan,296.93566534318944,8.371142505125718
hybrid,shield,2,265.0162326420005,37,0.6131386861313869,0.23200000000002774,1.3612128558851078,0.0,nan,296.93566534318944,8.371142505125718
hybrid,shield,2,270.0162326420005,59,0.6844679983693437,0.40159722212382576,2.077429759272192,0.0,nan,296.93566534318944,8.371142505125718
hybrid,shield,2,275.0162326420005,35,0.5747820254862508,0.39200196511552576,1.8271356533571628,0.0,nan,296.93566534318944,8.371142505125718
hybrid,shield,2,280.0162326420005,32,0.6050420168067226,0.2186440649165604,1.1187756128126165,0.0,nan,296.93566534318944,8.371142505125718
hybrid,shield,2,285.0162326420005,30,0.6339144215530903,0.1909898691692149,0.7720545258243726,0.0,nan,296.93566534318944,8.371142505125718
hybrid,shield,2,290.0162326420005,47,0.6435394670688789,0.25074069494831974,1.4895100190480217,0.0,nan,296.93566534318944,8.371142505125718
hybrid,shield,2,295.0162326420005,35,0.6207366984993179,0.20764298409989124,1.4129883895826012,0.0,nan,296.93566534318944,8.371142505125718
hybrid,shield,2,300.0162326420005,38,0.6620689655172414,0.23352252392595574,0.9618208021616541,0.05078369905956113,0.0,296.93566534318944,8.371142505125718
hybrid,shield,2,305.0162326420005,47,0.6745501285347044,0.35614755827538147,1.3329437615984567,0.08586118251928021,0.5748502994011976,296.93566534318944,8.371142505125718
hybrid,shield,2,310.0162326420005,40,0.6039663461538461,0.21649969604379748,1.148979398193262,0.16165865384615385,0.35687732342007433,296.93566534318944,8.371142505125718
hybrid,shield,2,315.0162326420005,36,0.6754617414248021,0.21600000000000819,0.7746700000673229,0.19261213720316622,0.7671232876712328,296.93566534318944,8.371142505125718
hybrid,shield,2,320.0162326420005,32,0.6547884187082406,0.23773312402602187,0.7616748544549546,0.12546399406087602,0.5680473372781065,296.93566534318944,8.371142505125718
hybrid,shield,2,325.0162326420005,39,0.6629146919431279,0.23235657604550397,0.8278025528456154,0.21386255924170616,0.6204986149584487,296.93566534318944,8.371142505125718
hybrid,shield,2,330.0162326420005,44,0.6009771986970684,0.24576458911892018,0.7599914249334756,0.16503800217155265,0.631578947368421,296.93566534318944,8.371142505125718
hybrid,shield,2,335.0162326420005,51,0.6557823129251701,0.25792395405676416,1.0767456204687846,0.17868480725623584,0.5685279187817259,296.93566534318944,8.371142505125718
hybrid,shield,2,340.0162326420005,35,0.6145404663923183,0.22638122887417467,0.820129325285744,0.1646090534979424,0.6666666666666666,296.93566534318944,8.371142505125718
hybrid,shield,2,345.0162326420005,33,0.632183908045977,0.21098342617625576,0.8733016416704641,0.14511494252873564,0.6336633663366337,296.93566534318944,8.371142505125718
hybrid,shield,2,350.0162326420005,45,0.6741333333333334,0.21600000000000819,0.7063252476487677,0.1632,0.7320261437908496,296.93566534318944,8.371142505125718
hybrid,shield,2,355.0162326420005,48,0.6576846307385229,0.24979125292372828,1.2110267710402083,0.2220558882235529,0.6808988764044944,296.93566534318944,8.371142505125718
hybrid,shield,2,360.0162326420005,42,0.6270996640537514,0.2534991753105089,0.9180663418886506,0.16517357222844345,0.5423728813559322,296.93566534318944,8.371142505125718
hybrid,shield,2,365.0162326420005,38,0.6403881140084899,0.23710572970898625,0.7519470522407647,0.0818677986658581,0.23703703703703705,296.93566534318944,8.371142505125718
hybrid,shield,2,370.0162326420005,41,0.6403659233847913,0.26400000000001,1.0883336982869993,0.12750142938822184,0.5739910313901345,296.93566534318944,8.371142505125718
hybrid,shield,2,375.0162326420005,48,0.6955433149724587,0.24293100130617518,0.923301979309349,0.1887831747621432,0.6790450928381963,296.93566534318944,8.371142505125718
hybrid,shield,2,380.0162326420005,39,0.612183353437877,0.24799999999999045,0.7782632397090957,0.206875753920386,0.6530612244897959,296.93566534318944,8.371142505125718
hybrid,shield,2,385.0162326420005,35,0.5930706521739131,0.2441611098461749,1.1958473305389505,0.19361413043478262,0.7859649122807018,296.93566534318944,8.371142505125718
hybrid,shield,2,390.0162326420005,40,0.676343421865349,0.15798935158645122,0.7225599999999894,0.19641754169240272,0.8050314465408805,296.93566534318944,8.371142505125718
hybrid,shield,2,395.0162326420005,49,0.6564126833885471,0.25054928043402924,0.8755582169256103,0.18930430667297682,0.56,296.93566534318944,8.371142505125718
hybrid,shield,2,400.0162326420005,36,0.6636422553467272,0.23160381022128718,0.9348457094467562,0.19377835385612444,0.7491638795986622,296.93566534318944,8.371142505125718
hybrid,shield,2,405.0162326420005,58,0.6624541377904607,0.2384083368586971,1.7865142950887367,0.16021198532409295,0.5470737913486005,296.93566534318944,8.371142505125718
hybrid,shield,2,410.0162326420005,48,0.6835443037974683,0.20428291007874577,0.9270888323738473,0.20455696202531645,0.7920792079207921,296.93566534318944,8.371142505125718
hybrid,shield,2,415.0162326420005,35,0.6620734908136483,0.24799999999999045,0.8072540970689553,0.1646981627296588,0.5099601593625498,296.93566534318944,8.371142505125718
hybrid,shield,2,420.0162326420005,41,0.5971098265895953,0.2759392049749181,0.78259713614965,0.1976878612716763,0.5614035087719298,296.93566534318944,8.371142505125718
hybrid,shield,2,425.0162326420005,33,0.6398496240601503,0.17282541531159268,0.8058947521440017,0.1556390977443609,0.6183574879227053,296.93566534318944,8.371142505125718
hybrid,shield,2,430.0162326420005,37,0.6391752577319587,0.23200000000002774,1.0419716419542557,0.19072164948453607,0.7567567567567568,296.93566534318944,8.371142505125718
hybrid,shield,2,435.0162326420005,29,0.6509357200976403,0.21600000000000819,0.778375358072376,0.1383238405207486,0.5647058823529412,296.93566534318944,8.371142505125718
hybrid,shield,2,440.0162326420005,48,0.6416040100250626,0.2560000000000002,0.8111154044786798,0.17393483709273183,0.553314121037464,296.93566534318944,8.371142505125718
hybrid,shield,2,445.0162326420005,41,0.5181138585393904,0.42818556330894353,1.3331352320436285,0.12478435882691202,0.29493087557603687,296.93566534318944,8.371142505125718
hybrid,shield,2,450.0162326420005,49,0.6773883821411426,0.2374713725467359,0.7566308375366679,0.14498319731156986,0.5298013245033113,296.93566534318944,8.371142505125718
hybrid,shield,2,455.0162326420005,36,0.5992063492063492,0.24799999999999045,0.9093055455934745,0.210978835978836,0.7021943573667712,296.93566534318944,8.371142505125718
hybrid,shield,2,460.0162326420005,28,0.7051826677994902,0.18400000000002592,0.7827261204127666,0.17587085811384875,0.6183574879227053,296.93566534318944,8.371142505125718
hybrid,shield,2,465.0162326420005,42,0.6139240506329114,0.21446444791928343,1.09527581163459,0.23993095512082854,0.6906474820143885,296.93566534318944,8.371142505125718
hybrid,shield,2,470.0162326420005,47,0.6113837095191365,0.2946657043158325,1.3329099150243584,0.19234543670264967,0.5663265306122449,296.93566534318944,8.371142505125718
hybrid,shield,2,475.0162326420005,49,0.5985611510791367,0.24799999999999045,1.1684433594453407,0.15587529976019185,0.49230769230769234,296.93566534318944,8.371142505125718
hybrid,shield,2,480.0162326420005,34,0.6540055248618785,0.21803812240361253,1.1906659319441462,0.2562154696132597,0.7412398921832885,296.93566534318944,8.371142505125718
hybrid,shield,2,485.0162326420005,46,0.6466632177961718,0.30154533424789065,0.8870281069501287,0.1520951888256596,0.54421768707483,296.93566534318944,8.371142505125718
hybrid,shield,2,490.0162326420005,32,0.5988023952095808,0.23200000000002774,0.9310557819233597,0.19161676646706588,0.75,296.93566534318944,8.371142505125718
hybrid,shield,2,495.0162326420005,34,0.5683251576734408,0.2511333400455271,0.8606789024110129,0.21093202522775054,0.6378737541528239,296.93566534318944,8.371142505125718
hybrid,shield,2,500.0162326420005,39,0.6716325263811297,0.21600000000000819,0.8733389086586903,0.12414649286157665,0.5,296.93566534318944,8.371142505125718
hybrid,shield,2,505.0162326420005,38,0.6519546027742749,0.18400000000002592,0.7540800000000047,0.10781841109709962,0.3742690058479532,296.93566534318944,8.371142505125718
hybrid,shield,2,510.0162326420005,37,0.6066104990278678,0.26400000000001,0.8392410035177045,0.2287751134154245,0.6713881019830028,296.93566534318944,8.371142505125718
hybrid,shield,2,515.0162326420004,30,0.6962127316680097,0.1816462181066072,0.7766444515333922,0.16921837228041903,0.7619047619047619,296.93566534318944,8.371142505125718
hybrid,shield,2,520.0162326420004,40,0.6217008797653959,0.21600000000000819,0.8188316474728196,0.22639296187683283,0.6580310880829016,296.93566534318944,8.371142505125718
hybrid,shield,2,525.0162326420004,36,0.6294349540078844,0.24313048856879504,0.741546179517951,0.164257555847569,0.632,296.93566534318944,8.371142505125718
hybrid,shield,2,530.0162326420004,47,0.7150837988826816,0.18886094508150109,0.9122804429211373,0.1706449974606399,0.7619047619047619,296.93566534318944,8.371142505125718
hybrid,shield,2,535.0162326420004,41,0.573742047426258,0.23850207132386458,0.7812940529543084,0.24175824175824176,0.6889952153110048,296.93566534318944,8.371142505125718
hybrid,shield,2,540.0162326420004,51,0.6690374585111427,0.22496474681054224,0.8548538290174292,0.17591275486012328,0.6738544474393531,296.93566534318944,8.371142505125718
hybrid,shield,2,545.0162326420004,37,0.6543450064850843,0.25869336044570446,1.075199391556098,0.2146562905317769,0.7734138972809668,296.93566534318944,8.371142505125718
hybrid,shield,2,550.0162326420004,40,0.6972477064220184,0.19421005586872297,0.8488347766674473,0.15168195718654434,0.6451612903225806,296.93566534318944,8.371142505125718
hybrid,shield,2,555.0162326420004,39,0.624390243902439,0.2319999999999709,0.8731284899482963,0.1975609756097561,0.5925925925925926,296.93566534318944,8.371142505125718
hybrid,shield,2,560.0162326420004,52,0.6326714801444043,0.34855364757584084,1.989165047945852,0.17779783393501805,0.649746192893401,296.93566534318944,8.371142505125718
hybrid,shield,2,565.0162326420004,51,0.6719849835757861,0.27864469779569845,1.9928327413414877,0.1628343500703895,0.6455331412103746,296.93566534318944,8.371142505125718
hybrid,shield,2,570.0162326420004,35,0.5954514128187457,0.2480000000000473,0.9997114668858805,0.1474844934527912,0.5981308411214953,296.93566534318944,8.371142505125718
hybrid,shield,2,575.0162326420004,35,0.5574912891986062,0.2207649054337253,0.8180172448548656,0.1951219512195122,0.6857142857142857,296.93566534318944,8.371142505125718
hybrid,shield,2,580.0162326420004,38,0.6770025839793282,0.18508007936793547,0.7952657708815207,0.2222222222222222,0.6511627906976745,296.93566534318944,8.371142505125718
hybrid,shield,2,585.0162326420004,37,0.655150351887396,0.20811649264692278,1.1151422258440427,0.19001919385796545,0.7542087542087542,296.93566534318944,8.371142505125718
hybrid,shield,2,590.0162326420004,44,0.6915290356952584,0.2258822779797356,1.3156997677572952,0.2242940863079382,0.7600950118764845,296.93566534318944,8.371142505125718
hybrid,shield,2,595.0162326420004,41,0.6141868512110726,0.2319999999999709,1.3217798057262826,0.17128027681660898,0.6430976430976431,296.93566534318944,8.371142505125718
hybrid,shield,2,600.0162326420004,36,0.584573748308525,0.288496768307823,0.8596840783047468,0.23207036535859268,0.5597667638483965,296.93566534318944,8.371142505125718
hybrid,shield,2,605.0162326420004,37,0.7373271889400922,0.17583594652455758,0.7024000000000025,0.14351547070441079,0.5871559633027523,296.93566534318944,8.371142505125718
hybrid,shield,2,610.0162326420004,40,0.6164383561643836,0.19753316726183812,0.7634616039573666,0.1917808219178082,0.6366459627329193,296.93566534318944,8.371142505125718
hybrid,shield,2,615.0162326420004,50,0.6896551724137931,0.20593815801692017,0.8922990408761061,0.17672413793103448,0.7804878048780488,296.93566534318944,8.371142505125718
hybrid,shield,2,620.0162326420004,33,0.5337200870195794,0.2319999999999709,0.8434944728402115,0.18056562726613487,0.5140562248995983,296.93566534318944,8.371142505125718
hybrid,shield,2,625.0162326420004,32,0.6566491359879789,0.18820232886503163,0.819918729316429,0.12321562734785875,0.7804878048780488,296.93566534318944,8.371142505125718
hybrid,shield,2,630.0162326420004,41,0.5975395430579965,0.2319999999999709,0.756799999999953,0.14294083186877563,0.6557377049180327,296.93566534318944,8.371142505125718
hybrid,shield,2,635.0162326420004,42,0.6316676024705222,0.2532022378135821,1.0702807182421643,0.21785513756316677,0.6597938144329897,296.93566534318944,8.371142505125718
hybrid,shield,2,640.0162326420004,50,0.6669824727617243,0.21307842761245865,1.0426685744332536,0.20416864045476077,0.7424593967517401,296.93566534318944,8.371142505125718
hybrid,shield,2,645.0162326420004,36,0.6593689632968448,0.2695613356229387,0.8884619424703655,0.2247263361236317,0.7335243553008596,296.93566534318944,8.371142505125718
hybrid,shield,2,650.0162326420004,47,0.6225366346639717,0.2402367189557708,0.8984012394680801,0.18999494694290045,0.5957446808510638,296.93566534318944,8.371142505125718
hybrid,shield,2,655.0162326420004,43,0.6567164179104478,0.23946539308735737,1.3022459082775564,0.1824212271973466,0.6787878787878788,296.93566534318944,8.371142505125718
hybrid,shield,2,660.0162326420004,34,0.6067415730337079,0.20959677860884085,0.7722445427206232,0.1797752808988764,0.5,296.93566534318944,8.371142505125718
hybrid,shield,2,665.0162326420004,30,0.640194489465154,0.18951627310292452,0.7732046924239819,0.12884927066450566,0.4025157232704403,296.93566534318944,8.371142505125718
hybrid,shield,2,670.0162326420004,38,0.6812773951158422,0.1883604419230096,0.7700799999999675,0.19098309329993737,0.6295081967213115,296.93566534318944,8.371142505125718
hybrid,shield,2,675.0162326420004,31,0.6732373009855952,0.21600000000000819,0.6357060870088048,0.15921152388172857,0.6619047619047619,296.93566534318944,8.371142505125718
hybrid,shield,2,680.0162326420004,31,0.5552123552123552,0.2480000000000473,0.8016543040920169,0.18841698841698842,0.6270491803278688,296.93566534318944,8.371142505125718
hybrid,shield,2,685.0162326420004,43,0.6845858475041141,0.2319999999999709,0.7764364419590606,0.1623697202413604,0.7567567567567568,296.93566534318944,8.371142505125718
hybrid,shield,2,690.0162326420004,44,0.6392818280739935,0.22124788585171018,1.4393694125976504,0.15995647442872687,0.7619047619047619,296.93566534318944,8.371142505125718
hybrid,shield,2,695.0162326420004,30,0.6682539682539682,0.22665421833147548,0.8088372482521983,0.17222222222222222,0.5898617511520737,296.93566534318944,8.371142505125718
hybrid,shield,2,700.0162326420004,39,0.5741974560872198,0.2618717620239295,0.8689216513913766,0.18473652331920049,0.5245901639344263,296.93566534318944,8.371142505125718
hybrid,shield,2,705.0162326420004,51,0.6355658198614319,0.266964715199947,0.9969576355516665,0.14595842956120092,0.7088607594936709,296.93566534318944,8.371142505125718
hybrid,shield,2,710.0162326420004,36,0.6622162883845126,0.20000000000004547,0.8398738478180687,0.18691588785046728,0.6857142857142857,296.93566534318944,8.371142505125718
hybrid,shield,2,715.0162326420004,35,0.612859097127223,0.21600000000000819,0.9760997906272871,0.19220246238030095,0.797153024911032,296.93566534318944,8.371142505125718
hybrid,shield,2,720.0162326420004,37,0.6827676240208878,0.18827651492358655,0.7382400000000007,0.1716710182767624,0.6083650190114068,296.93566534318944,8.371142505125718
hybrid,shield,2,725.0162326420004,38,0.5550576184379001,0.24129308675276206,0.7725815384882492,0.15364916773367476,0.4,296.93566534318944,8.371142505125718
hybrid,shield,2,730.0162326420004,47,0.6303030303030303,0.23165558168875577,1.109472533726566,0.2101010101010101,0.7692307692307693,296.93566534318944,8.371142505125718
hybrid,shield,2,735.0162326420004,40,0.6597938144329897,0.18330285137926694,1.099885709587655,0.15463917525773196,0.5019607843137255,296.93566534318944,8.371142505125718
hybrid,shield,2,740.0162326420004,18,0.68,0.2591521422763208,0.7457544768354045,0.1725,0.6956521739130435,296.93566534318944,8.371142505125718
hybrid,prewarm,0,0.0849914879961137,33,0.34285714285714286,0.7040898149723387,2.0075206115171995,0.0,nan,296.28939501833446,8.371142505125718
hybrid,prewarm,0,5.084991487996113,37,0.5573874445149017,0.5558557646918434,1.5509598289880764,0.0,nan,296.28939501833446,8.371142505125718
hybrid,prewarm,0,10.084991487996113,33,0.6505847953216374,0.2810607419086306,1.1609448773435609,0.0,nan,296.28939501833446,8.371142505125718
hybrid,prewarm,0,15.084991487996113,36,0.5860039241334205,0.3130636359634611,1.2006269349391177,0.0,nan,296.28939501833446,8.371142505125718
hybrid,prewarm,0,20.084991487996113,53,0.6672678088367899,0.2690401804161624,1.7994066326203941,0.0,nan,296.28939501833446,8.371142505125718
hybrid,prewarm,0,25.084991487996113,49,0.607970342910102,0.6799999999999997,2.393351137074218,0.0,nan,296.28939501833446,8.371142505125718
hybrid,prewarm,0,30.084991487996113,44,0.6277836691410392,0.41148353009508476,1.5553999157332112,0.0,nan,296.28939501833446,8.371142505125718
hybrid,prewarm,0,35.08499148799611,38,0.6720197652872143,0.24858911104187342,0.9513304549133194,0.0,nan,296.28939501833446,8.371142505125718
hybrid,prewarm,0,40.08499148799611,41,0.6592894583576004,0.3119999999999976,1.2466674830097388,0.0,nan,296.28939501833446,8.371142505125718
hybrid,prewarm,0,45.08499148799611,34,0.6162310866574966,0.2704874730738247,0.9829290547247345,0.0,nan,296.28939501833446,8.371142505125718
hybrid,prewarm,0,50.08499148799611,50,0.689784442361762,0.2685676418524814,1.2285074114918966,0.0,nan,296.28939501833446,8.371142505125718
hybrid,prewarm,0,55.08499148799611,44,0.5998896247240618,0.4814250180873252,1.9055407294489835,0.0,nan,296.28939501833446,8.371142505125718
hybrid,prewarm,0,60.08499148799611,50,0.6505910165484634,0.27565109034273405,1.328660408718661,0.0,nan,296.28939501833446,8.371142505125718
hybrid,prewarm,0,65.08499148799612,33,0.5788712011577424,0.2710592210083149,1.3575361140255915,0.0,nan,296.28939501833446,8.371142505125718
hybrid,prewarm,0,70.08499148799612,45,0.645656779661017,0.40453200276279233,1.6090185742075886,0.0,nan,296.28939501833446,8.371142505125718
hybrid,prewarm,0,75.08499148799612,38,0.6952076677316293,0.20194799041226474,0.7781150832005617,0.0,nan,296.28939501833446,8.371142505125718
hybrid,prewarm,0,80.08499148799612,46,0.6533945890760592,0.24800000000000466,1.0099787500492639,0.0,nan,296.28939501833446,8.371142505125718
hybrid,prewarm,0,85.08499148799612,36,0.6750164798945286,0.22026772820668583,1.8197148820593694,0.0,nan,296.28939501833446,8.371142505125718
hybrid,prewarm,0,90.08499148799612,35,0.6482106684672518,0.24800000000000466,1.1667776938552818,0.0,nan,296.28939501833446,8.371142505125718
hybrid,prewarm,0,95.08499148799612,36,0.595445411922304,0.24649649707043153,0.869133582512365,0.0,nan,296.28939501833446,8.371142505125718
hybrid,prewarm,0,100.08499148799612,43,0.6650300054555374,0.23199999999999932,1.0677108792151613,0.0,nan,296.28939501833446,8.371142505125718
hybrid,prewarm,0,105.08499148799612,38,0.6597938144329897,0.21524774111311018,0.9387276803398114,0.0,nan,296.28939501833446,8.371142505125718
hybrid,prewarm,0,110.08499148799612,31,0.6994535519125683,0.20000000000000284,0.9260060225522934,0.0,nan,296.28939501833446,8.371142505125718
hybrid,prewarm,0,115.08499148799612,41,0.6414112203585888,0.25281081866421573,1.1329348479634518,0.0,nan,296.28939501833446,8.371142505125718
hybrid,prewarm,0,120.08499148799612,43,0.6568144499178982,0.31891077765473597,1.0942896187347049,0.0,nan,296.28939501833446,8.371142505125718
hybrid,prewarm,0,125.08499148799612,39,0.6450824679291387,0.25136585274526624,0.8744247429662552,0.0,nan,296.28939501833446,8.371142505125718
hybrid,prewarm,0,130.08499148799612,42,0.6645856980703746,0.23345058641639582,0.8672536132623998,0.0,nan,296.28939501833446,8.371142505125718
hybrid,prewarm,0,135.08499148799612,38,0.5847133757961783,0.28815775110757613,1.2462263462030045,0.0,nan,296.28939501833446,8.371142505125718
hybrid,prewarm,0,140.08499148799612,33,0.6966292134831461,0.1950136695660376,0.6412019836710897,0.0,nan,296.28939501833446,8.371142505125718
hybrid,prewarm,0,145.08499148799612,40,0.6756598240469208,0.24287280820939827,1.2373238414717418,0.0,nan,296.28939501833446,8.371142505125718
hybrid,prewarm,0,150.08499148799612,33,0.6409155937052933,0.23199999999999932,0.9718877065662752,0.0,nan,296.28939501833446,8.371142505125718
hybrid,prewarm,0,155.08499148799612,47,0.6644569097399287,0.26400000000001,0.9804618251914115,0.0,nan,296.28939501833446,8.371142505125718
hybrid,prewarm,0,160.08499148799612,36,0.6475195822454308,0.24467963387762381,1.1657404750447098,0.0,nan,296.28939501833446,8.371142505125718
hybrid,prewarm,0,165.08499148799612,35,0.596537949400799,0.26400000000001,1.3376603438526022,0.0,nan,296.28939501833446,8.371142505125718
hybrid,prewarm,0,170.08499148799612,34,0.5749827228749136,0.28407440076237833,1.1290380745740778,0.0,nan,296.28939501833446,8.371142505125718
hybrid,prewarm,0,175.08499148799612,34,0.5256673511293635,0.2716658318646097,2.063154642950058,0.0,nan,296.28939501833446,8.371142505125718
hybrid,prewarm,0,180.08499148799612,50,0.6823087752229,0.26305655828416263,1.3555384241817008,0.0,nan,296.28939501833446,8.371142505125718
hybrid,prewarm,0,185.08499148799612,31,0.6609642301710731,0.2776065730408277,0.9618065746351332,0.0,nan,296.28939501833446,8.371142505125718
hybrid,prewarm,0,190.08499148799612,39,0.563887222555489,0.449659372857127,1.690940708222443,0.0,nan,296.28939501833446,8.371142505125718
hybrid,prewarm,0,195.08499148799612,44,0.6518478843063739,0.2846178164272146,1.163541921540512,0.0,nan,296.28939501833446,8.371142505125718
hybrid,prewarm,0,200.08499148799612,47,0.6236775818639798,0.41613442824902336,1.6453848963511322,0.0,nan,296.28939501833446,8.371142505125718
hybrid,prewarm,0,205.08499148799612,37,0.6489429852658553,0.2758511804743762,0.8904398332022925,0.0,nan,296.28939501833446,8.371142505125718
hybrid,prewarm,0,210.08499148799612,48,0.6129666011787819,0.32291753197024775,1.8435322088860824,0.0,nan,296.28939501833446,8.371142505125718
hybrid,prewarm,0,215.08499148799612,39,0.6026731470230863,0.2658891400508594,0.8404518946341885,0.0,nan,296.28939501833446,8.371142505125718
hybrid,prewarm,0,220.08499148799612,41,0.6948356807511737,0.23199999999999932,1.1424737895059658,0.0,nan,296.28939501833446,8.371142505125718
hybrid,prewarm,0,225.08499148799612,53,0.6515837104072398,0.3846099586399703,1.4457087150713637,0.0,nan,296.28939501833446,8.371142505125718
hybrid,prewarm,0,230.08499148799612,55,0.645877829987185,0.6771933149173606,1.8414590868576155,0.0,nan,296.28939501833446,8.371142505125718
hybrid,prewarm,0,235.08499148799612,48,0.6532687651331719,0.5835418455182406,1.3166742932160325,0.0,nan,296.28939501833446,8.371142505125718
hybrid,prewarm,0,240.08499148799612,34,0.5513439007580979,0.3928887453190413,1.4369384919928547,0.0,nan,296.28939501833446,8.371142505125718
hybrid,prewarm,0,245.08499148799612,45,0.64,0.2531332983020036,0.9390289884193639,0.0,nan,296.28939501833446,8.371142505125718
hybrid,prewarm,0,250.08499148799612,42,0.6624449339207048,0.2504626803379466,1.1067349116838059,0.0,nan,296.28939501833446,8.371142505125718
hybrid,prewarm,0,255.08499148799612,45,0.6666666666666666,0.2989133859784374,1.2623085488480528,0.0,nan,296.28939501833446,8.371142505125718
hybrid,prewarm,0,260.08499148799615,56,0.6679438058748404,0.26846198446051517,1.2300164609198365,0.0,nan,296.28939501833446,8.371142505125718
hybrid,prewarm,0,265.08499148799615,32,0.6550703182827535,0.26527270854637663,0.8854583335834998,0.0,nan,296.28939501833446,8.371142505125718
hybrid,prewarm,0,270.08499148799615,43,0.5758582502768549,0.5813257822302376,1.6510526993132055,0.0,nan,296.28939501833446,8.371142505125718
hybrid,prewarm,0,275.08499148799615,49,0.6623251326579837,0.2914763102028246,1.165356143053861,0.0,nan,296.28939501833446,8.371142505125718
hybrid,prewarm,0,280.08499148799615,38,0.5771144278606966,0.5471192186508631,1.5328820001025847,0.0,nan,296.28939501833446,8.371142505125718
hybrid,prewarm,0,285.08499148799615,47,0.6787377133988619,0.29461421053019876,1.3268311450667953,0.0,nan,296.28939501833446,8.371142505125718
hybrid,prewarm,0,290.08499148799615,35,0.6062246278755075,0.24799999999999045,1.1831744944420095,0.0,nan,296.28939501833446,8.371142505125718
hybrid,prewarm,0,295.08499148799615,41,0.6768257619321449,0.25894506744117507,0.8785420490802497,0.07648073605520414,0.7218045112781954,296.28939501833446,8.371142505125718
hybrid,prewarm,0,300.08499148799615,36,0.5902503293807642,0.24268875614339436,0.9114940208097095,0.2845849802371542,0.7407407407407407,296.28939501833446,8.371142505125718
hybrid,prewarm,0,305.08499148799615,39,0.6274509803921569,0.21600000000000819,0.93052765762539,0.1568627450980392,0.625,296.28939501833446,8.371142505125718
hybrid,prewarm,0,310.08499148799615,43,0.6123009335529929,0.26400000000001,0.7857188674015322,0.1526633717737507,0.6906474820143885,296.28939501833446,8.371142505125718
hybrid,prewarm,0,315.08499148799615,34,0.6876790830945558,0.18400000000002592,0.7643646449049015,0.1489971346704871,0.6153846153846154,296.28939501833446,8.371142505125718
hybrid,prewarm,0,320.08499148799615,43,0.6082589285714286,0.22439788722641651,1.9672444662547215,0.24330357142857142,0.7339449541284404,296.28939501833446,8.371142505125718
hybrid,prewarm,0,325.08499148799615,54,0.6851025869759143,0.25754208833245684,1.5586625020766995,0.2502230151650312,0.7415329768270945,296.28939501833446,8.371142505125718
hybrid,prewarm,0,330.08499148799615,33,0.5991379310344828,0.24799999999999045,0.8076409823205972,0.15445402298850575,0.44651162790697674,296.28939501833446,8.371142505125718
hybrid,prewarm,0,335.08499148799615,40,0.5976047904191617,0.31684542029643126,1.0201267843100437,0.19940119760479041,0.6726726726726727,296.28939501833446,8.371142505125718
hybrid,prewarm,0,340.08499148799615,44,0.6677577741407529,0.22129924915418542,0.843142529909531,0.24495362793235134,0.7817371937639198,296.28939501833446,8.371142505125718
hybrid,prewarm,0,345.08499148799615,36,0.6859934853420195,0.20468055388326434,0.7568351162217509,0.11140065146579804,0.7485380116959064,296.28939501833446,8.371142505125718
hybrid,prewarm,0,350.08499148799615,47,0.7009679062659195,0.1802017195241774,0.771147359422905,0.2475802343352012,0.7901234567901234,296.28939501833446,8.371142505125718
hybrid,prewarm,0,355.08499148799615,40,0.6312014345487149,0.2583679888209076,1.047536918357285,0.15540944411237298,0.6153846153846154,296.28939501833446,8.371142505125718
hybrid,prewarm,0,360.08499148799615,33,0.5589519650655022,0.2533976081186893,0.7337600000000156,0.1826783114992722,0.5099601593625498,296.28939501833446,8.371142505125718
hybrid,prewarm,0,365.08499148799615,29,0.5117845117845118,0.25811139228198954,0.7599999999999909,0.17424242424242425,0.463768115942029,296.28939501833446,8.371142505125718
hybrid,prewarm,0,370.08499148799615,41,0.6236872812135356,0.26188033164572744,1.0058385520328672,0.17444574095682613,0.6421404682274248,296.28939501833446,8.371142505125718
hybrid,prewarm,0,375.08499148799615,43,0.6808988764044944,0.21600000000000819,1.1524711138933013,0.20842696629213484,0.6900269541778976,296.28939501833446,8.371142505125718
hybrid,prewarm,0,380.08499148799615,42,0.6116343490304709,0.24641394069340095,0.8808567588523862,0.16620498614958448,0.6933333333333334,296.28939501833446,8.371142505125718
hybrid,prewarm,0,385.08499148799615,35,0.6111869031377899,0.20808685777114988,0.89314567835265,0.23328785811732605,0.7485380116959064,296.28939501833446,8.371142505125718
hybrid,prewarm,0,390.08499148799615,57,0.656341565508581,0.2430159629519153,1.7251571270134445,0.18417748011720386,0.5818181818181818,296.28939501833446,8.371142505125718
hybrid,prewarm,0,395.08499148799615,39,0.6714643304130162,0.19999999999998863,1.0580919163197824,0.20713391739674594,0.7734138972809668,296.28939501833446,8.371142505125718
hybrid,prewarm,0,400.08499148799615,29,0.5137540453074434,0.23200000000002774,0.9900733101610375,0.10841423948220065,0.0,296.28939501833446,8.371142505125718
hybrid,prewarm,0,405.08499148799615,39,0.5486453201970444,0.3120000000000118,0.8003853646084802,0.2025862068965517,0.5531914893617021,296.28939501833446,8.371142505125718
hybrid,prewarm,0,410.08499148799615,35,0.5865580448065173,0.2716492747361485,0.8346800122226657,0.19959266802443992,0.6530612244897959,296.28939501833446,8.371142505125718
hybrid,prewarm,0,415.08499148799615,38,0.6280254777070063,0.21046124549525302,0.8732971419439292,0.12611464968152866,0.6464646464646465,296.28939501833446,8.371142505125718
hybrid,prewarm,0,420.08499148799615,36,0.6118200134318335,0.2341775111147797,1.0912252749871354,0.20349227669576897,0.528052805280528,296.28939501833446,8.371142505125718
hybrid,prewarm,0,425.08499148799615,44,0.6520562770562771,0.21473473084381567,1.0413292237636846,0.21753246753246752,0.6368159203980099,296.28939501833446,8.371142505125718
hybrid,prewarm,0,430.08499148799615,37,0.570873786407767,0.2850922821156132,0.7837123822841204,0.1779935275080906,0.5818181818181818,296.28939501833446,8.371142505125718
hybrid,prewarm,0,435.08499148799615,44,0.685337726523888,0.22251112801041018,0.7051200000000051,0.21691378363536518,0.6481012658227848,296.28939501833446,8.371142505125718
hybrid,prewarm,0,440.08499148799615,52,0.6598360655737705,0.2500952788593054,0.964551633085784,0.18579234972677597,0.7058823529411765,296.28939501833446,8.371142505125718
hybrid,prewarm,0,445.08499148799615,37,0.6795752654590881,0.24799999999999045,0.9056066876343766,0.21673953778888194,0.7377521613832853,296.28939501833446,8.371142505125718
hybrid,prewarm,0,450.08499148799615,37,0.5343609505459217,0.24799999999999045,1.0269355847065686,0.15863840719332048,0.5182186234817814,296.28939501833446,8.371142505125718
hybrid,prewarm,0,455.08499148799615,42,0.6019144144144144,0.2820157091757096,1.3047704088903775,0.12105855855855856,0.5953488372093023,296.28939501833446,8.371142505125718
hybrid,prewarm,0,460.08499148799615,47,0.6098677517802645,0.2592242371655402,1.3127050147905435,0.237029501525941,0.6866952789699571,296.28939501833446,8.371142505125718
hybrid,prewarm,0,465.08499148799615,38,0.6696258719086874,0.2513373671213799,0.822998982784401,0.15789473684210525,0.642570281124498,296.28939501833446,8.371142505125718
hybrid,prewarm,0,470.08499148799615,42,0.6185332575326891,0.24799999999999045,0.7857322057253071,0.198408186469585,0.6418338108882522,296.28939501833446,8.371142505125718
hybrid,prewarm,0,475.08499148799615,46,0.5645079041305456,0.479946972100322,1.5118527208570551,0.2299847016828149,0.6385809312638581,296.28939501833446,8.371142505125718
hybrid,prewarm,0,480.08499148799615,46,0.669831223628692,0.21130468722529372,0.7672824632338006,0.17721518987341772,0.7619047619047619,296.28939501833446,8.371142505125718
hybrid,prewarm,0,485.08499148799615,39,0.6819610307982401,0.16800000000000637,0.8076463654896404,0.12947831552482716,0.6213592233009708,296.28939501833446,8.371142505125718
hybrid,prewarm,0,490.08499148799615,29,0.5490196078431373,0.23200000000002774,0.7395200000000227,0.14215686274509803,0.1839080459770115,296.28939501833446,8.371142505125718
hybrid,prewarm,0,495.08499148799615,35,0.6487603305785123,0.18927768669311718,0.7171200000000145,0.16873278236914602,0.6530612244897959,296.28939501833446,8.371142505125718
hybrid,prewarm,0,500.08499148799615,33,0.7404193781634129,0.16800000000000637,0.500055202093722,0.21258134490238612,0.7619047619047619,296.28939501833446,8.371142505125718
hybrid,prewarm,0,505.08499148799615,38,0.6049079754601226,0.2400000000000091,0.9695607461389802,0.20122699386503068,0.6829268292682927,296.28939501833446,8.371142505125718
hybrid,prewarm,0,510.08499148799615,38,0.5885959534028203,0.2480000000000473,0.9071679016900123,0.17351318209687308,0.45229681978798586,296.28939501833446,8.371142505125718
hybrid,prewarm,0,515.0849914879961,49,0.7088910133843213,0.2302884628998072,0.6951314098230066,0.21940726577437858,0.6971677559912854,296.28939501833446,8.371142505125718
hybrid,prewarm,0,520.0849914879961,48,0.7107601184600197,0.22668142182487827,0.7677837214006195,0.16584402764067127,0.7619047619047619,296.28939501833446,8.371142505125718
hybrid,prewarm,0,525.0849914879961,42,0.668,0.2233884457918407,0.6951999999999814,0.20914285714285713,0.7868852459016393,296.28939501833446,8.371142505125718
hybrid,prewarm,0,530.0849914879961,47,0.7000510986203372,0.21614042968553804,0.9427120560331603,0.17015840572304547,0.7687687687687688,296.28939501833446,8.371142505125718
hybrid,prewarm,0,535.0849914879961,46,0.6476492340200739,0.27878232041507545,1.4438811798855054,0.17591125198098256,0.6726726726726727,296.28939501833446,8.371142505125718
hybrid,prewarm,0,540.0849914879961,29,0.6661115736885929,0.17376132956508172,0.9266886197400933,0.14154870940882597,0.5647058823529412,296.28939501833446,8.371142505125718
hybrid,prewarm,0,545.0849914879961,45,0.6523784631468897,0.2319999999999709,0.9267626275306252,0.196549921589127,0.6808510638297872,296.28939501833446,8.371142505125718
hybrid,prewarm,0,550.0849914879961,45,0.6645367412140575,0.2319999999999709,1.1267718092593444,0.2007454739084132,0.7639257294429708,296.28939501833446,8.371142505125718
hybrid,prewarm,0,555.0849914879961,34,0.6274509803921569,0.23646184193569297,0.8999818203254896,0.17717086834733894,0.6324110671936759,296.28939501833446,8.371142505125718
hybrid,prewarm,0,560.0849914879961,37,0.5795601552393272,0.2480000000000473,0.9568943122099154,0.1390685640362225,0.5953488372093023,296.28939501833446,8.371142505125718
hybrid,prewarm,0,565.0849914879961,38,0.6232329440688383,0.2671602537718627,0.7556948359379214,0.19114935464044253,0.617363344051447,296.28939501833446,8.371142505125718
hybrid,prewarm,0,570.0849914879961,26,0.5461254612546126,0.21600000000000819,0.7279999999999518,0.1070110701107011,0.27586206896551724,296.28939501833446,8.371142505125718
hybrid,prewarm,0,575.0849914879961,40,0.5886567164179104,0.22399999999998954,1.1140148068618339,0.2262686567164179,0.7598944591029023,296.28939501833446,8.371142505125718
hybrid,prewarm,0,580.0849914879961,39,0.6154306220095693,0.2319999999999709,0.7577599999999528,0.18839712918660287,0.5079365079365079,296.28939501833446,8.371142505125718
hybrid,prewarm,0,585.0849914879961,47,0.6527281998980112,0.26815571704526064,1.4475651470384219,0.18306986231514533,0.6239554317548747,296.28939501833446,8.371142505125718
hybrid,prewarm,0,590.0849914879961,36,0.6508474576271186,0.19200000000000728,0.9126395820684419,0.168135593220339,0.7741935483870968,296.28939501833446,8.371142505125718
hybrid,prewarm,0,595.0849914879961,34,0.6857142857142857,0.18399999999996908,0.7416549614315682,0.17357142857142857,0.7901234567901234,296.28939501833446,8.371142505125718
hybrid,prewarm,0,600.0849914879961,39,0.6506469500924215,0.18698544881715407,0.7952793529078712,0.1860751694393099,0.5298013245033113,296.28939501833446,8.371142505125718
hybrid,prewarm,0,605.0849914879961,37,0.5950999355254675,0.26400000000001,0.9160726799805117,0.18052869116698905,0.5535714285714286,296.28939501833446,8.371142505125718
hybrid,prewarm,0,610.0849914879961,40,0.6520710059171597,0.21468116207171306,0.8670342615437994,0.1502958579881657,0.6299212598425197,296.28939501833446,8.371142505125718
hybrid,prewarm,0,615.0849914879961,44,0.6666666666666666,0.25148744602216766,1.5587922843020534,0.25877192982456143,0.7457627118644068,296.28939501833446,8.371142505125718
hybrid,prewarm,0,620.0849914879961,47,0.6090302719343252,0.25100958623465885,1.6559068974358975,0.18419702411493075,0.713091922005571,296.28939501833446,8.371142505125718
hybrid,prewarm,0,625.0849914879961,44,0.6829939460649422,0.22565145372328743,0.9802247548428376,0.18271876719867913,0.6746987951807228,296.28939501833446,8.371142505125718
hybrid,prewarm,0,630.0849914879961,46,0.6482067510548524,0.18399999999996908,1.2212934580942372,0.15348101265822786,0.5498281786941581,296.28939501833446,8.371142505125718
hybrid,prewarm,0,635.0849914879961,38,0.6270543615676359,0.2289445293372978,0.73808,0.22882427307206069,0.7071823204419889,296.28939501833446,8.371142505125718
hybrid,prewarm,0,640.0849914879961,42,0.613649182177101,0.24473242562498854,1.024609028411522,0.19684151156232374,0.6418338108882522,296.28939501833446,8.371142505125718
hybrid,prewarm,0,645.0849914879961,48,0.6870983687592684,0.23970557197270637,1.0380128618672064,0.20266930301532377,0.7804878048780488,296.28939501833446,8.371142505125718
hybrid,prewarm,0,650.0849914879961,33,0.5792903692976105,0.2480000000000473,0.877230221521545,0.2179580014482259,0.7441860465116279,296.28939501833446,8.371142505125718
hybrid,prewarm,0,655.0849914879961,41,0.6577752553916004,0.23864590851314915,0.7954722590526445,0.1855845629965948,0.6850152905198776,296.28939501833446,8.371142505125718
hybrid,prewarm,0,660.0849914879961,33,0.5910701630049611,0.24895361996334486,0.7388800000000038,0.18284904323175052,0.49612403100775193,296.28939501833446,8.371142505125718
hybrid,prewarm,0,665.0849914879961,39,0.60880195599022,0.21829465258247183,0.7699199999999677,0.2011002444987775,0.5501519756838906,296.28939501833446,8.371142505125718
hybrid,prewarm,0,670.0849914879961,31,0.6147082334132694,0.21600000000000819,0.75935639183092,0.1926458832933653,0.6141078838174274,296.28939501833446,8.371142505125718
hybrid,prewarm,0,675.0849914879961,34,0.6355463347164592,0.2398680079930955,0.8736671390234064,0.15352697095435686,0.43243243243243246,296.28939501833446,8.371142505125718
hybrid,prewarm,0,680.0849914879961,43,0.688715953307393,0.22527453512145712,0.8922832819720312,0.19010561423012784,0.6637426900584795,296.28939501833446,8.371142505125718
hybrid,prewarm,0,685.0849914879961,44,0.6467661691542289,0.2135234022579766,0.913713068302842,0.18076285240464346,0.6574923547400612,296.28939501833446,8.371142505125718
hybrid,prewarm,0,690.0849914879961,45,0.7111952406706328,0.19449097983192587,0.7938912891437578,0.12871822606814495,0.6848739495798319,296.28939501833446,8.371142505125718
hybrid,prewarm,0,695.0849914879961,48,0.6939379004435683,0.22034860469540263,0.7805929127882553,0.2449482503696402,0.7082494969818913,296.28939501833446,8.371142505125718
hybrid,prewarm,0,700.0849914879961,43,0.6008893829905503,0.26317893689861194,1.176500052483097,0.16675931072818231,0.64,296.28939501833446,8.371142505125718
hybrid,prewarm,0,705.0849914879961,46,0.7066246056782335,0.1728234313578696,0.8100967000183967,0.22712933753943218,0.6666666666666666,296.28939501833446,8.371142505125718
hybrid,prewarm,0,710.0849914879961,42,0.6565656565656566,0.22545817950600622,0.7383899129500069,0.16835016835016836,0.64,296.28939501833446,8.371142505125718
hybrid,prewarm,0,715.0849914879961,37,0.6193548387096774,0.22306084461877163,1.1953742402999117,0.18258064516129033,0.5653710247349824,296.28939501833446,8.371142505125718
hybrid,prewarm,0,720.0849914879961,46,0.7056323060573858,0.18667279972459028,0.7432619795298876,0.12858660998937302,0.6611570247933884,296.28939501833446,8.371142505125718
hybrid,prewarm,0,725.0849914879961,33,0.6371681415929203,0.20000000000004547,0.9547674365881766,0.18215339233038347,0.7773279352226721,296.28939501833446,8.371142505125718
hybrid,prewarm,0,730.0849914879961,47,0.6540623403168114,0.20577900730609144,0.837045261653045,0.1946857434849259,0.6719160104986877,296.28939501833446,8.371142505125718
hybrid,prewarm,0,735.0849914879961,37,0.6214833759590793,0.2319999999999709,1.0325684438734972,0.21611253196930946,0.6627218934911243,296.28939501833446,8.371142505125718
hybrid,prewarm,0,740.0849914879961,5,0.7960199004975125,0.16800000000000637,0.20237093223756347,0.21890547263681592,0.7272727272727273,296.28939501833446,8.371142505125718
hybrid,prewarm,1,0.13412862829656735,33,0.3924963924963925,0.7750210517037202,1.7661667010736755,0.0,nan,301.3564596279388,8.371142505125718
hybrid,prewarm,1,5.134128628296567,37,0.6530612244897959,0.30873510383882774,1.062590694213906,0.0,nan,301.3564596279388,8.371142505125718
hybrid,prewarm,1,10.134128628296567,46,0.6349614395886889,0.2710014413936115,0.9540955706409414,0.0,nan,301.3564596279388,8.371142505125718
hybrid,prewarm,1,15.134128628296567,40,0.6846199880311191,0.24015811452317237,0.9684699752257858,0.0,nan,301.3564596279388,8.371142505125718
hybrid,prewarm,1,20.134128628296565,42,0.5778781038374717,0.35902377413341036,1.5476163499813955,0.0,nan,301.3564596279388,8.371142505125718
hybrid,prewarm,1,25.134128628296565,31,0.6336633663366337,0.3059559245511636,1.1145216731256327,0.0,nan,301.3564596279388,8.371142505125718
hybrid,prewarm,1,30.134128628296565,32,0.6292217327459618,0.25389217630565497,0.8098257796784865,0.0,nan,301.3564596279388,8.371142505125718
hybrid,prewarm,1,35.134128628296565,38,0.6462962962962963,0.2523649223670361,1.328656276228419,0.0,nan,301.3564596279388,8.371142505125718
hybrid,prewarm,1,40.134128628296565,25,0.5454545454545454,0.21496314335812627,0.7753778305566987,0.0,nan,301.3564596279388,8.371142505125718
hybrid,prewarm,1,45.134128628296565,28,0.5619765494137353,0.3570120158738703,0.8440708055938598,0.0,nan,301.3564596279388,8.371142505125718
hybrid,prewarm,1,50.134128628296565,39,0.6505507955936353,0.26722383895614144,0.9106080676200716,0.0,nan,301.3564596279388,8.371142505125718
hybrid,prewarm,1,55.134128628296565,39,0.6791995148574894,0.23893373045277855,1.024715153047781,0.0,nan,301.3564596279388,8.371142505125718
hybrid,prewarm,1,60.134128628296565,45,0.6508364813815435,0.20897232479176608,0.818598748677502,0.0,nan,301.3564596279388,8.371142505125718
hybrid,prewarm,1,65.13412862829657,40,0.61193148257531,0.32849535773515015,1.147692881573481,0.0,nan,301.3564596279388,8.371142505125718
hybrid,prewarm,1,70.13412862829657,37,0.6177215189873417,0.32180530737579716,1.5408111401803848,0.0,nan,301.3564596279388,8.371142505125718
hybrid,prewarm,1,75.13412862829657,49,0.6453628063431043,0.27506402761252957,0.9771137156756833,0.0,nan,301.3564596279388,8.371142505125718
hybrid,prewarm,1,80.13412862829657,51,0.6525581395348837,0.5526104658519415,1.7433014480727351,0.0,nan,301.3564596279388,8.371142505125718
hybrid,prewarm,1,85.13412862829657,38,0.6706700379266751,0.22432314871316805,0.7673491571170639,0.0,nan,301.3564596279388,8.371142505125718
hybrid,prewarm,1,90.13412862829657,41,0.6582203889216264,0.25978944385353486,1.277068772478669,0.0,nan,301.3564596279388,8.371142505125718
hybrid,prewarm,1,95.13412862829657,44,0.6416122004357299,0.24399031648061964,1.0607084672879241,0.0,nan,301.3564596279388,8.371142505125718
hybrid,prewarm,1,100.13412862829657,39,0.6728509585652442,0.2259126446471953,1.217114683762417,0.0,nan,301.3564596279388,8.371142505125718
hybrid,prewarm,1,105.13412862829657,35,0.5902503293807642,0.2777197687027808,1.4174182718348234,0.0,nan,301.3564596279388,8.371142505125718
hybrid,prewarm,1,110.13412862829657,28,0.5647058823529412,0.25913005265116595,1.160179041237211,0.0,nan,301.3564596279388,8.371142505125718
hybrid,prewarm,1,115.13412862829657,40,0.6629802095459837,0.25494665893246093,1.0398135767370607,0.0,nan,301.3564596279388,8.371142505125718
hybrid,prewarm,1,120.13412862829657,47,0.6690464048954615,0.3122515094769369,0.9250556111802833,0.0,nan,301.3564596279388,8.371142505125718
hybrid,prewarm,1,125.13412862829657,52,0.6513427401001366,0.322012953558108,1.3807975542239708,0.0,nan,301.3564596279388,8.371142505125718
hybrid,prewarm,1,130.13412862829657,39,0.6751361161524501,0.2581516375946933,1.0086783611635084,0.0,nan,301.3564596279388,8.371142505125718
hybrid,prewarm,1,135.13412862829657,40,0.5693950177935944,0.26644401003224516,1.1304218427359938,0.0,nan,301.3564596279388,8.371142505125718
hybrid,prewarm,1,140.13412862829657,43,0.5820812465219811,0.556019715038957,1.2535478547380035,0.0,nan,301.3564596279388,8.371142505125718
hybrid,prewarm,1,145.13412862829657,39,0.612590799031477,0.28439478126733775,1.9281469508356508,0.0,nan,301.3564596279388,8.371142505125718
hybrid,prewarm,1,150.13412862829657,44,0.6101238556812062,0.4499487200119603,1.5091132051063894,0.0,nan,301.3564596279388,8.371142505125718
hybrid,prewarm,1,155.13412862829657,43,0.7038917089678511,0.23709574645960174,1.2722366600040498,0.0,nan,301.3564596279388,8.371142505125718
hybrid,prewarm,1,160.13412862829657,36,0.654169360051713,0.21919909434396345,1.2968524189578672,0.0,nan,301.3564596279388,8.371142505125718
hybrid,prewarm,1,165.13412862829657,36,0.6318572372769332,0.2336296842509995,0.7583084301700097,0.0,nan,301.3564596279388,8.371142505125718
hybrid,prewarm,1,170.13412862829657,37,0.6286836935166994,0.24799999999999045,0.84496510413563,0.0,nan,301.3564596279388,8.371142505125718
hybrid,prewarm,1,175.13412862829657,45,0.6147455867082036,0.2841655370445153,0.8882379926332307,0.0,nan,301.3564596279388,8.371142505125718
hybrid,prewarm,1,180.13412862829657,46,0.6644602851323829,0.27334534070368477,1.2710287265420672,0.0,nan,301.3564596279388,8.371142505125718
hybrid,prewarm,1,185.13412862829657,35,0.49463806970509383,0.6710179415783557,1.982673729394069,0.0,nan,301.3564596279388,8.371142505125718
hybrid,prewarm,1,190.13412862829657,47,0.6757164404223228,0.25110109159999183,1.7113528594978975,0.0,nan,301.3564596279388,8.371142505125718
hybrid,prewarm,1,195.13412862829657,39,0.6324891908585547,0.2339773443985962,1.4375296124786425,0.0,nan,301.3564596279388,8.371142505125718
hybrid,prewarm,1,200.13412862829657,34,0.6338912133891214,0.2627129650155524,0.9555026034070302,0.0,nan,301.3564596279388,8.371142505125718
hybrid,prewarm,1,205.13412862829657,34,0.6638054363376252,0.22664634535141204,0.73729608182092,0.0,nan,301.3564596279388,8.371142505125718
hybrid,prewarm,1,210.13412862829657,34,0.6215827338129496,0.2590136217270498,1.0491029427163727,0.0,nan,301.3564596279388,8.371142505125718
hybrid,prewarm,1,215.13412862829657,35,0.6029609690444145,0.22366958176820617,0.7684678102006892,0.0,nan,301.3564596279388,8.371142505125718
hybrid,prewarm,1,220.13412862829657,30,0.5467860048820179,0.37757739772597176,1.036007185859704,0.0,nan,301.3564596279388,8.371142505125718
hybrid,prewarm,1,225.13412862829657,34,0.6350106307583274,0.24581076091254772,1.1556076314408976,0.0,nan,301.3564596279388,8.371142505125718
hybrid,prewarm,1,230.13412862829657,45,0.646684350132626,0.29028443562611983,1.1542561160491376,0.0,nan,301.3564596279388,8.371142505125718
hybrid,prewarm,1,235.13412862829657,45,0.6313581541688515,0.26400000000001,1.3324112606899667,0.0,nan,301.3564596279388,8.371142505125718
hybrid,prewarm,1,240.13412862829657,35,0.6079088471849866,0.5999999999999943,1.3477166296246517,0.0,nan,301.3564596279388,8.371142505125718
hybrid,prewarm,1,245.13412862829657,36,0.6051587301587301,0.30503357074843507,1.3648581655448582,0.0,nan,301.3564596279388,8.371142505125718
hybrid,prewarm,1,250.13412862829657,42,0.6367254121660034,0.19571995675451603,1.3902545403282796,0.0,nan,301.3564596279388,8.371142505125718
hybrid,prewarm,1,255.13412862829657,39,0.6164960866947622,0.3023475676569376,1.6124004423504328,0.0,nan,301.3564596279388,8.371142505125718
hybrid,prewarm,1,260.1341286282966,33,0.654014598540146,0.21600000000000819,0.9208019154228964,0.0,nan,301.3564596279388,8.371142505125718
hybrid,prewarm,1,265.1341286282966,33,0.7110460863204097,0.16800000000000637,0.8510608421625762,0.0,nan,301.3564596279388,8.371142505125718
hybrid,prewarm,1,270.1341286282966,42,0.6556064073226545,0.23860858161739884,0.995346127273443,0.0,nan,301.3564596279388,8.371142505125718
hybrid,prewarm,1,275.1341286282966,38,0.6448189762796505,0.5637896943565295,0.9875187023337094,0.0,nan,301.3564596279388,8.371142505125718
hybrid,prewarm,1,280.1341286282966,38,0.64,0.2517306210805259,0.9966722062710837,0.0,nan,301.3564596279388,8.371142505125718
hybrid,prewarm,1,285.1341286282966,39,0.5228519195612431,0.6159999999999854,2.067403089622038,0.0,nan,301.3564596279388,8.371142505125718
hybrid,prewarm,1,290.1341286282966,51,0.6770098730606487,0.4235271442317412,1.4745072663887981,0.0,nan,301.3564596279388,8.371142505125718
hybrid,prewarm,1,295.1341286282966,47,0.6487582361885453,0.36842305240077167,1.2851495118886724,0.0,nan,301.3564596279388,8.371142505125718
hybrid,prewarm,1,300.1341286282966,44,0.6439476553980371,0.21367828324193283,0.899055804943576,0.07197382769901854,0.48484848484848486,301.3564596279388,8.371142505125718
hybrid,prewarm,1,305.1341286282966,38,0.665406427221172,0.2065498661118852,0.7570559932292834,0.1575299306868305,0.64,301.3564596279388,8.371142505125718
hybrid,prewarm,1,310.1341286282966,31,0.6314972847168348,0.19999999999998863,0.7814461029212963,0.16369278510473234,0.6872037914691943,301.3564596279388,8.371142505125718
hybrid,prewarm,1,315.1341286282966,36,0.651685393258427,0.21695520056780992,0.7928181336007952,0.19365499008592202,0.6552901023890785,301.3564596279388,8.371142505125718
hybrid,prewarm,1,320.1341286282966,33,0.6193921852387844,0.2050717329282179,0.7225079839199566,0.1150506512301013,0.8050314465408805,301.3564596279388,8.371142505125718
hybrid,prewarm,1,325.1341286282966,45,0.6462904911180773,0.22052136869933747,0.8419109389367306,0.1781609195402299,0.46920821114369504,301.3564596279388,8.371142505125718
hybrid,prewarm,1,330.1341286282966,33,0.606484893146647,0.23200000000002774,0.7708800000000042,0.2033898305084746,0.7789855072463768,301.3564596279388,8.371142505125718
hybrid,prewarm,1,335.1341286282966,33,0.5497494631352899,0.23200000000002774,0.9618986507838121,0.18539727988546886,0.6177606177606177,301.3564596279388,8.371142505125718
hybrid,prewarm,1,340.1341286282966,28,0.5969257045260461,0.2079999999999984,0.7634598524678734,0.14090520922288644,0.5818181818181818,301.3564596279388,8.371142505125718
hybrid,prewarm,1,345.1341286282966,44,0.623342175066313,0.23200000000002774,0.9688733839158875,0.20477453580901855,0.7461139896373057,301.3564596279388,8.371142505125718
hybrid,prewarm,1,350.1341286282966,44,0.6507850568489443,0.2442762543870458,0.9391219991211757,0.20682187330806714,0.6701570680628273,301.3564596279388,8.371142505125718
hybrid,prewarm,1,355.1341286282966,33,0.6116983791402396,0.23704408024178747,0.8249149226885083,0.15644820295983086,0.6981981981981982,301.3564596279388,8.371142505125718
hybrid,prewarm,1,360.1341286282966,43,0.5866666666666667,0.24799999999999045,0.9873395638978337,0.18722222222222223,0.47477744807121663,301.3564596279388,8.371142505125718
hybrid,prewarm,1,365.1341286282966,40,0.6298507462686567,0.2661041350606581,0.9796534925042691,0.17791044776119402,0.7516778523489933,301.3564596279388,8.371142505125718
hybrid,prewarm,1,370.1341286282966,45,0.6005361930294906,0.21600000000000819,1.7015694910389,0.1742627345844504,0.5907692307692308,301.3564596279388,8.371142505125718
hybrid,prewarm,1,375.1341286282966,45,0.6580176440062273,0.2729800829086457,1.0820414966393355,0.15620134924753504,0.7109634551495017,301.3564596279388,8.371142505125718
hybrid,prewarm,1,380.1341286282966,43,0.6147945205479453,0.25845909471149753,0.799566426612979,0.1578082191780822,0.4027777777777778,301.3564596279388,8.371142505125718
hybrid,prewarm,1,385.1341286282966,58,0.7022774327122153,0.2467013416047621,1.0919117664977624,0.210351966873706,0.7559055118110236,301.3564596279388,8.371142505125718
hybrid,prewarm,1,390.1341286282966,42,0.6575342465753424,0.2165028242946221,1.2444692698805397,0.2106164383561644,0.6937669376693767,301.3564596279388,8.371142505125718
hybrid,prewarm,1,395.1341286282966,43,0.6304347826086957,0.226179465107748,0.8606081125542209,0.22519509476031216,0.7128712871287128,301.3564596279388,8.371142505125718
hybrid,prewarm,1,400.1341286282966,39,0.6500920810313076,0.19574462737779186,0.8767273440881773,0.1731123388581952,0.7943262411347518,301.3564596279388,8.371142505125718
hybrid,prewarm,1,405.1341286282966,39,0.6154776299879081,0.2606758804166134,1.0291228503277272,0.2370012091898428,0.6530612244897959,301.3564596279388,8.371142505125718
hybrid,prewarm,1,410.1341286282966,38,0.5596502186133666,0.26400000000001,1.014042213390647,0.18238600874453467,0.571917808219178,301.3564596279388,8.371142505125718
hybrid,prewarm,1,415.1341286282966,44,0.659270998415214,0.24904109482616832,0.769120000000002,0.1664025356576862,0.6095238095238096,301.3564596279388,8.371142505125718
hybrid,prewarm,1,420.1341286282966,32,0.5641025641025641,0.2709442697978943,0.9560217773920285,0.15164835164835164,0.5555555555555556,301.3564596279388,8.371142505125718
hybrid,prewarm,1,425.1341286282966,37,0.6053489889106327,0.18400000000002592,0.7933457500515465,0.1415525114155251,0.4423963133640553,301.3564596279388,8.371142505125718
hybrid,prewarm,1,430.1341286282966,39,0.6265060240963856,0.25205057349819526,0.7540129625711199,0.18012048192771085,0.6421404682274248,301.3564596279388,8.371142505125718
hybrid,prewarm,1,435.1341286282966,40,0.5880541871921182,0.22884010610673045,0.8649733262182906,0.17672413793103448,0.5156794425087108,301.3564596279388,8.371142505125718
hybrid,prewarm,1,440.1341286282966,40,0.6023880597014926,0.24799999999999045,1.3823578859781411,0.16656716417910447,0.6881720430107527,301.3564596279388,8.371142505125718
hybrid,prewarm,1,445.1341286282966,41,0.6332747510251904,0.22022360647258665,0.9182254363110591,0.19097832454598712,0.5797546012269938,301.3564596279388,8.371142505125718
hybrid,prewarm,1,450.1341286282966,28,0.5480607082630692,0.23200000000002774,0.7689990510939964,0.10033726812816189,0.6218487394957983,301.3564596279388,8.371142505125718
hybrid,prewarm,1,455.1341286282966,34,0.5699226985242446,0.23940490455234453,0.7707200000000041,0.17779339423752635,0.25296442687747034,301.3564596279388,8.371142505125718
hybrid,prewarm,1,460.1341286282966,41,0.63662960795787,0.23200000000002774,0.8686228029802465,0.17320070216500877,0.7567567567567568,301.3564596279388,8.371142505125718
hybrid,prewarm,1,465.1341286282966,49,0.6151219512195122,0.2414787313606439,1.3115812249985057,0.2302439024390244,0.7457627118644068,301.3564596279388,8.371142505125718
hybrid,prewarm,1,470.1341286282966,39,0.624390243902439,0.2717014011493575,0.7824531702716752,0.17621951219512194,0.4429065743944637,301.3564596279388,8.371142505125718
hybrid,prewarm,1,475.1341286282966,42,0.6257772752967778,0.2695770559869288,0.9165466178843719,0.18485019785189372,0.6850152905198776,301.3564596279388,8.371142505125718
hybrid,prewarm,1,480.1341286282966,49,0.6878358573522227,0.2103480506093547,0.7033982984838985,0.15437225207620908,0.6075949367088608,301.3564596279388,8.371142505125718
hybrid,prewarm,1,485.1341286282966,36,0.5625,0.2400000000000091,1.211466794925002,0.1953125,0.5333333333333333,301.3564596279388,8.371142505125718
hybrid,prewarm,1,490.1341286282966,40,0.5911799761620977,0.2495609979856681,2.629852108789986,0.15554231227651966,0.6130268199233716,301.3564596279388,8.371142505125718
hybrid,prewarm,1,495.1341286282966,42,0.6597938144329897,0.17801162612627763,1.204807885670422,0.145475372279496,0.6299212598425197,301.3564596279388,8.371142505125718
hybrid,prewarm,1,500.1341286282966,31,0.5876052027543994,0.24620681872909245,0.9083100280640108,0.22570772762050498,0.6508474576271186,301.3564596279388,8.371142505125718
hybrid,prewarm,1,505.1341286282966,48,0.5822287677957781,0.5396282451038701,1.6127711715784103,0.18654884634266078,0.5894736842105263,301.3564596279388,8.371142505125718
hybrid,prewarm,1,510.1341286282966,55,0.7373913043478261,0.20753498070178011,1.319625299987797,0.2217391304347826,0.7529411764705882,301.3564596279388,8.371142505125718
hybrid,prewarm,1,515.1341286282966,36,0.6445743989603638,0.21600000000000819,0.8556148467612843,0.147498375568551,0.5638766519823789,301.3564596279388,8.371142505125718
hybrid,prewarm,1,520.1341286282966,51,0.5538178472861086,0.3780916209918814,1.9378869794531397,0.17571297148114076,0.6701570680628273,301.3564596279388,8.371142505125718
hybrid,prewarm,1,525.1341286282966,36,0.6568313021167415,0.22905310049907257,0.7974755658310926,0.2193713919178961,0.6549707602339181,301.3564596279388,8.371142505125718
hybrid,prewarm,1,530.1341286282966,45,0.6564156945917285,0.2319999999999709,0.9712188012863591,0.12778366914103922,0.5311203319502075,301.3564596279388,8.371142505125718
hybrid,prewarm,1,535.1341286282966,50,0.6370582617000955,0.2759111665912428,1.216237579044758,0.19436485195797518,0.7076167076167076,301.3564596279388,8.371142505125718
hybrid,prewarm,1,540.1341286282966,49,0.6695402298850575,0.49203318034835775,1.3868546019954548,0.22126436781609196,0.7402597402597403,301.3564596279388,8.371142505125718
hybrid,prewarm,1,545.1341286282966,42,0.59392575928009,0.24301577297086396,0.962685479494282,0.17266591676040494,0.5211726384364821,301.3564596279388,8.371142505125718
hybrid,prewarm,1,550.1341286282966,32,0.600598354525056,0.25721920663590936,0.9245067629685595,0.16978309648466716,0.5638766519823789,301.3564596279388,8.371142505125718
hybrid,prewarm,1,555.1341286282966,44,0.6857923497267759,0.20800000000002683,0.7844709913820532,0.22404371584699453,0.7024390243902439,301.3564596279388,8.371142505125718
hybrid,prewarm,1,560.1341286282966,50,0.6776859504132231,0.2172167081449743,1.0392820936459086,0.18716577540106952,0.6649350649350649,301.3564596279388,8.371142505125718
hybrid,prewarm,1,565.1341286282966,33,0.7523879500367376,0.18399999999996908,0.6973072222129713,0.12858192505510654,0.7314285714285714,301.3564596279388,8.371142505125718
hybrid,prewarm,1,570.1341286282966,36,0.6109303838646715,0.22617337853517938,0.9368340482681216,0.24593363695510737,0.7619047619047619,301.3564596279388,8.371142505125718
hybrid,prewarm,1,575.1341286282966,38,0.6875,0.16955457413587283,0.7345599999999664,0.20377604166666666,0.7156549520766773,301.3564596279388,8.371142505125718
hybrid,prewarm,1,580.1341286282966,42,0.6269487750556793,0.2619689771717617,0.7981424618740082,0.21993318485523386,0.6632911392405063,301.3564596279388,8.371142505125718
hybrid,prewarm,1,585.1341286282966,37,0.5922144224633057,0.20000000000004547,0.8385878391226925,0.13784301212507977,0.5925925925925926,301.3564596279388,8.371142505125718
hybrid,prewarm,1,590.1341286282966,40,0.6962699822380106,0.2228669772421199,0.7051422318622257,0.19182948490230906,0.691358024691358,301.3564596279388,8.371142505125718
hybrid,prewarm,1,595.1341286282966,50,0.6446043165467625,0.2215841000245291,0.8868073899653859,0.15827338129496402,0.48484848484848486,301.3564596279388,8.371142505125718
hybrid,prewarm,1,600.1341286282966,41,0.6330005871990605,0.2480000000000473,0.8192677667790804,0.12272460364063417,0.6124401913875598,301.3564596279388,8.371142505125718
hybrid,prewarm,1,605.1341286282966,34,0.6246397694524496,0.17765938129633696,0.8886028361347826,0.21181556195965417,0.54421768707483,301.3564596279388,8.371142505125718
hybrid,prewarm,1,610.1341286282966,39,0.6559006211180124,0.21600000000000819,0.7059200000000032,0.15031055900621118,0.5289256198347108,301.3564596279388,8.371142505125718
hybrid,prewarm,1,615.1341286282966,34,0.7039106145251397,0.21600000000000819,0.7605363985282271,0.21089385474860337,0.7119205298013245,301.3564596279388,8.371142505125718
hybrid,prewarm,1,620.1341286282966,33,0.700218818380744,0.20627943326758214,0.6704000000000132,0.28081692195477753,0.7480519480519481,301.3564596279388,8.371142505125718
hybrid,prewarm,1,625.1341286282966,41,0.6325581395348837,0.23763903873282288,0.8868704208391366,0.20174418604651162,0.6455331412103746,301.3564596279388,8.371142505125718
hybrid,prewarm,1,630.1341286282966,41,0.6415094339622641,0.2480000000000473,0.9352979088612077,0.15271226415094338,0.7413127413127413,301.3564596279388,8.371142505125718
hybrid,prewarm,1,635.1341286282966,55,0.686421937195931,0.21431043737641176,1.1472555270979774,0.20168067226890757,0.6096491228070176,301.3564596279388,8.371142505125718
hybrid,prewarm,1,640.1341286282966,37,0.536241180243746,0.5246996082269106,0.8438046756243739,0.1334188582424631,0.46153846153846156,301.3564596279388,8.371142505125718
hybrid,prewarm,1,645.1341286282966,32,0.6134969325153374,0.18070913699574476,0.7561599999999646,0.19401840490797545,0.6324110671936759,301.3564596279388,8.371142505125718
hybrid,prewarm,1,650.1341286282966,42,0.6274509803921569,0.23815678855811484,1.088711249551624,0.13893557422969188,0.7741935483870968,301.3564596279388,8.371142505125718
hybrid,prewarm,1,655.1341286282966,38,0.6637168141592921,0.24020106607889602,0.7199577093710082,0.20101137800252844,0.7044025157232704,301.3564596279388,8.371142505125718
hybrid,prewarm,1,660.1341286282966,46,0.6888774987186058,0.24922505287236163,1.0245883279404033,0.19579702716555614,0.7539267015706806,301.3564596279388,8.371142505125718
hybrid,prewarm,1,665.1341286282966,45,0.5914376321353065,0.2954075373536398,1.406722893629158,0.21934460887949261,0.6939759036144578,301.3564596279388,8.371142505125718
hybrid,prewarm,1,670.1341286282966,39,0.6302021403091558,0.23630028743207276,0.7830305491426861,0.2497027348394768,0.7619047619047619,301.3564596279388,8.371142505125718
hybrid,prewarm,1,675.1341286282966,39,0.5486453201970444,0.46578053469932,1.020712552183636,0.1828817733990148,0.5387205387205387,301.3564596279388,8.371142505125718
hybrid,prewarm,1,680.1341286282966,33,0.6174981923355025,0.25968151746155854,1.3272480298982237,0.18655097613882862,0.6201550387596899,301.3564596279388,8.371142505125718
hybrid,prewarm,1,685.1341286282966,43,0.6304467733039162,0.20842539955970096,0.8517231531864421,0.21014892443463873,0.5039370078740157,301.3564596279388,8.371142505125718
hybrid,prewarm,1,690.1341286282966,44,0.6108165429480382,0.24579201435955156,1.6683788142994094,0.16436903499469777,0.5161290322580645,301.3564596279388,8.371142505125718
hybrid,prewarm,1,695.1341286282966,29,0.6295054484492875,0.2535230305154528,1.0201976829458226,0.16848281642917015,0.6368159203980099,301.3564596279388,8.371142505125718
hybrid,prewarm,1,700.1341286282966,38,0.5876923076923077,0.24690762463092142,0.7726222576343083,0.21107692307692308,0.5451895043731778,301.3564596279388,8.371142505125718
hybrid,prewarm,1,705.1341286282966,33,0.5477888730385164,0.3465249562709687,0.92153865720682,0.15477888730385164,0.4423963133640553,301.3564596279388,8.371142505125718
hybrid,prewarm,1,710.1341286282966,51,0.6420905272981802,0.3381946397137199,0.9567047183504656,0.17498833411105927,0.5973333333333334,301.3564596279388,8.371142505125718
hybrid,prewarm,1,715.1341286282966,43,0.6637217007178354,0.2480000000000473,1.1969250089091996,0.23578133627829928,0.5667447306791569,301.3564596279388,8.371142505125718
hybrid,prewarm,1,720.1341286282966,43,0.6021029330381849,0.2729237885363318,1.0789490242400026,0.21029330381848368,0.5894736842105263,301.3564596279388,8.371142505125718
hybrid,prewarm,1,725.1341286282966,36,0.7019294743845642,0.2100208656837026,1.080055277510354,0.20825016633399868,0.7156549520766773,301.3564596279388,8.371142505125718
hybrid,prewarm,1,730.1341286282966,28,0.6422338568935427,0.16800000000000637,0.7396800000000076,0.17102966841186737,0.4897959183673469,301.3564596279388,8.371142505125718
hybrid,prewarm,1,735.1341286282966,39,0.6309963099630996,0.20000000000004547,0.865351723930687,0.24108241082410825,0.6581632653061225,301.3564596279388,8.371142505125718
hybrid,prewarm,1,740.1341286282966,39,0.6687078995713411,0.20881808836247728,0.7228457459110745,0.17758726270667483,0.5517241379310345,301.3564596279388,8.371142505125718
hybrid,prewarm,1,745.1341286282966,48,0.6804733727810651,0.23643874169079027,1.2269354897152664,0.21992110453648916,0.7892376681614349,301.3564596279388,8.371142505125718
hybrid,prewarm,1,750.1341286282966,33,0.6019690576652602,0.30184233123566173,1.3106036507518366,0.14627285513361463,0.6153846153846154,301.3564596279388,8.371142505125718
hybrid,prewarm,2,0.01623264200049831,44,0.4978540772532189,0.7764783738687144,1.889146110074805,0.0,nan,296.93566534318944,8.371142505125718
hybrid,prewarm,2,5.016232642000499,34,0.6498599439775911,0.365358749003176,0.992305490211985,0.0,nan,296.93566534318944,8.371142505125718
hybrid,prewarm,2,10.0162326420005,48,0.6046742913973148,0.37621901937945257,1.336802969277335,0.0,nan,296.93566534318944,8.371142505125718
hybrid,prewarm,2,15.0162326420005,50,0.6862003780718336,0.4094694707486308,1.2508402374627108,0.0,nan,296.93566534318944,8.371142505125718
hybrid,prewarm,2,20.0162326420005,37,0.6423076923076924,0.235486716603738,0.7602588853628172,0.0,nan,296.93566534318944,8.371142505125718
hybrid,prewarm,2,25.0162326420005,41,0.6392045454545454,0.25835281672808463,1.5752729241987167,0.0,nan,296.93566534318944,8.371142505125718
hybrid,prewarm,2,30.0162326420005,41,0.6711764705882353,0.23651002326406,1.0441545969285901,0.0,nan,296.93566534318944,8.371142505125718
hybrid,prewarm,2,35.0162326420005,40,0.5963029218843172,0.2759652947856921,1.4510954751031728,0.0,nan,296.93566534318944,8.371142505125718
hybrid,prewarm,2,40.0162326420005,43,0.7090095131505316,0.35650633135237797,1.1247656957181147,0.0,nan,296.93566534318944,8.371142505125718
hybrid,prewarm,2,45.0162326420005,28,0.6546080964685616,0.21600000000000108,0.9609050214952637,0.0,nan,296.93566534318944,8.371142505125718
hybrid,prewarm,2,50.0162326420005,47,0.6879143294237634,0.21311197191455022,0.8330734870429494,0.0,nan,296.93566534318944,8.371142505125718
hybrid,prewarm,2,55.0162326420005,31,0.5873715124816447,0.27321349518828697,0.9543135610893427,0.0,nan,296.93566534318944,8.371142505125718
hybrid,prewarm,2,60.0162326420005,38,0.64,0.24426136635528906,1.4236182596279379,0.0,nan,296.93566534318944,8.371142505125718
hybrid,prewarm,2,65.0162326420005,42,0.5969125214408233,0.47149536493544986,1.3115732326859857,0.0,nan,296.93566534318944,8.371142505125718
hybrid,prewarm,2,70.0162326420005,39,0.6396341463414634,0.26714446280676896,1.5080620361775903,0.0,nan,296.93566534318944,8.371142505125718
hybrid,prewarm,2,75.0162326420005,39,0.6442953020134228,0.23199999999999932,1.4781960990908196,0.0,nan,296.93566534318944,8.371142505125718
hybrid,prewarm,2,80.0162326420005,36,0.605814739688979,0.23131585103963914,2.424527380597733,0.0,nan,296.93566534318944,8.371142505125718
hybrid,prewarm,2,85.0162326420005,50,0.6196642685851319,0.3990368071441779,1.435815065770089,0.0,nan,296.93566534318944,8.371142505125718
hybrid,prewarm,2,90.0162326420005,40,0.6108171663727219,0.3506069817639812,1.2847242758097666,0.0,nan,296.93566534318944,8.371142505125718
hybrid,prewarm,2,95.0162326420005,44,0.6162104133118625,0.2887260952976973,2.5357670184481735,0.0,nan,296.93566534318944,8.371142505125718
hybrid,prewarm,2,100.0162326420005,44,0.6602254428341385,0.2694937848955945,1.4296630736233293,0.0,nan,296.93566534318944,8.371142505125718
hybrid,prewarm,2,105.0162326420005,41,0.6968115942028985,0.23199999999999932,0.8591849386154252,0.0,nan,296.93566534318944,8.371142505125718
hybrid,prewarm,2,110.0162326420005,50,0.6836104513064133,0.2623327550797825,1.3358209891756057,0.0,nan,296.93566534318944,8.371142505125718
hybrid,prewarm,2,115.0162326420005,44,0.6763754045307443,0.3464063013187584,1.020802145704406,0.0,nan,296.93566534318944,8.371142505125718
hybrid,prewarm,2,120.0162326420005,40,0.6215420835785757,0.25823446247145654,0.9687257026432093,0.0,nan,296.93566534318944,8.371142505125718
hybrid,prewarm,2,125.0162326420005,46,0.6533055700156168,0.28584395995959255,0.8763373166971898,0.0,nan,296.93566534318944,8.371142505125718
hybrid,prewarm,2,130.0162326420005,29,0.6744186046511628,0.23806995336005343,0.8190758849613166,0.0,nan,296.93566534318944,8.371142505125718
hybrid,prewarm,2,135.0162326420005,41,0.6522481502561184,0.20984732108522053,1.3285908742501022,0.0,nan,296.93566534318944,8.371142505125718
hybrid,prewarm,2,140.0162326420005,60,0.6226185650587759,0.2841317322447168,2.989112616900202,0.0,nan,296.93566534318944,8.371142505125718
hybrid,prewarm,2,145.0162326420005,24,0.6484295845997974,0.2774666858562682,2.4694308137462606,0.0,nan,296.93566534318944,8.371142505125718
hybrid,prewarm,2,150.0162326420005,41,0.6817116060961314,0.2024838162039373,0.8794280191444956,0.0,nan,296.93566534318944,8.371142505125718
hybrid,prewarm,2,155.0162326420005,34,0.6744350282485876,0.2061200895924742,0.7462512861760401,0.0,nan,296.93566534318944,8.371142505125718
hybrid,prewarm,2,160.0162326420005,44,0.6264274061990212,0.35862867232954443,0.8795452751502928,0.0,nan,296.93566534318944,8.371142505125718
hybrid,prewarm,2,165.0162326420005,37,0.6213592233009708,0.2676536287088993,1.0784095105463065,0.0,nan,296.93566534318944,8.371142505125718
hybrid,prewarm,2,170.0162326420005,41,0.6713286713286714,0.2068915500856292,0.7568000000000098,0.0,nan,296.93566534318944,8.371142505125718
hybrid,prewarm,2,175.0162326420005,45,0.6715846994535519,0.23908516412782888,1.056276217210041,0.0,nan,296.93566534318944,8.371142505125718
hybrid,prewarm,2,180.0162326420005,35,0.5995962314939435,0.2951710676532855,1.0489168443728376,0.0,nan,296.93566534318944,8.371142505125718
hybrid,prewarm,2,185.0162326420005,46,0.6998982706002035,0.24471459970163778,1.359655551917889,0.0,nan,296.93566534318944,8.371142505125718
hybrid,prewarm,2,190.0162326420005,41,0.6460023174971031,0.2741547398512125,1.0629542294734735,0.0,nan,296.93566534318944,8.371142505125718
hybrid,prewarm,2,195.0162326420005,36,0.6644340254521098,0.20990230538288301,0.7681909699530733,0.0,nan,296.93566534318944,8.371142505125718
hybrid,prewarm,2,200.0162326420005,41,0.6538237011091652,0.23816776023625152,1.2742139511231874,0.0,nan,296.93566534318944,8.371142505125718
hybrid,prewarm,2,205.0162326420005,42,0.6150770988006853,0.42946747652761985,1.4242065168412168,0.0,nan,296.93566534318944,8.371142505125718
hybrid,prewarm,2,210.0162326420005,38,0.6331658291457286,0.24562804291360862,1.250698610242476,0.0,nan,296.93566534318944,8.371142505125718
hybrid,prewarm,2,215.0162326420005,44,0.6714522363335174,0.2216973942198024,1.544881903785103,0.0,nan,296.93566534318944,8.371142505125718
hybrid,prewarm,2,220.0162326420005,53,0.6720575022461814,0.37751129511460135,1.6521044456604057,0.0,nan,296.93566534318944,8.371142505125718
hybrid,prewarm,2,225.0162326420005,46,0.6230610134436402,0.39920443062116817,1.4780282763659585,0.0,nan,296.93566534318944,8.371142505125718
hybrid,prewarm,2,230.0162326420005,33,0.6132008516678495,0.2977779951539219,1.0868181432066035,0.0,nan,296.93566534318944,8.371142505125718
hybrid,prewarm,2,235.0162326420005,55,0.5618843683083512,0.7599999999999909,2.2519082871168825,0.0,nan,296.93566534318944,8.371142505125718
hybrid,prewarm,2,240.0162326420005,38,0.6683544303797468,0.2727539003174684,1.145209702618129,0.0,nan,296.93566534318944,8.371142505125718
hybrid,prewarm,2,245.0162326420005,48,0.6474133601205424,0.29310777497354934,1.2240185768224352,0.0,nan,296.93566534318944,8.371142505125718
hybrid,prewarm,2,250.0162326420005,35,0.63262508567512,0.22420075198635914,1.0429345212968544,0.0,nan,296.93566534318944,8.371142505125718
hybrid,prewarm,2,255.0162326420005,41,0.6479357798165137,0.22392777112520434,1.1437087823518142,0.0,nan,296.93566534318944,8.371142505125718
hybrid,prewarm,2,260.0162326420005,40,0.5683836589698046,0.3428758388311053,0.8390658803064867,0.0,nan,296.93566534318944,8.371142505125718
hybrid,prewarm,2,265.0162326420005,37,0.6131386861313869,0.23200000000002774,1.3612128558851078,0.0,nan,296.93566534318944,8.371142505125718
hybrid,prewarm,2,270.0162326420005,59,0.6844679983693437,0.40159722212382576,2.077429759272192,0.0,nan,296.93566534318944,8.371142505125718
hybrid,prewarm,2,275.0162326420005,35,0.5747820254862508,0.39200196511552576,1.8271356533571628,0.0,nan,296.93566534318944,8.371142505125718
hybrid,prewarm,2,280.0162326420005,32,0.6050420168067226,0.2186440649165604,1.1187756128126165,0.0,nan,296.93566534318944,8.371142505125718
hybrid,prewarm,2,285.0162326420005,30,0.6339144215530903,0.1909898691692149,0.7720545258243726,0.0,nan,296.93566534318944,8.371142505125718
hybrid,prewarm,2,290.0162326420005,47,0.6435394670688789,0.25074069494831974,1.4895100190480217,0.0,nan,296.93566534318944,8.371142505125718
hybrid,prewarm,2,295.0162326420005,35,0.6425648021828103,0.20213690486866653,1.4129883895826012,0.0538881309686221,0.810126582278481,296.93566534318944,8.371142505125718
hybrid,prewarm,2,300.0162326420005,38,0.618808777429467,0.2266140638235754,0.9158429229506926,0.18557993730407524,0.6486486486486487,296.93566534318944,8.371142505125718
hybrid,prewarm,2,305.0162326420005,47,0.6966580976863753,0.23626260614480543,1.8445879051716711,0.22879177377892032,0.7910112359550562,296.93566534318944,8.371142505125718
hybrid,prewarm,2,310.0162326420005,40,0.6346153846153846,0.20269059964007852,0.7475199999999979,0.1622596153846154,0.7111111111111111,296.93566534318944,8.371142505125718
hybrid,prewarm,2,315.0162326420005,36,0.6121372031662269,0.20289425974942787,0.754400000000004,0.19722955145118734,0.6421404682274248,296.93566534318944,8.371142505125718
hybrid,prewarm,2,320.0162326420005,32,0.6332590942835932,0.2563515004028716,0.7500799999999964,0.12026726057906459,0.3950617283950617,296.93566534318944,8.371142505125718
hybrid,prewarm,2,325.0162326420005,39,0.6226303317535545,0.2263502741471939,0.7726367780672171,0.20201421800947866,0.750733137829912,296.93566534318944,8.371142505125718
hybrid,prewarm,2,330.0162326420005,44,0.6856677524429967,0.21600000000000819,0.801700322451324,0.18675352877307275,0.6424418604651163,296.93566534318944,8.371142505125718
hybrid,prewarm,2,335.0162326420005,51,0.6385487528344671,0.24420868080318314,1.0619016108598487,0.17551020408163265,0.661498708010336,296.93566534318944,8.371142505125718
hybrid,prewarm,2,340.0162326420005,35,0.6563786008230452,0.24355647551294624,0.7651200000000163,0.17352537722908093,0.6205533596837944,296.93566534318944,8.371142505125718
hybrid,prewarm,2,345.0162326420005,33,0.6436781609195402,0.19234627638485335,0.832733846037006,0.21192528735632185,0.6508474576271186,296.93566534318944,8.371142505125718
hybrid,prewarm,2,350.0162326420005,45,0.6309333333333333,0.24799999999999045,1.3514959688037615,0.19893333333333332,0.6863270777479893,296.93566534318944,8.371142505125718
hybrid,prewarm,2,355.0162326420005,48,0.718562874251497,0.21150897401966517,0.7364677886675947,0.20508982035928144,0.7785888077858881,296.93566534318944,8.371142505125718
hybrid,prewarm,2,360.0162326420005,42,0.641097424412094,0.23200000000002774,0.8421837998247902,0.1713325867861142,0.6274509803921569,296.93566534318944,8.371142505125718
hybrid,prewarm,2,365.0162326420005,38,0.6779866585809582,0.21859428448686913,0.7199018209780974,0.13826561552456035,0.5614035087719298,296.93566534318944,8.371142505125718
hybrid,prewarm,2,370.0162326420005,41,0.6037735849056604,0.26400000000001,1.0337883901886928,0.1732418524871355,0.528052805280528,296.93566534318944,8.371142505125718
hybrid,prewarm,2,375.0162326420005,48,0.6925388082123185,0.22727620599798115,0.9092060592851752,0.2213319979969955,0.7239819004524887,296.93566534318944,8.371142505125718
hybrid,prewarm,2,380.0162326420005,39,0.6308805790108565,0.2196910618482093,0.8395716197026057,0.23039806996381182,0.643979057591623,296.93566534318944,8.371142505125718
hybrid,prewarm,2,385.0162326420005,35,0.6460597826086957,0.22718284106070996,1.0383215007621536,0.08695652173913043,0.5,296.93566534318944,8.371142505125718
hybrid,prewarm,2,390.0162326420005,40,0.7041383570105003,0.16545700118606987,0.7136000000000006,0.17541692402717726,0.676056338028169,296.93566534318944,8.371142505125718
hybrid,prewarm,2,395.0162326420005,49,0.6057737813535258,0.2491477746240207,0.9481460926194495,0.2049219119734974,0.6651270207852193,296.93566534318944,8.371142505125718
hybrid,prewarm,2,400.0162326420005,36,0.6390149060272197,0.2400000000000091,0.7536805133865954,0.1678548282566429,0.6177606177606177,296.93566534318944,8.371142505125718
hybrid,prewarm,2,405.0162326420005,58,0.657562168772931,0.2763496935690739,1.4590763488556835,0.17488789237668162,0.5221445221445221,296.93566534318944,8.371142505125718
hybrid,prewarm,2,410.0162326420005,48,0.7007594936708861,0.20114196357971537,0.7647335873841252,0.23291139240506328,0.7652173913043478,296.93566534318944,8.371142505125718
hybrid,prewarm,2,415.0162326420005,35,0.6089238845144357,0.24799999999999045,0.967194035959925,0.11548556430446194,0.36363636363636365,296.93566534318944,8.371142505125718
hybrid,prewarm,2,420.0162326420005,41,0.5919075144508671,0.24799999999999045,1.1810795516907209,0.17109826589595376,0.5405405405405406,296.93566534318944,8.371142505125718
hybrid,prewarm,2,425.0162326420005,33,0.6015037593984962,0.20879768586030423,0.7681952581266955,0.18195488721804512,0.7933884297520661,296.93566534318944,8.371142505125718
hybrid,prewarm,2,430.0162326420005,37,0.6804123711340206,0.23200000000002774,0.8296136326615556,0.19265463917525774,0.7491638795986622,296.93566534318944,8.371142505125718
hybrid,prewarm,2,435.0162326420005,29,0.6013018714401953,0.21600000000000819,0.7510399999999958,0.17168429617575265,0.6350710900473934,296.93566534318944,8.371142505125718
hybrid,prewarm,2,440.0162326420005,48,0.6095238095238096,0.2656863945763348,1.1386202627315534,0.18195488721804512,0.6170798898071626,296.93566534318944,8.371142505125718
hybrid,prewarm,2,445.0162326420005,41,0.5922944220816562,0.22617565276755158,0.9629203778825516,0.15123634272570444,0.3650190114068441,296.93566534318944,8.371142505125718
hybrid,prewarm,2,450.0162326420005,49,0.6452232357177148,0.22520399008391223,1.3838798955786635,0.17810849735957754,0.6900269541778976,296.93566534318944,8.371142505125718
hybrid,prewarm,2,455.0162326420005,36,0.544973544973545,0.26946108049119744,0.9746264366836099,0.19378306878306878,0.40955631399317405,296.93566534318944,8.371142505125718
hybrid,prewarm,2,460.0162326420005,28,0.7340696686491079,0.1812844720672615,0.7555712891729826,0.10535259133389975,0.7741935483870968,296.93566534318944,8.371142505125718
hybrid,prewarm,2,465.0162326420005,42,0.6029919447640967,0.23676830973451501,1.1076282875942622,0.1720368239355581,0.5351170568561873,296.93566534318944,8.371142505125718
hybrid,prewarm,2,470.0162326420005,47,0.6310107948969578,0.24381771029464971,1.409956680534626,0.16977428851815504,0.5549132947976878,296.93566534318944,8.371142505125718
hybrid,prewarm,2,475.0162326420005,49,0.6580335731414868,0.30047152809777344,1.0519544754853265,0.1712230215827338,0.6246498599439776,296.93566534318944,8.371142505125718
hybrid,prewarm,2,480.0162326420005,34,0.6174033149171271,0.24258007143046711,0.8329743832506668,0.17058011049723756,0.6477732793522267,296.93566534318944,8.371142505125718
hybrid,prewarm,2,485.0162326420005,46,0.7284014485256078,0.21792510268087995,0.7865782609478198,0.17330574236937402,0.764179104477612,296.93566534318944,8.371142505125718
hybrid,prewarm,2,490.0162326420005,32,0.5980538922155688,0.22400000000001796,0.7440000000000282,0.1220059880239521,0.39263803680981596,296.93566534318944,8.371142505125718
hybrid,prewarm,2,495.0162326420005,34,0.6475122634898388,0.19999999999998863,0.7606959606647559,0.20392431674842326,0.7697594501718213,296.93566534318944,8.371142505125718
hybrid,prewarm,2,500.0162326420005,39,0.6554934823091247,0.18400000000002592,0.7219200000000011,0.20670391061452514,0.6726726726726727,296.93566534318944,8.371142505125718
hybrid,prewarm,2,505.0162326420005,38,0.5649432534678437,0.2560000000000002,0.8311238376417853,0.13934426229508196,0.579185520361991,296.93566534318944,8.371142505125718
hybrid,prewarm,2,510.0162326420005,37,0.6292935839274141,0.1863915319802345,0.9183647126303822,0.15554115359688916,0.4,296.93566534318944,8.371142505125718
hybrid,prewarm,2,515.0162326420004,30,0.7469782433521354,0.16947967310221657,0.5866845615607477,0.17002417405318293,0.7582938388625592,296.93566534318944,8.371142505125718
hybrid,prewarm,2,520.0162326420004,40,0.5747800586510264,0.25750362761982615,0.9009161290210727,0.17595307917888564,0.5333333333333333,296.93566534318944,8.371142505125718
hybrid,prewarm,2,525.0162326420004,36,0.6176084099868594,0.20856372957467784,0.7863335496628281,0.13206307490144548,0.7960199004975125,296.93566534318944,8.371142505125718
hybrid,prewarm,2,530.0162326420004,47,0.6947689182326053,0.20843184118757563,0.828444200809256,0.18689690198070086,0.6086956521739131,296.93566534318944,8.371142505125718
hybrid,prewarm,2,535.0162326420004,41,0.6107576633892423,0.2319999999999709,0.7943885037963355,0.1417004048582996,0.6530612244897959,296.93566534318944,8.371142505125718
hybrid,prewarm,2,540.0162326420004,51,0.6827880512091038,0.21600000000000819,0.9950117686452131,0.2242769084874348,0.8118393234672304,296.93566534318944,8.371142505125718
hybrid,prewarm,2,545.0162326420004,37,0.6284046692607004,0.21923746854145065,0.7239968324370785,0.19844357976653695,0.6274509803921569,296.93566534318944,8.371142505125718
hybrid,prewarm,2,550.0162326420004,40,0.6262996941896024,0.19986159516639646,0.9534203471113436,0.14617737003058104,0.5355648535564853,296.93566534318944,8.371142505125718
hybrid,prewarm,2,555.0162326420004,39,0.6396341463414634,0.26400000000001,0.7902986977797672,0.17865853658536585,0.5460750853242321,296.93566534318944,8.371142505125718
hybrid,prewarm,2,560.0162326420004,52,0.6935920577617328,0.24545864721693533,0.8502909535193968,0.22969314079422382,0.693516699410609,296.93566534318944,8.371142505125718
hybrid,prewarm,2,565.0162326420004,51,0.6457062412013139,0.4449230725247162,1.2683858542845314,0.17691224777099954,0.5941644562334217,296.93566534318944,8.371142505125718
hybrid,prewarm,2,570.0162326420004,35,0.6333563059958649,0.21600000000000819,0.7535870855121469,0.17643004824259131,0.625,296.93566534318944,8.371142505125718
hybrid,prewarm,2,575.0162326420004,35,0.5491289198606272,0.2319999999999709,0.7545600000000036,0.17630662020905924,0.4743083003952569,296.93566534318944,8.371142505125718
hybrid,prewarm,2,580.0162326420004,38,0.6188630490956072,0.22714930611948603,0.708566106656009,0.1582687338501292,0.5224489795918368,296.93566534318944,8.371142505125718
hybrid,prewarm,2,585.0162326420004,37,0.6321177223288548,0.21422117937754592,1.1215630158215073,0.15930902111324377,0.7550200803212851,296.93566534318944,8.371142505125718
hybrid,prewarm,2,590.0162326420004,44,0.648907831646244,0.30997656323819456,1.384381910647428,0.21044219499200853,0.6481012658227848,296.93566534318944,8.371142505125718
hybrid,prewarm,2,595.0162326420004,41,0.5836216839677048,0.26941161353420284,0.9953903803013194,0.19896193771626297,0.6144927536231884,296.93566534318944,8.371142505125718
hybrid,prewarm,2,600.0162326420004,36,0.6711772665764547,0.20000000000004547,0.7279999999999518,0.2489851150202977,0.6956521739130435,296.93566534318944,8.371142505125718
hybrid,prewarm,2,605.0162326420004,37,0.6530612244897959,0.21600000000000819,0.8733082648325854,0.19157340355497038,0.6597938144329897,296.93566534318944,8.371142505125718
hybrid,prewarm,2,610.0162326420004,40,0.6480047647409172,0.2123025644639256,0.7970634051191599,0.1756998213222156,0.6508474576271186,296.93566534318944,8.371142505125718
hybrid,prewarm,2,615.0162326420004,50,0.7203065134099617,0.21933133143926398,0.7238988481828141,0.17624521072796934,0.6956521739130435,296.93566534318944,8.371142505125718
hybrid,prewarm,2,620.0162326420004,33,0.5960841189267585,0.21884507398897313,0.7497599999999783,0.15083393763596809,0.46153846153846156,296.93566534318944,8.371142505125718
hybrid,prewarm,2,625.0162326420004,32,0.5529676934635612,0.22284905784158582,0.9670877193844661,0.16604057099924868,0.2895927601809955,296.93566534318944,8.371142505125718
hybrid,prewarm,2,630.0162326420004,41,0.5928529584065613,0.2480000000000473,1.169225520339865,0.18570591681312243,0.7034700315457413,296.93566534318944,8.371142505125718
hybrid,prewarm,2,635.0162326420004,42,0.6423357664233577,0.25695057389299336,1.0918402799233529,0.19708029197080293,0.6153846153846154,296.93566534318944,8.371142505125718
hybrid,prewarm,2,640.0162326420004,50,0.6769303647560397,0.2544354252057701,0.7749121258950341,0.1833254381809569,0.661498708010336,296.93566534318944,8.371142505125718
hybrid,prewarm,2,645.0162326420004,36,0.6690276883451385,0.2319999999999709,0.754400000000004,0.19896973599484868,0.7249190938511327,296.93566534318944,8.371142505125718
hybrid,prewarm,2,650.0162326420004,47,0.6538655886811521,0.24279811766041348,0.8222232785957407,0.15260232440626578,0.7417218543046358,296.93566534318944,8.371142505125718
hybrid,prewarm,2,655.0162326420004,43,0.6898839137645107,0.19592697128587133,0.7279999999999518,0.21006080707573244,0.6736842105263158,296.93566534318944,8.371142505125718
hybrid,prewarm,2,660.0162326420004,34,0.5617977528089888,0.227750170285276,0.7601599999999531,0.17415730337078653,0.6451612903225806,296.93566534318944,8.371142505125718
hybrid,prewarm,2,665.0162326420004,30,0.6677471636952999,0.18399999999996908,0.7667199999999753,0.16288492706645058,0.6368159203980099,296.93566534318944,8.371142505125718
hybrid,prewarm,2,670.0162326420004,38,0.6211646837820914,0.2480000000000473,0.8806489075933338,0.21102066374452097,0.6646884272997032,296.93566534318944,8.371142505125718
hybrid,prewarm,2,675.0162326420004,31,0.6262319939347991,0.21600000000000819,0.8569235207632686,0.1197877179681577,0.569620253164557,296.93566534318944,8.371142505125718
hybrid,prewarm,2,680.0162326420004,31,0.5459459459459459,0.26400000000001,0.6960000000000264,0.18764478764478765,0.5267489711934157,296.93566534318944,8.371142505125718
hybrid,prewarm,2,685.0162326420004,43,0.6648381788261108,0.24050216212981468,0.875846571409979,0.17169500822819528,0.6134185303514377,296.93566534318944,8.371142505125718
hybrid,prewarm,2,690.0162326420004,44,0.6349292709466812,0.2480000000000473,0.8870670103959537,0.17573449401523394,0.5944272445820433,296.93566534318944,8.371142505125718
hybrid,prewarm,2,695.0162326420004,30,0.7063492063492064,0.2150453318931227,0.722502533118925,0.1373015873015873,0.7052023121387283,296.93566534318944,8.371142505125718
hybrid,prewarm,2,700.0162326420004,39,0.6141732283464567,0.2319999999999709,0.747839999999976,0.20048455481526348,0.6465256797583081,296.93566534318944,8.371142505125718
hybrid,prewarm,2,705.0162326420004,51,0.6207852193995381,0.34570516714165933,1.1183024416473586,0.1976905311778291,0.5233644859813084,296.93566534318944,8.371142505125718
hybrid,prewarm,2,710.0162326420004,36,0.6101468624833111,0.2482732150529614,0.753599999999966,0.22763684913217624,0.656891495601173,296.93566534318944,8.371142505125718
hybrid,prewarm,2,715.0162326420004,35,0.5861833105335157,0.21847027315789092,0.7476972830319846,0.13337893296853626,0.49230769230769234,296.93566534318944,8.371142505125718
hybrid,prewarm,2,720.0162326420004,37,0.6684073107049608,0.2069859967566572,0.6918771329547326,0.16775456919060053,0.622568093385214,296.93566534318944,8.371142505125718
hybrid,prewarm,2,725.0162326420004,38,0.586427656850192,0.2587603795193445,0.8048918908412737,0.14980793854033292,0.5470085470085471,296.93566534318944,8.371142505125718
hybrid,prewarm,2,730.0162326420004,47,0.6828282828282828,0.20441645894413796,0.8007817456326893,0.1782828282828283,0.56657223796034,296.93566534318944,8.371142505125718
hybrid,prewarm,2,735.0162326420004,40,0.6749545178896301,0.17599999999998772,0.8335582842891347,0.22255912674348088,0.5040871934604905,296.93566534318944,8.371142505125718
hybrid,prewarm,2,740.0162326420004,18,0.72,0.2480000000000473,0.7587889584616104,0.165,0.7272727272727273,296.93566534318944,8.371142505125718
